[      91ms] [INFO] %cDownload the React DevTools for a better development experience: https://reactjs.org/link/react-devtools font-weight:bold @ http://localhost:5173/node_modules/.vite/deps/chunk-XPR23Y44.js?v=b7d368d5:21548
[     122ms] [WARNING] ⚠️ React Router Future Flag Warning: React Router will begin wrapping state updates in `React.startTransition` in v7. You can use the `v7_startTransition` future flag to opt-in early. For more information, see https://reactrouter.com/v6/upgrading/future#v7_starttransition. @ http://localhost:5173/node_modules/.vite/deps/react-router-dom.js?v=c76998c8:4414
[     122ms] [WARNING] ⚠️ React Router Future Flag Warning: Relative route resolution within Splat routes is changing in v7. You can use the `v7_relativeSplatPath` future flag to opt-in early. For more information, see https://reactrouter.com/v6/upgrading/future#v7_relativesplatpath. @ http://localhost:5173/node_modules/.vite/deps/react-router-dom.js?v=c76998c8:4414
[     150ms] [ERROR] Failed to load resource: the server responded with a status of 500 (Internal Server Error) @ http://localhost:5173/api/banners:0
[     151ms] [ERROR] Failed to load resource: the server responded with a status of 500 (Internal Server Error) @ http://localhost:5173/api/products?flash=1&limit=10:0
[     152ms] [ERROR] Failed to load resource: the server responded with a status of 500 (Internal Server Error) @ http://localhost:5173/api/products?featured=1&limit=8:0
[     152ms] [ERROR] Failed to load resource: the server responded with a status of 500 (Internal Server Error) @ http://localhost:5173/api/products?sort=newest&limit=8:0
[     152ms] [ERROR] Failed to load resource: the server responded with a status of 500 (Internal Server Error) @ http://localhost:5173/api/settings:0
[     152ms] [ERROR] Failed to load resource: the server responded with a status of 500 (Internal Server Error) @ http://localhost:5173/api/categories:0
[     152ms] [ERROR] Failed to load resource: the server responded with a status of 500 (Internal Server Error) @ http://localhost:5173/api/banners:0
[     153ms] [ERROR] Failed to load resource: the server responded with a status of 500 (Internal Server Error) @ http://localhost:5173/api/products?flash=1&limit=10:0
[     153ms] [ERROR] Failed to load resource: the server responded with a status of 500 (Internal Server Error) @ http://localhost:5173/api/products?featured=1&limit=8:0
[     153ms] [ERROR] Failed to load resource: the server responded with a status of 500 (Internal Server Error) @ http://localhost:5173/api/products?sort=newest&limit=8:0
[     154ms] [ERROR] Failed to load resource: the server responded with a status of 500 (Internal Server Error) @ http://localhost:5173/api/settings:0
[     154ms] [ERROR] Failed to load resource: the server responded with a status of 500 (Internal Server Error) @ http://localhost:5173/api/categories:0
[   40251ms] [INFO] %cDownload the React DevTools for a better development experience: https://reactjs.org/link/react-devtools font-weight:bold @ http://localhost:5173/node_modules/.vite/deps/chunk-XPR23Y44.js?v=b7d368d5:21548
[   40277ms] [WARNING] ⚠️ React Router Future Flag Warning: React Router will begin wrapping state updates in `React.startTransition` in v7. You can use the `v7_startTransition` future flag to opt-in early. For more information, see https://reactrouter.com/v6/upgrading/future#v7_starttransition. @ http://localhost:5173/node_modules/.vite/deps/react-router-dom.js?v=c76998c8:4414
[   40277ms] [WARNING] ⚠️ React Router Future Flag Warning: Relative route resolution within Splat routes is changing in v7. You can use the `v7_relativeSplatPath` future flag to opt-in early. For more information, see https://reactrouter.com/v6/upgrading/future#v7_relativesplatpath. @ http://localhost:5173/node_modules/.vite/deps/react-router-dom.js?v=c76998c8:4414
[   77665ms] [INFO] %cDownload the React DevTools for a better development experience: https://reactjs.org/link/react-devtools font-weight:bold @ http://localhost:5173/node_modules/.vite/deps/chunk-XPR23Y44.js?v=b7d368d5:21548
[   77702ms] [WARNING] ⚠️ React Router Future Flag Warning: React Router will begin wrapping state updates in `React.startTransition` in v7. You can use the `v7_startTransition` future flag to opt-in early. For more information, see https://reactrouter.com/v6/upgrading/future#v7_starttransition. @ http://localhost:5173/node_modules/.vite/deps/react-router-dom.js?v=c76998c8:4414
[   77703ms] [WARNING] ⚠️ React Router Future Flag Warning: Relative route resolution within Splat routes is changing in v7. You can use the `v7_relativeSplatPath` future flag to opt-in early. For more information, see https://reactrouter.com/v6/upgrading/future#v7_relativesplatpath. @ http://localhost:5173/node_modules/.vite/deps/react-router-dom.js?v=c76998c8:4414
[   78497ms] [INFO] %cDownload the React DevTools for a better development experience: https://reactjs.org/link/react-devtools font-weight:bold @ http://localhost:5173/node_modules/.vite/deps/chunk-XPR23Y44.js?v=b7d368d5:21548
[   78530ms] [WARNING] ⚠️ React Router Future Flag Warning: React Router will begin wrapping state updates in `React.startTransition` in v7. You can use the `v7_startTransition` future flag to opt-in early. For more information, see https://reactrouter.com/v6/upgrading/future#v7_starttransition. @ http://localhost:5173/node_modules/.vite/deps/react-router-dom.js?v=c76998c8:4414
[   78531ms] [WARNING] ⚠️ React Router Future Flag Warning: Relative route resolution within Splat routes is changing in v7. You can use the `v7_relativeSplatPath` future flag to opt-in early. For more information, see https://reactrouter.com/v6/upgrading/future#v7_relativesplatpath. @ http://localhost:5173/node_modules/.vite/deps/react-router-dom.js?v=c76998c8:4414
[   79285ms] [INFO] %cDownload the React DevTools for a better development experience: https://reactjs.org/link/react-devtools font-weight:bold @ http://localhost:5173/node_modules/.vite/deps/chunk-XPR23Y44.js?v=b7d368d5:21548
[   79316ms] [WARNING] ⚠️ React Router Future Flag Warning: React Router will begin wrapping state updates in `React.startTransition` in v7. You can use the `v7_startTransition` future flag to opt-in early. For more information, see https://reactrouter.com/v6/upgrading/future#v7_starttransition. @ http://localhost:5173/node_modules/.vite/deps/react-router-dom.js?v=c76998c8:4414
[   79316ms] [WARNING] ⚠️ React Router Future Flag Warning: Relative route resolution within Splat routes is changing in v7. You can use the `v7_relativeSplatPath` future flag to opt-in early. For more information, see https://reactrouter.com/v6/upgrading/future#v7_relativesplatpath. @ http://localhost:5173/node_modules/.vite/deps/react-router-dom.js?v=c76998c8:4414
[   80110ms] [INFO] %cDownload the React DevTools for a better development experience: https://reactjs.org/link/react-devtools font-weight:bold @ http://localhost:5173/node_modules/.vite/deps/chunk-XPR23Y44.js?v=b7d368d5:21548
[   80152ms] [WARNING] ⚠️ React Router Future Flag Warning: React Router will begin wrapping state updates in `React.startTransition` in v7. You can use the `v7_startTransition` future flag to opt-in early. For more information, see https://reactrouter.com/v6/upgrading/future#v7_starttransition. @ http://localhost:5173/node_modules/.vite/deps/react-router-dom.js?v=c76998c8:4414
[   80152ms] [WARNING] ⚠️ React Router Future Flag Warning: Relative route resolution within Splat routes is changing in v7. You can use the `v7_relativeSplatPath` future flag to opt-in early. For more information, see https://reactrouter.com/v6/upgrading/future#v7_relativesplatpath. @ http://localhost:5173/node_modules/.vite/deps/react-router-dom.js?v=c76998c8:4414
[   80958ms] [INFO] %cDownload the React DevTools for a better development experience: https://reactjs.org/link/react-devtools font-weight:bold @ http://localhost:5173/node_modules/.vite/deps/chunk-XPR23Y44.js?v=b7d368d5:21548
[   80980ms] [WARNING] ⚠️ React Router Future Flag Warning: React Router will begin wrapping state updates in `React.startTransition` in v7. You can use the `v7_startTransition` future flag to opt-in early. For more information, see https://reactrouter.com/v6/upgrading/future#v7_starttransition. @ http://localhost:5173/node_modules/.vite/deps/react-router-dom.js?v=c76998c8:4414
[   80981ms] [WARNING] ⚠️ React Router Future Flag Warning: Relative route resolution within Splat routes is changing in v7. You can use the `v7_relativeSplatPath` future flag to opt-in early. For more information, see https://reactrouter.com/v6/upgrading/future#v7_relativesplatpath. @ http://localhost:5173/node_modules/.vite/deps/react-router-dom.js?v=c76998c8:4414
[   81877ms] [INFO] %cDownload the React DevTools for a better development experience: https://reactjs.org/link/react-devtools font-weight:bold @ http://localhost:5173/node_modules/.vite/deps/chunk-XPR23Y44.js?v=b7d368d5:21548
[   81902ms] [WARNING] ⚠️ React Router Future Flag Warning: React Router will begin wrapping state updates in `React.startTransition` in v7. You can use the `v7_startTransition` future flag to opt-in early. For more information, see https://reactrouter.com/v6/upgrading/future#v7_starttransition. @ http://localhost:5173/node_modules/.vite/deps/react-router-dom.js?v=c76998c8:4414
[   81902ms] [WARNING] ⚠️ React Router Future Flag Warning: Relative route resolution within Splat routes is changing in v7. You can use the `v7_relativeSplatPath` future flag to opt-in early. For more information, see https://reactrouter.com/v6/upgrading/future#v7_relativesplatpath. @ http://localhost:5173/node_modules/.vite/deps/react-router-dom.js?v=c76998c8:4414
[34923765ms] [ERROR] Failed to load resource: the server responded with a status of 500 (Internal Server Error) @ http://localhost:5173/src/App.jsx?t=1790866264265:0
[34923768ms] [ERROR] [hmr] Failed to reload /src/App.jsx. This could be due to syntax errors or importing non-existent modules. (see errors above) @ http://localhost:5173/@vite/client:175
[34924273ms] [INFO] %cDownload the React DevTools for a better development experience: https://reactjs.org/link/react-devtools font-weight:bold @ http://localhost:5173/node_modules/.vite/deps/chunk-XPR23Y44.js?v=b7d368d5:21548
[34924435ms] [WARNING] ⚠️ React Router Future Flag Warning: React Router will begin wrapping state updates in `React.startTransition` in v7. You can use the `v7_startTransition` future flag to opt-in early. For more information, see https://reactrouter.com/v6/upgrading/future#v7_starttransition. @ http://localhost:5173/node_modules/.vite/deps/react-router-dom.js?v=c76998c8:4414
[34924436ms] [WARNING] ⚠️ React Router Future Flag Warning: Relative route resolution within Splat routes is changing in v7. You can use the `v7_relativeSplatPath` future flag to opt-in early. For more information, see https://reactrouter.com/v6/upgrading/future#v7_relativesplatpath. @ http://localhost:5173/node_modules/.vite/deps/react-router-dom.js?v=c76998c8:4414
[34924446ms] [ERROR] Failed to load resource: the server responded with a status of 500 (Internal Server Error) @ http://localhost:5173/api/banners:0
[34924453ms] [ERROR] Failed to load resource: the server responded with a status of 500 (Internal Server Error) @ http://localhost:5173/api/products?flash=1&limit=10:0
[34924455ms] [ERROR] Failed to load resource: the server responded with a status of 500 (Internal Server Error) @ http://localhost:5173/api/products?featured=1&limit=8:0
[34924494ms] [ERROR] Failed to load resource: the server responded with a status of 500 (Internal Server Error) @ http://localhost:5173/api/products?sort=newest&limit=8:0
[34924495ms] [ERROR] Failed to load resource: the server responded with a status of 500 (Internal Server Error) @ http://localhost:5173/api/settings:0
[34924496ms] [ERROR] Failed to load resource: the server responded with a status of 500 (Internal Server Error) @ http://localhost:5173/api/categories:0
[34924497ms] [ERROR] Failed to load resource: the server responded with a status of 500 (Internal Server Error) @ http://localhost:5173/api/banners:0
[34924499ms] [ERROR] Failed to load resource: the server responded with a status of 500 (Internal Server Error) @ http://localhost:5173/api/products?flash=1&limit=10:0
[34924499ms] [ERROR] Failed to load resource: the server responded with a status of 500 (Internal Server Error) @ http://localhost:5173/api/products?featured=1&limit=8:0
[34924503ms] [ERROR] Failed to load resource: the server responded with a status of 500 (Internal Server Error) @ http://localhost:5173/api/products?sort=newest&limit=8:0
[34924513ms] [ERROR] Failed to load resource: the server responded with a status of 500 (Internal Server Error) @ http://localhost:5173/api/settings:0
[34924518ms] [ERROR] Failed to load resource: the server responded with a status of 500 (Internal Server Error) @ http://localhost:5173/api/categories:0
[34934113ms] [INFO] %cDownload the React DevTools for a better development experience: https://reactjs.org/link/react-devtools font-weight:bold @ http://localhost:5173/node_modules/.vite/deps/chunk-XPR23Y44.js?v=b7d368d5:21548
[34934153ms] [WARNING] ⚠️ React Router Future Flag Warning: React Router will begin wrapping state updates in `React.startTransition` in v7. You can use the `v7_startTransition` future flag to opt-in early. For more information, see https://reactrouter.com/v6/upgrading/future#v7_starttransition. @ http://localhost:5173/node_modules/.vite/deps/react-router-dom.js?v=c76998c8:4414
[34934153ms] [WARNING] ⚠️ React Router Future Flag Warning: Relative route resolution within Splat routes is changing in v7. You can use the `v7_relativeSplatPath` future flag to opt-in early. For more information, see https://reactrouter.com/v6/upgrading/future#v7_relativesplatpath. @ http://localhost:5173/node_modules/.vite/deps/react-router-dom.js?v=c76998c8:4414
[34934160ms] [ERROR] Failed to load resource: the server responded with a status of 500 (Internal Server Error) @ http://localhost:5173/api/settings:0
[34934161ms] [ERROR] Failed to load resource: the server responded with a status of 500 (Internal Server Error) @ http://localhost:5173/api/categories:0
[34934165ms] [ERROR] Failed to load resource: the server responded with a status of 500 (Internal Server Error) @ http://localhost:5173/api/settings:0
[34934165ms] [ERROR] Failed to load resource: the server responded with a status of 500 (Internal Server Error) @ http://localhost:5173/api/categories:0
[34935014ms] [INFO] %cDownload the React DevTools for a better development experience: https://reactjs.org/link/react-devtools font-weight:bold @ http://localhost:5173/node_modules/.vite/deps/chunk-XPR23Y44.js?v=b7d368d5:21548
[34935039ms] [WARNING] ⚠️ React Router Future Flag Warning: React Router will begin wrapping state updates in `React.startTransition` in v7. You can use the `v7_startTransition` future flag to opt-in early. For more information, see https://reactrouter.com/v6/upgrading/future#v7_starttransition. @ http://localhost:5173/node_modules/.vite/deps/react-router-dom.js?v=c76998c8:4414
[34935040ms] [WARNING] ⚠️ React Router Future Flag Warning: Relative route resolution within Splat routes is changing in v7. You can use the `v7_relativeSplatPath` future flag to opt-in early. For more information, see https://reactrouter.com/v6/upgrading/future#v7_relativesplatpath. @ http://localhost:5173/node_modules/.vite/deps/react-router-dom.js?v=c76998c8:4414
[34935046ms] [ERROR] Failed to load resource: the server responded with a status of 500 (Internal Server Error) @ http://localhost:5173/api/settings:0
[34935047ms] [ERROR] Failed to load resource: the server responded with a status of 500 (Internal Server Error) @ http://localhost:5173/api/categories:0
[34935051ms] [ERROR] Failed to load resource: the server responded with a status of 500 (Internal Server Error) @ http://localhost:5173/api/settings:0
[34935063ms] [ERROR] Failed to load resource: the server responded with a status of 500 (Internal Server Error) @ http://localhost:5173/api/categories:0
[34935908ms] [INFO] %cDownload the React DevTools for a better development experience: https://reactjs.org/link/react-devtools font-weight:bold @ http://localhost:5173/node_modules/.vite/deps/chunk-XPR23Y44.js?v=b7d368d5:21548
[34935933ms] [WARNING] ⚠️ React Router Future Flag Warning: React Router will begin wrapping state updates in `React.startTransition` in v7. You can use the `v7_startTransition` future flag to opt-in early. For more information, see https://reactrouter.com/v6/upgrading/future#v7_starttransition. @ http://localhost:5173/node_modules/.vite/deps/react-router-dom.js?v=c76998c8:4414
[34935933ms] [WARNING] ⚠️ React Router Future Flag Warning: Relative route resolution within Splat routes is changing in v7. You can use the `v7_relativeSplatPath` future flag to opt-in early. For more information, see https://reactrouter.com/v6/upgrading/future#v7_relativesplatpath. @ http://localhost:5173/node_modules/.vite/deps/react-router-dom.js?v=c76998c8:4414
[34935940ms] [ERROR] Failed to load resource: the server responded with a status of 500 (Internal Server Error) @ http://localhost:5173/api/settings:0
[34935941ms] [ERROR] Failed to load resource: the server responded with a status of 500 (Internal Server Error) @ http://localhost:5173/api/categories:0
[34935943ms] [ERROR] Failed to load resource: the server responded with a status of 500 (Internal Server Error) @ http://localhost:5173/api/settings:0
[34935943ms] [ERROR] Failed to load resource: the server responded with a status of 500 (Internal Server Error) @ http://localhost:5173/api/categories:0
[34936789ms] [INFO] %cDownload the React DevTools for a better development experience: https://reactjs.org/link/react-devtools font-weight:bold @ http://localhost:5173/node_modules/.vite/deps/chunk-XPR23Y44.js?v=b7d368d5:21548
[34936824ms] [WARNING] ⚠️ React Router Future Flag Warning: React Router will begin wrapping state updates in `React.startTransition` in v7. You can use the `v7_startTransition` future flag to opt-in early. For more information, see https://reactrouter.com/v6/upgrading/future#v7_starttransition. @ http://localhost:5173/node_modules/.vite/deps/react-router-dom.js?v=c76998c8:4414
[34936824ms] [WARNING] ⚠️ React Router Future Flag Warning: Relative route resolution within Splat routes is changing in v7. You can use the `v7_relativeSplatPath` future flag to opt-in early. For more information, see https://reactrouter.com/v6/upgrading/future#v7_relativesplatpath. @ http://localhost:5173/node_modules/.vite/deps/react-router-dom.js?v=c76998c8:4414
[34936831ms] [ERROR] Failed to load resource: the server responded with a status of 500 (Internal Server Error) @ http://localhost:5173/api/settings:0
[34936831ms] [ERROR] Failed to load resource: the server responded with a status of 500 (Internal Server Error) @ http://localhost:5173/api/categories:0
[34936834ms] [ERROR] Failed to load resource: the server responded with a status of 500 (Internal Server Error) @ http://localhost:5173/api/settings:0
[34936834ms] [ERROR] Failed to load resource: the server responded with a status of 500 (Internal Server Error) @ http://localhost:5173/api/categories:0
[34937693ms] [INFO] %cDownload the React DevTools for a better development experience: https://reactjs.org/link/react-devtools font-weight:bold @ http://localhost:5173/node_modules/.vite/deps/chunk-XPR23Y44.js?v=b7d368d5:21548
[34937717ms] [WARNING] ⚠️ React Router Future Flag Warning: React Router will begin wrapping state updates in `React.startTransition` in v7. You can use the `v7_startTransition` future flag to opt-in early. For more information, see https://reactrouter.com/v6/upgrading/future#v7_starttransition. @ http://localhost:5173/node_modules/.vite/deps/react-router-dom.js?v=c76998c8:4414
[34937717ms] [WARNING] ⚠️ React Router Future Flag Warning: Relative route resolution within Splat routes is changing in v7. You can use the `v7_relativeSplatPath` future flag to opt-in early. For more information, see https://reactrouter.com/v6/upgrading/future#v7_relativesplatpath. @ http://localhost:5173/node_modules/.vite/deps/react-router-dom.js?v=c76998c8:4414
[34937724ms] [ERROR] Failed to load resource: the server responded with a status of 500 (Internal Server Error) @ http://localhost:5173/api/settings:0
[34937725ms] [ERROR] Failed to load resource: the server responded with a status of 500 (Internal Server Error) @ http://localhost:5173/api/categories:0
[34937728ms] [ERROR] Failed to load resource: the server responded with a status of 500 (Internal Server Error) @ http://localhost:5173/api/settings:0
[34937728ms] [ERROR] Failed to load resource: the server responded with a status of 500 (Internal Server Error) @ http://localhost:5173/api/categories:0
[34938620ms] [INFO] %cDownload the React DevTools for a better development experience: https://reactjs.org/link/react-devtools font-weight:bold @ http://localhost:5173/node_modules/.vite/deps/chunk-XPR23Y44.js?v=b7d368d5:21548
[34938644ms] [WARNING] ⚠️ React Router Future Flag Warning: React Router will begin wrapping state updates in `React.startTransition` in v7. You can use the `v7_startTransition` future flag to opt-in early. For more information, see https://reactrouter.com/v6/upgrading/future#v7_starttransition. @ http://localhost:5173/node_modules/.vite/deps/react-router-dom.js?v=c76998c8:4414
[34938644ms] [WARNING] ⚠️ React Router Future Flag Warning: Relative route resolution within Splat routes is changing in v7. You can use the `v7_relativeSplatPath` future flag to opt-in early. For more information, see https://reactrouter.com/v6/upgrading/future#v7_relativesplatpath. @ http://localhost:5173/node_modules/.vite/deps/react-router-dom.js?v=c76998c8:4414
[34938653ms] [ERROR] Failed to load resource: the server responded with a status of 500 (Internal Server Error) @ http://localhost:5173/api/settings:0
[34938653ms] [ERROR] Failed to load resource: the server responded with a status of 500 (Internal Server Error) @ http://localhost:5173/api/categories:0
[34938654ms] [ERROR] Failed to load resource: the server responded with a status of 500 (Internal Server Error) @ http://localhost:5173/api/settings:0
[34938655ms] [ERROR] Failed to load resource: the server responded with a status of 500 (Internal Server Error) @ http://localhost:5173/api/categories:0
[34939514ms] [INFO] %cDownload the React DevTools for a better development experience: https://reactjs.org/link/react-devtools font-weight:bold @ http://localhost:5173/node_modules/.vite/deps/chunk-XPR23Y44.js?v=b7d368d5:21548
[34939547ms] [WARNING] ⚠️ React Router Future Flag Warning: React Router will begin wrapping state updates in `React.startTransition` in v7. You can use the `v7_startTransition` future flag to opt-in early. For more information, see https://reactrouter.com/v6/upgrading/future#v7_starttransition. @ http://localhost:5173/node_modules/.vite/deps/react-router-dom.js?v=c76998c8:4414
[34939547ms] [WARNING] ⚠️ React Router Future Flag Warning: Relative route resolution within Splat routes is changing in v7. You can use the `v7_relativeSplatPath` future flag to opt-in early. For more information, see https://reactrouter.com/v6/upgrading/future#v7_relativesplatpath. @ http://localhost:5173/node_modules/.vite/deps/react-router-dom.js?v=c76998c8:4414
[34939555ms] [ERROR] Failed to load resource: the server responded with a status of 500 (Internal Server Error) @ http://localhost:5173/api/settings:0
[34939557ms] [ERROR] Failed to load resource: the server responded with a status of 500 (Internal Server Error) @ http://localhost:5173/api/categories:0
[34939558ms] [ERROR] Failed to load resource: the server responded with a status of 500 (Internal Server Error) @ http://localhost:5173/api/settings:0
[34939560ms] [ERROR] Failed to load resource: the server responded with a status of 500 (Internal Server Error) @ http://localhost:5173/api/categories:0
[34940406ms] [INFO] %cDownload the React DevTools for a better development experience: https://reactjs.org/link/react-devtools font-weight:bold @ http://localhost:5173/node_modules/.vite/deps/chunk-XPR23Y44.js?v=b7d368d5:21548
[34940429ms] [WARNING] ⚠️ React Router Future Flag Warning: React Router will begin wrapping state updates in `React.startTransition` in v7. You can use the `v7_startTransition` future flag to opt-in early. For more information, see https://reactrouter.com/v6/upgrading/future#v7_starttransition. @ http://localhost:5173/node_modules/.vite/deps/react-router-dom.js?v=c76998c8:4414
[34940429ms] [WARNING] ⚠️ React Router Future Flag Warning: Relative route resolution within Splat routes is changing in v7. You can use the `v7_relativeSplatPath` future flag to opt-in early. For more information, see https://reactrouter.com/v6/upgrading/future#v7_relativesplatpath. @ http://localhost:5173/node_modules/.vite/deps/react-router-dom.js?v=c76998c8:4414
[34940437ms] [ERROR] Failed to load resource: the server responded with a status of 500 (Internal Server Error) @ http://localhost:5173/api/settings:0
[34940437ms] [ERROR] Failed to load resource: the server responded with a status of 500 (Internal Server Error) @ http://localhost:5173/api/categories:0
[34940441ms] [ERROR] Failed to load resource: the server responded with a status of 500 (Internal Server Error) @ http://localhost:5173/api/settings:0
[34940441ms] [ERROR] Failed to load resource: the server responded with a status of 500 (Internal Server Error) @ http://localhost:5173/api/categories:0
[35674501ms] [INFO] %cDownload the React DevTools for a better development experience: https://reactjs.org/link/react-devtools font-weight:bold @ http://localhost:5173/node_modules/.vite/deps/chunk-XPR23Y44.js?v=b7d368d5:21548
[35674528ms] [WARNING] ⚠️ React Router Future Flag Warning: React Router will begin wrapping state updates in `React.startTransition` in v7. You can use the `v7_startTransition` future flag to opt-in early. For more information, see https://reactrouter.com/v6/upgrading/future#v7_starttransition. @ http://localhost:5173/node_modules/.vite/deps/react-router-dom.js?v=c76998c8:4414
[35674528ms] [WARNING] ⚠️ React Router Future Flag Warning: Relative route resolution within Splat routes is changing in v7. You can use the `v7_relativeSplatPath` future flag to opt-in early. For more information, see https://reactrouter.com/v6/upgrading/future#v7_relativesplatpath. @ http://localhost:5173/node_modules/.vite/deps/react-router-dom.js?v=c76998c8:4414
[35674543ms] [ERROR] Failed to load resource: the server responded with a status of 500 (Internal Server Error) @ http://localhost:5173/api/products?sort=popularity&page=1&limit=12:0
[35674543ms] [ERROR] Failed to load resource: the server responded with a status of 500 (Internal Server Error) @ http://localhost:5173/api/settings:0
[35674544ms] [ERROR] Failed to load resource: the server responded with a status of 500 (Internal Server Error) @ http://localhost:5173/api/categories:0
[35674544ms] [ERROR] Failed to load resource: the server responded with a status of 500 (Internal Server Error) @ http://localhost:5173/api/products?sort=popularity&page=1&limit=12:0
[35674544ms] [ERROR] Failed to load resource: the server responded with a status of 500 (Internal Server Error) @ http://localhost:5173/api/settings:0
[35674544ms] [ERROR] Failed to load resource: the server responded with a status of 500 (Internal Server Error) @ http://localhost:5173/api/categories:0
[35692013ms] [INFO] %cDownload the React DevTools for a better development experience: https://reactjs.org/link/react-devtools font-weight:bold @ http://localhost:5173/node_modules/.vite/deps/chunk-XPR23Y44.js?v=b7d368d5:21548
[35692045ms] [WARNING] ⚠️ React Router Future Flag Warning: React Router will begin wrapping state updates in `React.startTransition` in v7. You can use the `v7_startTransition` future flag to opt-in early. For more information, see https://reactrouter.com/v6/upgrading/future#v7_starttransition. @ http://localhost:5173/node_modules/.vite/deps/react-router-dom.js?v=c76998c8:4414
[35692046ms] [WARNING] ⚠️ React Router Future Flag Warning: Relative route resolution within Splat routes is changing in v7. You can use the `v7_relativeSplatPath` future flag to opt-in early. For more information, see https://reactrouter.com/v6/upgrading/future#v7_relativesplatpath. @ http://localhost:5173/node_modules/.vite/deps/react-router-dom.js?v=c76998c8:4414
[36157659ms] [ERROR] Failed to load resource: the server responded with a status of 500 (Internal Server Error) @ http://localhost:5173/src/App.jsx?t=1790867498455:0
[36157665ms] [ERROR] [hmr] Failed to reload /src/App.jsx. This could be due to syntax errors or importing non-existent modules. (see errors above) @ http://localhost:5173/@vite/client:175
[36158141ms] [INFO] %cDownload the React DevTools for a better development experience: https://reactjs.org/link/react-devtools font-weight:bold @ http://localhost:5173/node_modules/.vite/deps/chunk-XPR23Y44.js?v=b7d368d5:21548
[36158189ms] [WARNING] ⚠️ React Router Future Flag Warning: React Router will begin wrapping state updates in `React.startTransition` in v7. You can use the `v7_startTransition` future flag to opt-in early. For more information, see https://reactrouter.com/v6/upgrading/future#v7_starttransition. @ http://localhost:5173/node_modules/.vite/deps/react-router-dom.js?v=c76998c8:4414
[36158190ms] [WARNING] ⚠️ React Router Future Flag Warning: Relative route resolution within Splat routes is changing in v7. You can use the `v7_relativeSplatPath` future flag to opt-in early. For more information, see https://reactrouter.com/v6/upgrading/future#v7_relativesplatpath. @ http://localhost:5173/node_modules/.vite/deps/react-router-dom.js?v=c76998c8:4414
[36369567ms] [INFO] %cDownload the React DevTools for a better development experience: https://reactjs.org/link/react-devtools font-weight:bold @ http://localhost:5173/node_modules/.vite/deps/chunk-XPR23Y44.js?v=b7d368d5:21548
[36369609ms] [WARNING] ⚠️ React Router Future Flag Warning: React Router will begin wrapping state updates in `React.startTransition` in v7. You can use the `v7_startTransition` future flag to opt-in early. For more information, see https://reactrouter.com/v6/upgrading/future#v7_starttransition. @ http://localhost:5173/node_modules/.vite/deps/react-router-dom.js?v=c76998c8:4414
[36369609ms] [WARNING] ⚠️ React Router Future Flag Warning: Relative route resolution within Splat routes is changing in v7. You can use the `v7_relativeSplatPath` future flag to opt-in early. For more information, see https://reactrouter.com/v6/upgrading/future#v7_relativesplatpath. @ http://localhost:5173/node_modules/.vite/deps/react-router-dom.js?v=c76998c8:4414
[36370640ms] [INFO] %cDownload the React DevTools for a better development experience: https://reactjs.org/link/react-devtools font-weight:bold @ http://localhost:5173/node_modules/.vite/deps/chunk-XPR23Y44.js?v=b7d368d5:21548
[36370679ms] [WARNING] ⚠️ React Router Future Flag Warning: React Router will begin wrapping state updates in `React.startTransition` in v7. You can use the `v7_startTransition` future flag to opt-in early. For more information, see https://reactrouter.com/v6/upgrading/future#v7_starttransition. @ http://localhost:5173/node_modules/.vite/deps/react-router-dom.js?v=c76998c8:4414
[36370680ms] [WARNING] ⚠️ React Router Future Flag Warning: Relative route resolution within Splat routes is changing in v7. You can use the `v7_relativeSplatPath` future flag to opt-in early. For more information, see https://reactrouter.com/v6/upgrading/future#v7_relativesplatpath. @ http://localhost:5173/node_modules/.vite/deps/react-router-dom.js?v=c76998c8:4414
[36381133ms] [INFO] %cDownload the React DevTools for a better development experience: https://reactjs.org/link/react-devtools font-weight:bold @ http://localhost:5173/node_modules/.vite/deps/chunk-XPR23Y44.js?v=b7d368d5:21548
[36381171ms] [WARNING] ⚠️ React Router Future Flag Warning: React Router will begin wrapping state updates in `React.startTransition` in v7. You can use the `v7_startTransition` future flag to opt-in early. For more information, see https://reactrouter.com/v6/upgrading/future#v7_starttransition. @ http://localhost:5173/node_modules/.vite/deps/react-router-dom.js?v=c76998c8:4414
[36381172ms] [WARNING] ⚠️ React Router Future Flag Warning: Relative route resolution within Splat routes is changing in v7. You can use the `v7_relativeSplatPath` future flag to opt-in early. For more information, see https://reactrouter.com/v6/upgrading/future#v7_relativesplatpath. @ http://localhost:5173/node_modules/.vite/deps/react-router-dom.js?v=c76998c8:4414
[36381204ms] [VERBOSE] [DOM] Input elements should have autocomplete attributes (suggested: "current-password"): (More info: https://goo.gl/9p2vKq) %o @ http://localhost:5173/login:0
[36399813ms] [INFO] %cDownload the React DevTools for a better development experience: https://reactjs.org/link/react-devtools font-weight:bold @ http://localhost:5173/node_modules/.vite/deps/chunk-XPR23Y44.js?v=b7d368d5:21548
[36399839ms] [WARNING] ⚠️ React Router Future Flag Warning: React Router will begin wrapping state updates in `React.startTransition` in v7. You can use the `v7_startTransition` future flag to opt-in early. For more information, see https://reactrouter.com/v6/upgrading/future#v7_starttransition. @ http://localhost:5173/node_modules/.vite/deps/react-router-dom.js?v=c76998c8:4414
[36399839ms] [WARNING] ⚠️ React Router Future Flag Warning: Relative route resolution within Splat routes is changing in v7. You can use the `v7_relativeSplatPath` future flag to opt-in early. For more information, see https://reactrouter.com/v6/upgrading/future#v7_relativesplatpath. @ http://localhost:5173/node_modules/.vite/deps/react-router-dom.js?v=c76998c8:4414
[36401738ms] [INFO] %cDownload the React DevTools for a better development experience: https://reactjs.org/link/react-devtools font-weight:bold @ http://localhost:5173/node_modules/.vite/deps/chunk-XPR23Y44.js?v=b7d368d5:21548
[36401770ms] [WARNING] ⚠️ React Router Future Flag Warning: React Router will begin wrapping state updates in `React.startTransition` in v7. You can use the `v7_startTransition` future flag to opt-in early. For more information, see https://reactrouter.com/v6/upgrading/future#v7_starttransition. @ http://localhost:5173/node_modules/.vite/deps/react-router-dom.js?v=c76998c8:4414
[36401770ms] [WARNING] ⚠️ React Router Future Flag Warning: Relative route resolution within Splat routes is changing in v7. You can use the `v7_relativeSplatPath` future flag to opt-in early. For more information, see https://reactrouter.com/v6/upgrading/future#v7_relativesplatpath. @ http://localhost:5173/node_modules/.vite/deps/react-router-dom.js?v=c76998c8:4414
[36403644ms] [INFO] %cDownload the React DevTools for a better development experience: https://reactjs.org/link/react-devtools font-weight:bold @ http://localhost:5173/node_modules/.vite/deps/chunk-XPR23Y44.js?v=b7d368d5:21548
[36403687ms] [WARNING] ⚠️ React Router Future Flag Warning: React Router will begin wrapping state updates in `React.startTransition` in v7. You can use the `v7_startTransition` future flag to opt-in early. For more information, see https://reactrouter.com/v6/upgrading/future#v7_starttransition. @ http://localhost:5173/node_modules/.vite/deps/react-router-dom.js?v=c76998c8:4414
[36403687ms] [WARNING] ⚠️ React Router Future Flag Warning: Relative route resolution within Splat routes is changing in v7. You can use the `v7_relativeSplatPath` future flag to opt-in early. For more information, see https://reactrouter.com/v6/upgrading/future#v7_relativesplatpath. @ http://localhost:5173/node_modules/.vite/deps/react-router-dom.js?v=c76998c8:4414
[36405541ms] [INFO] %cDownload the React DevTools for a better development experience: https://reactjs.org/link/react-devtools font-weight:bold @ http://localhost:5173/node_modules/.vite/deps/chunk-XPR23Y44.js?v=b7d368d5:21548
[36405565ms] [WARNING] ⚠️ React Router Future Flag Warning: React Router will begin wrapping state updates in `React.startTransition` in v7. You can use the `v7_startTransition` future flag to opt-in early. For more information, see https://reactrouter.com/v6/upgrading/future#v7_starttransition. @ http://localhost:5173/node_modules/.vite/deps/react-router-dom.js?v=c76998c8:4414
[36405565ms] [WARNING] ⚠️ React Router Future Flag Warning: Relative route resolution within Splat routes is changing in v7. You can use the `v7_relativeSplatPath` future flag to opt-in early. For more information, see https://reactrouter.com/v6/upgrading/future#v7_relativesplatpath. @ http://localhost:5173/node_modules/.vite/deps/react-router-dom.js?v=c76998c8:4414
[36407460ms] [INFO] %cDownload the React DevTools for a better development experience: https://reactjs.org/link/react-devtools font-weight:bold @ http://localhost:5173/node_modules/.vite/deps/chunk-XPR23Y44.js?v=b7d368d5:21548
[36407484ms] [WARNING] ⚠️ React Router Future Flag Warning: React Router will begin wrapping state updates in `React.startTransition` in v7. You can use the `v7_startTransition` future flag to opt-in early. For more information, see https://reactrouter.com/v6/upgrading/future#v7_starttransition. @ http://localhost:5173/node_modules/.vite/deps/react-router-dom.js?v=c76998c8:4414
[36407484ms] [WARNING] ⚠️ React Router Future Flag Warning: Relative route resolution within Splat routes is changing in v7. You can use the `v7_relativeSplatPath` future flag to opt-in early. For more information, see https://reactrouter.com/v6/upgrading/future#v7_relativesplatpath. @ http://localhost:5173/node_modules/.vite/deps/react-router-dom.js?v=c76998c8:4414
[36409352ms] [INFO] %cDownload the React DevTools for a better development experience: https://reactjs.org/link/react-devtools font-weight:bold @ http://localhost:5173/node_modules/.vite/deps/chunk-XPR23Y44.js?v=b7d368d5:21548
[36409377ms] [WARNING] ⚠️ React Router Future Flag Warning: React Router will begin wrapping state updates in `React.startTransition` in v7. You can use the `v7_startTransition` future flag to opt-in early. For more information, see https://reactrouter.com/v6/upgrading/future#v7_starttransition. @ http://localhost:5173/node_modules/.vite/deps/react-router-dom.js?v=c76998c8:4414
[36409377ms] [WARNING] ⚠️ React Router Future Flag Warning: Relative route resolution within Splat routes is changing in v7. You can use the `v7_relativeSplatPath` future flag to opt-in early. For more information, see https://reactrouter.com/v6/upgrading/future#v7_relativesplatpath. @ http://localhost:5173/node_modules/.vite/deps/react-router-dom.js?v=c76998c8:4414
[36411279ms] [INFO] %cDownload the React DevTools for a better development experience: https://reactjs.org/link/react-devtools font-weight:bold @ http://localhost:5173/node_modules/.vite/deps/chunk-XPR23Y44.js?v=b7d368d5:21548
[36411311ms] [WARNING] ⚠️ React Router Future Flag Warning: React Router will begin wrapping state updates in `React.startTransition` in v7. You can use the `v7_startTransition` future flag to opt-in early. For more information, see https://reactrouter.com/v6/upgrading/future#v7_starttransition. @ http://localhost:5173/node_modules/.vite/deps/react-router-dom.js?v=c76998c8:4414
[36411312ms] [WARNING] ⚠️ React Router Future Flag Warning: Relative route resolution within Splat routes is changing in v7. You can use the `v7_relativeSplatPath` future flag to opt-in early. For more information, see https://reactrouter.com/v6/upgrading/future#v7_relativesplatpath. @ http://localhost:5173/node_modules/.vite/deps/react-router-dom.js?v=c76998c8:4414
[36413183ms] [INFO] %cDownload the React DevTools for a better development experience: https://reactjs.org/link/react-devtools font-weight:bold @ http://localhost:5173/node_modules/.vite/deps/chunk-XPR23Y44.js?v=b7d368d5:21548
[36413208ms] [WARNING] ⚠️ React Router Future Flag Warning: React Router will begin wrapping state updates in `React.startTransition` in v7. You can use the `v7_startTransition` future flag to opt-in early. For more information, see https://reactrouter.com/v6/upgrading/future#v7_starttransition. @ http://localhost:5173/node_modules/.vite/deps/react-router-dom.js?v=c76998c8:4414
[36413208ms] [WARNING] ⚠️ React Router Future Flag Warning: Relative route resolution within Splat routes is changing in v7. You can use the `v7_relativeSplatPath` future flag to opt-in early. For more information, see https://reactrouter.com/v6/upgrading/future#v7_relativesplatpath. @ http://localhost:5173/node_modules/.vite/deps/react-router-dom.js?v=c76998c8:4414
[36415093ms] [INFO] %cDownload the React DevTools for a better development experience: https://reactjs.org/link/react-devtools font-weight:bold @ http://localhost:5173/node_modules/.vite/deps/chunk-XPR23Y44.js?v=b7d368d5:21548
[36415114ms] [WARNING] ⚠️ React Router Future Flag Warning: React Router will begin wrapping state updates in `React.startTransition` in v7. You can use the `v7_startTransition` future flag to opt-in early. For more information, see https://reactrouter.com/v6/upgrading/future#v7_starttransition. @ http://localhost:5173/node_modules/.vite/deps/react-router-dom.js?v=c76998c8:4414
[36415114ms] [WARNING] ⚠️ React Router Future Flag Warning: Relative route resolution within Splat routes is changing in v7. You can use the `v7_relativeSplatPath` future flag to opt-in early. For more information, see https://reactrouter.com/v6/upgrading/future#v7_relativesplatpath. @ http://localhost:5173/node_modules/.vite/deps/react-router-dom.js?v=c76998c8:4414
[36417025ms] [INFO] %cDownload the React DevTools for a better development experience: https://reactjs.org/link/react-devtools font-weight:bold @ http://localhost:5173/node_modules/.vite/deps/chunk-XPR23Y44.js?v=b7d368d5:21548
[36417047ms] [WARNING] ⚠️ React Router Future Flag Warning: React Router will begin wrapping state updates in `React.startTransition` in v7. You can use the `v7_startTransition` future flag to opt-in early. For more information, see https://reactrouter.com/v6/upgrading/future#v7_starttransition. @ http://localhost:5173/node_modules/.vite/deps/react-router-dom.js?v=c76998c8:4414
[36417047ms] [WARNING] ⚠️ React Router Future Flag Warning: Relative route resolution within Splat routes is changing in v7. You can use the `v7_relativeSplatPath` future flag to opt-in early. For more information, see https://reactrouter.com/v6/upgrading/future#v7_relativesplatpath. @ http://localhost:5173/node_modules/.vite/deps/react-router-dom.js?v=c76998c8:4414
[36418925ms] [INFO] %cDownload the React DevTools for a better development experience: https://reactjs.org/link/react-devtools font-weight:bold @ http://localhost:5173/node_modules/.vite/deps/chunk-XPR23Y44.js?v=b7d368d5:21548
[36418951ms] [WARNING] ⚠️ React Router Future Flag Warning: React Router will begin wrapping state updates in `React.startTransition` in v7. You can use the `v7_startTransition` future flag to opt-in early. For more information, see https://reactrouter.com/v6/upgrading/future#v7_starttransition. @ http://localhost:5173/node_modules/.vite/deps/react-router-dom.js?v=c76998c8:4414
[36418951ms] [WARNING] ⚠️ React Router Future Flag Warning: Relative route resolution within Splat routes is changing in v7. You can use the `v7_relativeSplatPath` future flag to opt-in early. For more information, see https://reactrouter.com/v6/upgrading/future#v7_relativesplatpath. @ http://localhost:5173/node_modules/.vite/deps/react-router-dom.js?v=c76998c8:4414
[36420861ms] [INFO] %cDownload the React DevTools for a better development experience: https://reactjs.org/link/react-devtools font-weight:bold @ http://localhost:5173/node_modules/.vite/deps/chunk-XPR23Y44.js?v=b7d368d5:21548
[36420901ms] [WARNING] ⚠️ React Router Future Flag Warning: React Router will begin wrapping state updates in `React.startTransition` in v7. You can use the `v7_startTransition` future flag to opt-in early. For more information, see https://reactrouter.com/v6/upgrading/future#v7_starttransition. @ http://localhost:5173/node_modules/.vite/deps/react-router-dom.js?v=c76998c8:4414
[36420902ms] [WARNING] ⚠️ React Router Future Flag Warning: Relative route resolution within Splat routes is changing in v7. You can use the `v7_relativeSplatPath` future flag to opt-in early. For more information, see https://reactrouter.com/v6/upgrading/future#v7_relativesplatpath. @ http://localhost:5173/node_modules/.vite/deps/react-router-dom.js?v=c76998c8:4414
[36422765ms] [INFO] %cDownload the React DevTools for a better development experience: https://reactjs.org/link/react-devtools font-weight:bold @ http://localhost:5173/node_modules/.vite/deps/chunk-XPR23Y44.js?v=b7d368d5:21548
[36422788ms] [WARNING] ⚠️ React Router Future Flag Warning: React Router will begin wrapping state updates in `React.startTransition` in v7. You can use the `v7_startTransition` future flag to opt-in early. For more information, see https://reactrouter.com/v6/upgrading/future#v7_starttransition. @ http://localhost:5173/node_modules/.vite/deps/react-router-dom.js?v=c76998c8:4414
[36422789ms] [WARNING] ⚠️ React Router Future Flag Warning: Relative route resolution within Splat routes is changing in v7. You can use the `v7_relativeSplatPath` future flag to opt-in early. For more information, see https://reactrouter.com/v6/upgrading/future#v7_relativesplatpath. @ http://localhost:5173/node_modules/.vite/deps/react-router-dom.js?v=c76998c8:4414
[36472647ms] [INFO] %cDownload the React DevTools for a better development experience: https://reactjs.org/link/react-devtools font-weight:bold @ http://localhost:5173/node_modules/.vite/deps/chunk-XPR23Y44.js?v=b7d368d5:21548
[36472674ms] [WARNING] ⚠️ React Router Future Flag Warning: React Router will begin wrapping state updates in `React.startTransition` in v7. You can use the `v7_startTransition` future flag to opt-in early. For more information, see https://reactrouter.com/v6/upgrading/future#v7_starttransition. @ http://localhost:5173/node_modules/.vite/deps/react-router-dom.js?v=c76998c8:4414
[36472674ms] [WARNING] ⚠️ React Router Future Flag Warning: Relative route resolution within Splat routes is changing in v7. You can use the `v7_relativeSplatPath` future flag to opt-in early. For more information, see https://reactrouter.com/v6/upgrading/future#v7_relativesplatpath. @ http://localhost:5173/node_modules/.vite/deps/react-router-dom.js?v=c76998c8:4414
[36474353ms] [INFO] %cDownload the React DevTools for a better development experience: https://reactjs.org/link/react-devtools font-weight:bold @ http://localhost:5173/node_modules/.vite/deps/chunk-XPR23Y44.js?v=b7d368d5:21548
[36474376ms] [WARNING] ⚠️ React Router Future Flag Warning: React Router will begin wrapping state updates in `React.startTransition` in v7. You can use the `v7_startTransition` future flag to opt-in early. For more information, see https://reactrouter.com/v6/upgrading/future#v7_starttransition. @ http://localhost:5173/node_modules/.vite/deps/react-router-dom.js?v=c76998c8:4414
[36474376ms] [WARNING] ⚠️ React Router Future Flag Warning: Relative route resolution within Splat routes is changing in v7. You can use the `v7_relativeSplatPath` future flag to opt-in early. For more information, see https://reactrouter.com/v6/upgrading/future#v7_relativesplatpath. @ http://localhost:5173/node_modules/.vite/deps/react-router-dom.js?v=c76998c8:4414
[36476061ms] [INFO] %cDownload the React DevTools for a better development experience: https://reactjs.org/link/react-devtools font-weight:bold @ http://localhost:5173/node_modules/.vite/deps/chunk-XPR23Y44.js?v=b7d368d5:21548
[36476083ms] [WARNING] ⚠️ React Router Future Flag Warning: React Router will begin wrapping state updates in `React.startTransition` in v7. You can use the `v7_startTransition` future flag to opt-in early. For more information, see https://reactrouter.com/v6/upgrading/future#v7_starttransition. @ http://localhost:5173/node_modules/.vite/deps/react-router-dom.js?v=c76998c8:4414
[36476083ms] [WARNING] ⚠️ React Router Future Flag Warning: Relative route resolution within Splat routes is changing in v7. You can use the `v7_relativeSplatPath` future flag to opt-in early. For more information, see https://reactrouter.com/v6/upgrading/future#v7_relativesplatpath. @ http://localhost:5173/node_modules/.vite/deps/react-router-dom.js?v=c76998c8:4414
[36477758ms] [INFO] %cDownload the React DevTools for a better development experience: https://reactjs.org/link/react-devtools font-weight:bold @ http://localhost:5173/node_modules/.vite/deps/chunk-XPR23Y44.js?v=b7d368d5:21548
[36477782ms] [WARNING] ⚠️ React Router Future Flag Warning: React Router will begin wrapping state updates in `React.startTransition` in v7. You can use the `v7_startTransition` future flag to opt-in early. For more information, see https://reactrouter.com/v6/upgrading/future#v7_starttransition. @ http://localhost:5173/node_modules/.vite/deps/react-router-dom.js?v=c76998c8:4414
[36477782ms] [WARNING] ⚠️ React Router Future Flag Warning: Relative route resolution within Splat routes is changing in v7. You can use the `v7_relativeSplatPath` future flag to opt-in early. For more information, see https://reactrouter.com/v6/upgrading/future#v7_relativesplatpath. @ http://localhost:5173/node_modules/.vite/deps/react-router-dom.js?v=c76998c8:4414
[36479462ms] [INFO] %cDownload the React DevTools for a better development experience: https://reactjs.org/link/react-devtools font-weight:bold @ http://localhost:5173/node_modules/.vite/deps/chunk-XPR23Y44.js?v=b7d368d5:21548
[36479493ms] [WARNING] ⚠️ React Router Future Flag Warning: React Router will begin wrapping state updates in `React.startTransition` in v7. You can use the `v7_startTransition` future flag to opt-in early. For more information, see https://reactrouter.com/v6/upgrading/future#v7_starttransition. @ http://localhost:5173/node_modules/.vite/deps/react-router-dom.js?v=c76998c8:4414
[36479493ms] [WARNING] ⚠️ React Router Future Flag Warning: Relative route resolution within Splat routes is changing in v7. You can use the `v7_relativeSplatPath` future flag to opt-in early. For more information, see https://reactrouter.com/v6/upgrading/future#v7_relativesplatpath. @ http://localhost:5173/node_modules/.vite/deps/react-router-dom.js?v=c76998c8:4414
[36481179ms] [INFO] %cDownload the React DevTools for a better development experience: https://reactjs.org/link/react-devtools font-weight:bold @ http://localhost:5173/node_modules/.vite/deps/chunk-XPR23Y44.js?v=b7d368d5:21548
[36481201ms] [WARNING] ⚠️ React Router Future Flag Warning: React Router will begin wrapping state updates in `React.startTransition` in v7. You can use the `v7_startTransition` future flag to opt-in early. For more information, see https://reactrouter.com/v6/upgrading/future#v7_starttransition. @ http://localhost:5173/node_modules/.vite/deps/react-router-dom.js?v=c76998c8:4414
[36481202ms] [WARNING] ⚠️ React Router Future Flag Warning: Relative route resolution within Splat routes is changing in v7. You can use the `v7_relativeSplatPath` future flag to opt-in early. For more information, see https://reactrouter.com/v6/upgrading/future#v7_relativesplatpath. @ http://localhost:5173/node_modules/.vite/deps/react-router-dom.js?v=c76998c8:4414
[36482876ms] [INFO] %cDownload the React DevTools for a better development experience: https://reactjs.org/link/react-devtools font-weight:bold @ http://localhost:5173/node_modules/.vite/deps/chunk-XPR23Y44.js?v=b7d368d5:21548
[36482902ms] [WARNING] ⚠️ React Router Future Flag Warning: React Router will begin wrapping state updates in `React.startTransition` in v7. You can use the `v7_startTransition` future flag to opt-in early. For more information, see https://reactrouter.com/v6/upgrading/future#v7_starttransition. @ http://localhost:5173/node_modules/.vite/deps/react-router-dom.js?v=c76998c8:4414
[36482903ms] [WARNING] ⚠️ React Router Future Flag Warning: Relative route resolution within Splat routes is changing in v7. You can use the `v7_relativeSplatPath` future flag to opt-in early. For more information, see https://reactrouter.com/v6/upgrading/future#v7_relativesplatpath. @ http://localhost:5173/node_modules/.vite/deps/react-router-dom.js?v=c76998c8:4414
[36484602ms] [INFO] %cDownload the React DevTools for a better development experience: https://reactjs.org/link/react-devtools font-weight:bold @ http://localhost:5173/node_modules/.vite/deps/chunk-XPR23Y44.js?v=b7d368d5:21548
[36484635ms] [WARNING] ⚠️ React Router Future Flag Warning: React Router will begin wrapping state updates in `React.startTransition` in v7. You can use the `v7_startTransition` future flag to opt-in early. For more information, see https://reactrouter.com/v6/upgrading/future#v7_starttransition. @ http://localhost:5173/node_modules/.vite/deps/react-router-dom.js?v=c76998c8:4414
[36484636ms] [WARNING] ⚠️ React Router Future Flag Warning: Relative route resolution within Splat routes is changing in v7. You can use the `v7_relativeSplatPath` future flag to opt-in early. For more information, see https://reactrouter.com/v6/upgrading/future#v7_relativesplatpath. @ http://localhost:5173/node_modules/.vite/deps/react-router-dom.js?v=c76998c8:4414
[36486302ms] [INFO] %cDownload the React DevTools for a better development experience: https://reactjs.org/link/react-devtools font-weight:bold @ http://localhost:5173/node_modules/.vite/deps/chunk-XPR23Y44.js?v=b7d368d5:21548
[36486324ms] [WARNING] ⚠️ React Router Future Flag Warning: React Router will begin wrapping state updates in `React.startTransition` in v7. You can use the `v7_startTransition` future flag to opt-in early. For more information, see https://reactrouter.com/v6/upgrading/future#v7_starttransition. @ http://localhost:5173/node_modules/.vite/deps/react-router-dom.js?v=c76998c8:4414
[36486324ms] [WARNING] ⚠️ React Router Future Flag Warning: Relative route resolution within Splat routes is changing in v7. You can use the `v7_relativeSplatPath` future flag to opt-in early. For more information, see https://reactrouter.com/v6/upgrading/future#v7_relativesplatpath. @ http://localhost:5173/node_modules/.vite/deps/react-router-dom.js?v=c76998c8:4414
[36487998ms] [INFO] %cDownload the React DevTools for a better development experience: https://reactjs.org/link/react-devtools font-weight:bold @ http://localhost:5173/node_modules/.vite/deps/chunk-XPR23Y44.js?v=b7d368d5:21548
[36488019ms] [WARNING] ⚠️ React Router Future Flag Warning: React Router will begin wrapping state updates in `React.startTransition` in v7. You can use the `v7_startTransition` future flag to opt-in early. For more information, see https://reactrouter.com/v6/upgrading/future#v7_starttransition. @ http://localhost:5173/node_modules/.vite/deps/react-router-dom.js?v=c76998c8:4414
[36488019ms] [WARNING] ⚠️ React Router Future Flag Warning: Relative route resolution within Splat routes is changing in v7. You can use the `v7_relativeSplatPath` future flag to opt-in early. For more information, see https://reactrouter.com/v6/upgrading/future#v7_relativesplatpath. @ http://localhost:5173/node_modules/.vite/deps/react-router-dom.js?v=c76998c8:4414
[36489720ms] [INFO] %cDownload the React DevTools for a better development experience: https://reactjs.org/link/react-devtools font-weight:bold @ http://localhost:5173/node_modules/.vite/deps/chunk-XPR23Y44.js?v=b7d368d5:21548
[36489738ms] [WARNING] ⚠️ React Router Future Flag Warning: React Router will begin wrapping state updates in `React.startTransition` in v7. You can use the `v7_startTransition` future flag to opt-in early. For more information, see https://reactrouter.com/v6/upgrading/future#v7_starttransition. @ http://localhost:5173/node_modules/.vite/deps/react-router-dom.js?v=c76998c8:4414
[36489738ms] [WARNING] ⚠️ React Router Future Flag Warning: Relative route resolution within Splat routes is changing in v7. You can use the `v7_relativeSplatPath` future flag to opt-in early. For more information, see https://reactrouter.com/v6/upgrading/future#v7_relativesplatpath. @ http://localhost:5173/node_modules/.vite/deps/react-router-dom.js?v=c76998c8:4414
[36491440ms] [INFO] %cDownload the React DevTools for a better development experience: https://reactjs.org/link/react-devtools font-weight:bold @ http://localhost:5173/node_modules/.vite/deps/chunk-XPR23Y44.js?v=b7d368d5:21548
[36491464ms] [WARNING] ⚠️ React Router Future Flag Warning: React Router will begin wrapping state updates in `React.startTransition` in v7. You can use the `v7_startTransition` future flag to opt-in early. For more information, see https://reactrouter.com/v6/upgrading/future#v7_starttransition. @ http://localhost:5173/node_modules/.vite/deps/react-router-dom.js?v=c76998c8:4414
[36491464ms] [WARNING] ⚠️ React Router Future Flag Warning: Relative route resolution within Splat routes is changing in v7. You can use the `v7_relativeSplatPath` future flag to opt-in early. For more information, see https://reactrouter.com/v6/upgrading/future#v7_relativesplatpath. @ http://localhost:5173/node_modules/.vite/deps/react-router-dom.js?v=c76998c8:4414
[36493151ms] [INFO] %cDownload the React DevTools for a better development experience: https://reactjs.org/link/react-devtools font-weight:bold @ http://localhost:5173/node_modules/.vite/deps/chunk-XPR23Y44.js?v=b7d368d5:21548
[36493178ms] [WARNING] ⚠️ React Router Future Flag Warning: React Router will begin wrapping state updates in `React.startTransition` in v7. You can use the `v7_startTransition` future flag to opt-in early. For more information, see https://reactrouter.com/v6/upgrading/future#v7_starttransition. @ http://localhost:5173/node_modules/.vite/deps/react-router-dom.js?v=c76998c8:4414
[36493178ms] [WARNING] ⚠️ React Router Future Flag Warning: Relative route resolution within Splat routes is changing in v7. You can use the `v7_relativeSplatPath` future flag to opt-in early. For more information, see https://reactrouter.com/v6/upgrading/future#v7_relativesplatpath. @ http://localhost:5173/node_modules/.vite/deps/react-router-dom.js?v=c76998c8:4414
[36580426ms] TypeError: Cannot destructure property 'user' of 'useStore(...)' as it is null.
    at AdminApp (http://localhost:5173/src/pages/admin/AdminApp.jsx?t=1790867739606:100:11)
    at renderWithHooks (http://localhost:5173/node_modules/.vite/deps/chunk-XPR23Y44.js?v=b7d368d5:11546:26)
    at mountIndeterminateComponent (http://localhost:5173/node_modules/.vite/deps/chunk-XPR23Y44.js?v=b7d368d5:14924:21)
    at beginWork (http://localhost:5173/node_modules/.vite/deps/chunk-XPR23Y44.js?v=b7d368d5:15912:22)
    at HTMLUnknownElement.callCallback2 (http://localhost:5173/node_modules/.vite/deps/chunk-XPR23Y44.js?v=b7d368d5:3672:22)
    at Object.invokeGuardedCallbackDev (http://localhost:5173/node_modules/.vite/deps/chunk-XPR23Y44.js?v=b7d368d5:3697:24)
    at invokeGuardedCallback (http://localhost:5173/node_modules/.vite/deps/chunk-XPR23Y44.js?v=b7d368d5:3731:39)
    at beginWork$1 (http://localhost:5173/node_modules/.vite/deps/chunk-XPR23Y44.js?v=b7d368d5:19763:15)
    at performUnitOfWork (http://localhost:5173/node_modules/.vite/deps/chunk-XPR23Y44.js?v=b7d368d5:19196:20)
    at workLoopSync (http://localhost:5173/node_modules/.vite/deps/chunk-XPR23Y44.js?v=b7d368d5:19135:13)
[36580431ms] TypeError: Cannot destructure property 'user' of 'useStore(...)' as it is null.
    at AdminApp (http://localhost:5173/src/pages/admin/AdminApp.jsx?t=1790867739606:100:11)
    at renderWithHooks (http://localhost:5173/node_modules/.vite/deps/chunk-XPR23Y44.js?v=b7d368d5:11546:26)
    at mountIndeterminateComponent (http://localhost:5173/node_modules/.vite/deps/chunk-XPR23Y44.js?v=b7d368d5:14924:21)
    at beginWork (http://localhost:5173/node_modules/.vite/deps/chunk-XPR23Y44.js?v=b7d368d5:15912:22)
    at HTMLUnknownElement.callCallback2 (http://localhost:5173/node_modules/.vite/deps/chunk-XPR23Y44.js?v=b7d368d5:3672:22)
    at Object.invokeGuardedCallbackDev (http://localhost:5173/node_modules/.vite/deps/chunk-XPR23Y44.js?v=b7d368d5:3697:24)
    at invokeGuardedCallback (http://localhost:5173/node_modules/.vite/deps/chunk-XPR23Y44.js?v=b7d368d5:3731:39)
    at beginWork$1 (http://localhost:5173/node_modules/.vite/deps/chunk-XPR23Y44.js?v=b7d368d5:19763:15)
    at performUnitOfWork (http://localhost:5173/node_modules/.vite/deps/chunk-XPR23Y44.js?v=b7d368d5:19196:20)
    at workLoopSync (http://localhost:5173/node_modules/.vite/deps/chunk-XPR23Y44.js?v=b7d368d5:19135:13)
[36580429ms] [ERROR] The above error occurred in the <AdminApp> component:

    at AdminApp (http://localhost:5173/src/pages/admin/AdminApp.jsx?t=1790867739606:100:28)
    at RenderedRoute (http://localhost:5173/node_modules/.vite/deps/react-router-dom.js?v=c76998c8:4110:5)
    at Routes (http://localhost:5173/node_modules/.vite/deps/react-router-dom.js?v=c76998c8:4580:5)
    at App
    at StoreProvider (http://localhost:5173/src/context/StoreContext.jsx?t=1790867921016:30:33)
    at Router (http://localhost:5173/node_modules/.vite/deps/react-router-dom.js?v=c76998c8:4523:15)
    at BrowserRouter (http://localhost:5173/node_modules/.vite/deps/react-router-dom.js?v=c76998c8:5261:5)

Consider adding an error boundary to your tree to customize error handling behavior.
Visit https://reactjs.org/link/error-boundaries to learn more about error boundaries. @ http://localhost:5173/node_modules/.vite/deps/chunk-XPR23Y44.js?v=b7d368d5:14029
[36580431ms] TypeError: Cannot destructure property 'user' of 'useStore(...)' as it is null.
    at AdminApp (http://localhost:5173/src/pages/admin/AdminApp.jsx?t=1790867739606:100:11)
    at renderWithHooks (http://localhost:5173/node_modules/.vite/deps/chunk-XPR23Y44.js?v=b7d368d5:11546:26)
    at mountIndeterminateComponent (http://localhost:5173/node_modules/.vite/deps/chunk-XPR23Y44.js?v=b7d368d5:14924:21)
    at beginWork (http://localhost:5173/node_modules/.vite/deps/chunk-XPR23Y44.js?v=b7d368d5:15912:22)
    at beginWork$1 (http://localhost:5173/node_modules/.vite/deps/chunk-XPR23Y44.js?v=b7d368d5:19751:22)
    at performUnitOfWork (http://localhost:5173/node_modules/.vite/deps/chunk-XPR23Y44.js?v=b7d368d5:19196:20)
    at workLoopSync (http://localhost:5173/node_modules/.vite/deps/chunk-XPR23Y44.js?v=b7d368d5:19135:13)
    at renderRootSync (http://localhost:5173/node_modules/.vite/deps/chunk-XPR23Y44.js?v=b7d368d5:19114:15)
    at recoverFromConcurrentError (http://localhost:5173/node_modules/.vite/deps/chunk-XPR23Y44.js?v=b7d368d5:18734:28)
    at performSyncWorkOnRoot (http://localhost:5173/node_modules/.vite/deps/chunk-XPR23Y44.js?v=b7d368d5:18877:28)
[36580920ms] [INFO] %cDownload the React DevTools for a better development experience: https://reactjs.org/link/react-devtools font-weight:bold @ http://localhost:5173/node_modules/.vite/deps/chunk-XPR23Y44.js?v=b7d368d5:21548
[36580957ms] [WARNING] ⚠️ React Router Future Flag Warning: React Router will begin wrapping state updates in `React.startTransition` in v7. You can use the `v7_startTransition` future flag to opt-in early. For more information, see https://reactrouter.com/v6/upgrading/future#v7_starttransition. @ http://localhost:5173/node_modules/.vite/deps/react-router-dom.js?v=c76998c8:4414
[36580957ms] [WARNING] ⚠️ React Router Future Flag Warning: Relative route resolution within Splat routes is changing in v7. You can use the `v7_relativeSplatPath` future flag to opt-in early. For more information, see https://reactrouter.com/v6/upgrading/future#v7_relativesplatpath. @ http://localhost:5173/node_modules/.vite/deps/react-router-dom.js?v=c76998c8:4414
[36677636ms] [INFO] %cDownload the React DevTools for a better development experience: https://reactjs.org/link/react-devtools font-weight:bold @ http://localhost:5173/node_modules/.vite/deps/chunk-XPR23Y44.js?v=b7d368d5:21548
[36677657ms] [ERROR] Warning: Encountered two children with the same key, `%s`. Keys should be unique so that components maintain their identity across updates. Non-unique keys may cause children to be duplicated and/or omitted — the behavior is unsupported and could change in a future version.%s products.xml 
    at div
    at form
    at Settings (http://localhost:5173/src/pages/admin/AdminPages.jsx?t=1790867938284:1314:37)
    at RenderedRoute (http://localhost:5173/node_modules/.vite/deps/react-router-dom.js?v=c76998c8:4110:5)
    at Routes (http://localhost:5173/node_modules/.vite/deps/react-router-dom.js?v=c76998c8:4580:5)
    at div
    at div
    at AdminApp (http://localhost:5173/src/pages/admin/AdminApp.jsx?t=1790867938284:100:28)
    at RenderedRoute (http://localhost:5173/node_modules/.vite/deps/react-router-dom.js?v=c76998c8:4110:5)
    at Routes (http://localhost:5173/node_modules/.vite/deps/react-router-dom.js?v=c76998c8:4580:5)
    at App
    at StoreProvider (http://localhost:5173/src/context/StoreContext.jsx?t=1790867921016:30:33)
    at Router (http://localhost:5173/node_modules/.vite/deps/react-router-dom.js?v=c76998c8:4523:15)
    at BrowserRouter (http://localhost:5173/node_modules/.vite/deps/react-router-dom.js?v=c76998c8:5261:5) @ http://localhost:5173/node_modules/.vite/deps/chunk-XPR23Y44.js?v=b7d368d5:518
[36677686ms] [WARNING] ⚠️ React Router Future Flag Warning: React Router will begin wrapping state updates in `React.startTransition` in v7. You can use the `v7_startTransition` future flag to opt-in early. For more information, see https://reactrouter.com/v6/upgrading/future#v7_starttransition. @ http://localhost:5173/node_modules/.vite/deps/react-router-dom.js?v=c76998c8:4414
[36677686ms] [WARNING] ⚠️ React Router Future Flag Warning: Relative route resolution within Splat routes is changing in v7. You can use the `v7_relativeSplatPath` future flag to opt-in early. For more information, see https://reactrouter.com/v6/upgrading/future#v7_relativesplatpath. @ http://localhost:5173/node_modules/.vite/deps/react-router-dom.js?v=c76998c8:4414
[36677946ms] [ERROR] Warning: Encountered two children with the same key, `%s`. Keys should be unique so that components maintain their identity across updates. Non-unique keys may cause children to be duplicated and/or omitted — the behavior is unsupported and could change in a future version.%s products.xml 
    at div
    at form
    at Settings (http://localhost:5173/src/pages/admin/AdminPages.jsx?t=1790867938284:1314:37)
    at RenderedRoute (http://localhost:5173/node_modules/.vite/deps/react-router-dom.js?v=c76998c8:4110:5)
    at Routes (http://localhost:5173/node_modules/.vite/deps/react-router-dom.js?v=c76998c8:4580:5)
    at div
    at div
    at AdminApp (http://localhost:5173/src/pages/admin/AdminApp.jsx?t=1790867938284:100:28)
    at RenderedRoute (http://localhost:5173/node_modules/.vite/deps/react-router-dom.js?v=c76998c8:4110:5)
    at Routes (http://localhost:5173/node_modules/.vite/deps/react-router-dom.js?v=c76998c8:4580:5)
    at App
    at StoreProvider (http://localhost:5173/src/context/StoreContext.jsx?t=1790867921016:30:33)
    at Router (http://localhost:5173/node_modules/.vite/deps/react-router-dom.js?v=c76998c8:4523:15)
    at BrowserRouter (http://localhost:5173/node_modules/.vite/deps/react-router-dom.js?v=c76998c8:5261:5) @ http://localhost:5173/node_modules/.vite/deps/chunk-XPR23Y44.js?v=b7d368d5:518
[36677947ms] [ERROR] Warning: Encountered two children with the same key, `%s`. Keys should be unique so that components maintain their identity across updates. Non-unique keys may cause children to be duplicated and/or omitted — the behavior is unsupported and could change in a future version.%s products.xml 
    at div
    at form
    at Settings (http://localhost:5173/src/pages/admin/AdminPages.jsx?t=1790867938284:1314:37)
    at RenderedRoute (http://localhost:5173/node_modules/.vite/deps/react-router-dom.js?v=c76998c8:4110:5)
    at Routes (http://localhost:5173/node_modules/.vite/deps/react-router-dom.js?v=c76998c8:4580:5)
    at div
    at div
    at AdminApp (http://localhost:5173/src/pages/admin/AdminApp.jsx?t=1790867938284:100:28)
    at RenderedRoute (http://localhost:5173/node_modules/.vite/deps/react-router-dom.js?v=c76998c8:4110:5)
    at Routes (http://localhost:5173/node_modules/.vite/deps/react-router-dom.js?v=c76998c8:4580:5)
    at App
    at StoreProvider (http://localhost:5173/src/context/StoreContext.jsx?t=1790867921016:30:33)
    at Router (http://localhost:5173/node_modules/.vite/deps/react-router-dom.js?v=c76998c8:4523:15)
    at BrowserRouter (http://localhost:5173/node_modules/.vite/deps/react-router-dom.js?v=c76998c8:5261:5) @ http://localhost:5173/node_modules/.vite/deps/chunk-XPR23Y44.js?v=b7d368d5:518
[36677990ms] [ERROR] Warning: Encountered two children with the same key, `%s`. Keys should be unique so that components maintain their identity across updates. Non-unique keys may cause children to be duplicated and/or omitted — the behavior is unsupported and could change in a future version.%s products.xml 
    at div
    at form
    at Settings (http://localhost:5173/src/pages/admin/AdminPages.jsx?t=1790867938284:1314:37)
    at RenderedRoute (http://localhost:5173/node_modules/.vite/deps/react-router-dom.js?v=c76998c8:4110:5)
    at Routes (http://localhost:5173/node_modules/.vite/deps/react-router-dom.js?v=c76998c8:4580:5)
    at div
    at div
    at AdminApp (http://localhost:5173/src/pages/admin/AdminApp.jsx?t=1790867938284:100:28)
    at RenderedRoute (http://localhost:5173/node_modules/.vite/deps/react-router-dom.js?v=c76998c8:4110:5)
    at Routes (http://localhost:5173/node_modules/.vite/deps/react-router-dom.js?v=c76998c8:4580:5)
    at App
    at StoreProvider (http://localhost:5173/src/context/StoreContext.jsx?t=1790867921016:30:33)
    at Router (http://localhost:5173/node_modules/.vite/deps/react-router-dom.js?v=c76998c8:4523:15)
    at BrowserRouter (http://localhost:5173/node_modules/.vite/deps/react-router-dom.js?v=c76998c8:5261:5) @ http://localhost:5173/node_modules/.vite/deps/chunk-XPR23Y44.js?v=b7d368d5:518
[36677998ms] [ERROR] Warning: Encountered two children with the same key, `%s`. Keys should be unique so that components maintain their identity across updates. Non-unique keys may cause children to be duplicated and/or omitted — the behavior is unsupported and could change in a future version.%s products.xml 
    at div
    at form
    at Settings (http://localhost:5173/src/pages/admin/AdminPages.jsx?t=1790867938284:1314:37)
    at RenderedRoute (http://localhost:5173/node_modules/.vite/deps/react-router-dom.js?v=c76998c8:4110:5)
    at Routes (http://localhost:5173/node_modules/.vite/deps/react-router-dom.js?v=c76998c8:4580:5)
    at div
    at div
    at AdminApp (http://localhost:5173/src/pages/admin/AdminApp.jsx?t=1790867938284:100:28)
    at RenderedRoute (http://localhost:5173/node_modules/.vite/deps/react-router-dom.js?v=c76998c8:4110:5)
    at Routes (http://localhost:5173/node_modules/.vite/deps/react-router-dom.js?v=c76998c8:4580:5)
    at App
    at StoreProvider (http://localhost:5173/src/context/StoreContext.jsx?t=1790867921016:30:33)
    at Router (http://localhost:5173/node_modules/.vite/deps/react-router-dom.js?v=c76998c8:4523:15)
    at BrowserRouter (http://localhost:5173/node_modules/.vite/deps/react-router-dom.js?v=c76998c8:5261:5) @ http://localhost:5173/node_modules/.vite/deps/chunk-XPR23Y44.js?v=b7d368d5:518
[36678001ms] [ERROR] Warning: Encountered two children with the same key, `%s`. Keys should be unique so that components maintain their identity across updates. Non-unique keys may cause children to be duplicated and/or omitted — the behavior is unsupported and could change in a future version.%s products.xml 
    at div
    at form
    at Settings (http://localhost:5173/src/pages/admin/AdminPages.jsx?t=1790867938284:1314:37)
    at RenderedRoute (http://localhost:5173/node_modules/.vite/deps/react-router-dom.js?v=c76998c8:4110:5)
    at Routes (http://localhost:5173/node_modules/.vite/deps/react-router-dom.js?v=c76998c8:4580:5)
    at div
    at div
    at AdminApp (http://localhost:5173/src/pages/admin/AdminApp.jsx?t=1790867938284:100:28)
    at RenderedRoute (http://localhost:5173/node_modules/.vite/deps/react-router-dom.js?v=c76998c8:4110:5)
    at Routes (http://localhost:5173/node_modules/.vite/deps/react-router-dom.js?v=c76998c8:4580:5)
    at App
    at StoreProvider (http://localhost:5173/src/context/StoreContext.jsx?t=1790867921016:30:33)
    at Router (http://localhost:5173/node_modules/.vite/deps/react-router-dom.js?v=c76998c8:4523:15)
    at BrowserRouter (http://localhost:5173/node_modules/.vite/deps/react-router-dom.js?v=c76998c8:5261:5) @ http://localhost:5173/node_modules/.vite/deps/chunk-XPR23Y44.js?v=b7d368d5:518
[36678002ms] [ERROR] Warning: Encountered two children with the same key, `%s`. Keys should be unique so that components maintain their identity across updates. Non-unique keys may cause children to be duplicated and/or omitted — the behavior is unsupported and could change in a future version.%s products.xml 
    at div
    at form
    at Settings (http://localhost:5173/src/pages/admin/AdminPages.jsx?t=1790867938284:1314:37)
    at RenderedRoute (http://localhost:5173/node_modules/.vite/deps/react-router-dom.js?v=c76998c8:4110:5)
    at Routes (http://localhost:5173/node_modules/.vite/deps/react-router-dom.js?v=c76998c8:4580:5)
    at div
    at div
    at AdminApp (http://localhost:5173/src/pages/admin/AdminApp.jsx?t=1790867938284:100:28)
    at RenderedRoute (http://localhost:5173/node_modules/.vite/deps/react-router-dom.js?v=c76998c8:4110:5)
    at Routes (http://localhost:5173/node_modules/.vite/deps/react-router-dom.js?v=c76998c8:4580:5)
    at App
    at StoreProvider (http://localhost:5173/src/context/StoreContext.jsx?t=1790867921016:30:33)
    at Router (http://localhost:5173/node_modules/.vite/deps/react-router-dom.js?v=c76998c8:4523:15)
    at BrowserRouter (http://localhost:5173/node_modules/.vite/deps/react-router-dom.js?v=c76998c8:5261:5) @ http://localhost:5173/node_modules/.vite/deps/chunk-XPR23Y44.js?v=b7d368d5:518
[36678031ms] [ERROR] Warning: Encountered two children with the same key, `%s`. Keys should be unique so that components maintain their identity across updates. Non-unique keys may cause children to be duplicated and/or omitted — the behavior is unsupported and could change in a future version.%s products.xml 
    at div
    at form
    at Settings (http://localhost:5173/src/pages/admin/AdminPages.jsx?t=1790867938284:1314:37)
    at RenderedRoute (http://localhost:5173/node_modules/.vite/deps/react-router-dom.js?v=c76998c8:4110:5)
    at Routes (http://localhost:5173/node_modules/.vite/deps/react-router-dom.js?v=c76998c8:4580:5)
    at div
    at div
    at AdminApp (http://localhost:5173/src/pages/admin/AdminApp.jsx?t=1790867938284:100:28)
    at RenderedRoute (http://localhost:5173/node_modules/.vite/deps/react-router-dom.js?v=c76998c8:4110:5)
    at Routes (http://localhost:5173/node_modules/.vite/deps/react-router-dom.js?v=c76998c8:4580:5)
    at App
    at StoreProvider (http://localhost:5173/src/context/StoreContext.jsx?t=1790867921016:30:33)
    at Router (http://localhost:5173/node_modules/.vite/deps/react-router-dom.js?v=c76998c8:4523:15)
    at BrowserRouter (http://localhost:5173/node_modules/.vite/deps/react-router-dom.js?v=c76998c8:5261:5) @ http://localhost:5173/node_modules/.vite/deps/chunk-XPR23Y44.js?v=b7d368d5:518
[36678036ms] [ERROR] Warning: Encountered two children with the same key, `%s`. Keys should be unique so that components maintain their identity across updates. Non-unique keys may cause children to be duplicated and/or omitted — the behavior is unsupported and could change in a future version.%s products.xml 
    at div
    at form
    at Settings (http://localhost:5173/src/pages/admin/AdminPages.jsx?t=1790867938284:1314:37)
    at RenderedRoute (http://localhost:5173/node_modules/.vite/deps/react-router-dom.js?v=c76998c8:4110:5)
    at Routes (http://localhost:5173/node_modules/.vite/deps/react-router-dom.js?v=c76998c8:4580:5)
    at div
    at div
    at AdminApp (http://localhost:5173/src/pages/admin/AdminApp.jsx?t=1790867938284:100:28)
    at RenderedRoute (http://localhost:5173/node_modules/.vite/deps/react-router-dom.js?v=c76998c8:4110:5)
    at Routes (http://localhost:5173/node_modules/.vite/deps/react-router-dom.js?v=c76998c8:4580:5)
    at App
    at StoreProvider (http://localhost:5173/src/context/StoreContext.jsx?t=1790867921016:30:33)
    at Router (http://localhost:5173/node_modules/.vite/deps/react-router-dom.js?v=c76998c8:4523:15)
    at BrowserRouter (http://localhost:5173/node_modules/.vite/deps/react-router-dom.js?v=c76998c8:5261:5) @ http://localhost:5173/node_modules/.vite/deps/chunk-XPR23Y44.js?v=b7d368d5:518
[36678254ms] [ERROR] Warning: Encountered two children with the same key, `%s`. Keys should be unique so that components maintain their identity across updates. Non-unique keys may cause children to be duplicated and/or omitted — the behavior is unsupported and could change in a future version.%s products.xml 
    at div
    at form
    at Settings (http://localhost:5173/src/pages/admin/AdminPages.jsx?t=1790867938284:1314:37)
    at RenderedRoute (http://localhost:5173/node_modules/.vite/deps/react-router-dom.js?v=c76998c8:4110:5)
    at Routes (http://localhost:5173/node_modules/.vite/deps/react-router-dom.js?v=c76998c8:4580:5)
    at div
    at div
    at AdminApp (http://localhost:5173/src/pages/admin/AdminApp.jsx?t=1790867938284:100:28)
    at RenderedRoute (http://localhost:5173/node_modules/.vite/deps/react-router-dom.js?v=c76998c8:4110:5)
    at Routes (http://localhost:5173/node_modules/.vite/deps/react-router-dom.js?v=c76998c8:4580:5)
    at App
    at StoreProvider (http://localhost:5173/src/context/StoreContext.jsx?t=1790867921016:30:33)
    at Router (http://localhost:5173/node_modules/.vite/deps/react-router-dom.js?v=c76998c8:4523:15)
    at BrowserRouter (http://localhost:5173/node_modules/.vite/deps/react-router-dom.js?v=c76998c8:5261:5) @ http://localhost:5173/node_modules/.vite/deps/chunk-XPR23Y44.js?v=b7d368d5:518
[36678259ms] [ERROR] Warning: Encountered two children with the same key, `%s`. Keys should be unique so that components maintain their identity across updates. Non-unique keys may cause children to be duplicated and/or omitted — the behavior is unsupported and could change in a future version.%s products.xml 
    at div
    at form
    at Settings (http://localhost:5173/src/pages/admin/AdminPages.jsx?t=1790867938284:1314:37)
    at RenderedRoute (http://localhost:5173/node_modules/.vite/deps/react-router-dom.js?v=c76998c8:4110:5)
    at Routes (http://localhost:5173/node_modules/.vite/deps/react-router-dom.js?v=c76998c8:4580:5)
    at div
    at div
    at AdminApp (http://localhost:5173/src/pages/admin/AdminApp.jsx?t=1790867938284:100:28)
    at RenderedRoute (http://localhost:5173/node_modules/.vite/deps/react-router-dom.js?v=c76998c8:4110:5)
    at Routes (http://localhost:5173/node_modules/.vite/deps/react-router-dom.js?v=c76998c8:4580:5)
    at App
    at StoreProvider (http://localhost:5173/src/context/StoreContext.jsx?t=1790867921016:30:33)
    at Router (http://localhost:5173/node_modules/.vite/deps/react-router-dom.js?v=c76998c8:4523:15)
    at BrowserRouter (http://localhost:5173/node_modules/.vite/deps/react-router-dom.js?v=c76998c8:5261:5) @ http://localhost:5173/node_modules/.vite/deps/chunk-XPR23Y44.js?v=b7d368d5:518
[36679678ms] [ERROR] Warning: Encountered two children with the same key, `%s`. Keys should be unique so that components maintain their identity across updates. Non-unique keys may cause children to be duplicated and/or omitted — the behavior is unsupported and could change in a future version.%s products.xml 
    at div
    at form
    at Settings (http://localhost:5173/src/pages/admin/AdminPages.jsx?t=1790867938284:1314:37)
    at RenderedRoute (http://localhost:5173/node_modules/.vite/deps/react-router-dom.js?v=c76998c8:4110:5)
    at Routes (http://localhost:5173/node_modules/.vite/deps/react-router-dom.js?v=c76998c8:4580:5)
    at div
    at div
    at AdminApp (http://localhost:5173/src/pages/admin/AdminApp.jsx?t=1790867938284:100:28)
    at RenderedRoute (http://localhost:5173/node_modules/.vite/deps/react-router-dom.js?v=c76998c8:4110:5)
    at Routes (http://localhost:5173/node_modules/.vite/deps/react-router-dom.js?v=c76998c8:4580:5)
    at App
    at StoreProvider (http://localhost:5173/src/context/StoreContext.jsx?t=1790867921016:30:33)
    at Router (http://localhost:5173/node_modules/.vite/deps/react-router-dom.js?v=c76998c8:4523:15)
    at BrowserRouter (http://localhost:5173/node_modules/.vite/deps/react-router-dom.js?v=c76998c8:5261:5) @ http://localhost:5173/node_modules/.vite/deps/chunk-XPR23Y44.js?v=b7d368d5:518
[36679686ms] [ERROR] Warning: Encountered two children with the same key, `%s`. Keys should be unique so that components maintain their identity across updates. Non-unique keys may cause children to be duplicated and/or omitted — the behavior is unsupported and could change in a future version.%s products.xml 
    at div
    at form
    at Settings (http://localhost:5173/src/pages/admin/AdminPages.jsx?t=1790867938284:1314:37)
    at RenderedRoute (http://localhost:5173/node_modules/.vite/deps/react-router-dom.js?v=c76998c8:4110:5)
    at Routes (http://localhost:5173/node_modules/.vite/deps/react-router-dom.js?v=c76998c8:4580:5)
    at div
    at div
    at AdminApp (http://localhost:5173/src/pages/admin/AdminApp.jsx?t=1790867938284:100:28)
    at RenderedRoute (http://localhost:5173/node_modules/.vite/deps/react-router-dom.js?v=c76998c8:4110:5)
    at Routes (http://localhost:5173/node_modules/.vite/deps/react-router-dom.js?v=c76998c8:4580:5)
    at App
    at StoreProvider (http://localhost:5173/src/context/StoreContext.jsx?t=1790867921016:30:33)
    at Router (http://localhost:5173/node_modules/.vite/deps/react-router-dom.js?v=c76998c8:4523:15)
    at BrowserRouter (http://localhost:5173/node_modules/.vite/deps/react-router-dom.js?v=c76998c8:5261:5) @ http://localhost:5173/node_modules/.vite/deps/chunk-XPR23Y44.js?v=b7d368d5:518
[36679700ms] [ERROR] Warning: Encountered two children with the same key, `%s`. Keys should be unique so that components maintain their identity across updates. Non-unique keys may cause children to be duplicated and/or omitted — the behavior is unsupported and could change in a future version.%s products.xml 
    at div
    at form
    at Settings (http://localhost:5173/src/pages/admin/AdminPages.jsx?t=1790867938284:1314:37)
    at RenderedRoute (http://localhost:5173/node_modules/.vite/deps/react-router-dom.js?v=c76998c8:4110:5)
    at Routes (http://localhost:5173/node_modules/.vite/deps/react-router-dom.js?v=c76998c8:4580:5)
    at div
    at div
    at AdminApp (http://localhost:5173/src/pages/admin/AdminApp.jsx?t=1790867938284:100:28)
    at RenderedRoute (http://localhost:5173/node_modules/.vite/deps/react-router-dom.js?v=c76998c8:4110:5)
    at Routes (http://localhost:5173/node_modules/.vite/deps/react-router-dom.js?v=c76998c8:4580:5)
    at App
    at StoreProvider (http://localhost:5173/src/context/StoreContext.jsx?t=1790867921016:30:33)
    at Router (http://localhost:5173/node_modules/.vite/deps/react-router-dom.js?v=c76998c8:4523:15)
    at BrowserRouter (http://localhost:5173/node_modules/.vite/deps/react-router-dom.js?v=c76998c8:5261:5) @ http://localhost:5173/node_modules/.vite/deps/chunk-XPR23Y44.js?v=b7d368d5:518
[36679710ms] [ERROR] Warning: Encountered two children with the same key, `%s`. Keys should be unique so that components maintain their identity across updates. Non-unique keys may cause children to be duplicated and/or omitted — the behavior is unsupported and could change in a future version.%s products.xml 
    at div
    at form
    at Settings (http://localhost:5173/src/pages/admin/AdminPages.jsx?t=1790867938284:1314:37)
    at RenderedRoute (http://localhost:5173/node_modules/.vite/deps/react-router-dom.js?v=c76998c8:4110:5)
    at Routes (http://localhost:5173/node_modules/.vite/deps/react-router-dom.js?v=c76998c8:4580:5)
    at div
    at div
    at AdminApp (http://localhost:5173/src/pages/admin/AdminApp.jsx?t=1790867938284:100:28)
    at RenderedRoute (http://localhost:5173/node_modules/.vite/deps/react-router-dom.js?v=c76998c8:4110:5)
    at Routes (http://localhost:5173/node_modules/.vite/deps/react-router-dom.js?v=c76998c8:4580:5)
    at App
    at StoreProvider (http://localhost:5173/src/context/StoreContext.jsx?t=1790867921016:30:33)
    at Router (http://localhost:5173/node_modules/.vite/deps/react-router-dom.js?v=c76998c8:4523:15)
    at BrowserRouter (http://localhost:5173/node_modules/.vite/deps/react-router-dom.js?v=c76998c8:5261:5) @ http://localhost:5173/node_modules/.vite/deps/chunk-XPR23Y44.js?v=b7d368d5:518
[36680572ms] [ERROR] Warning: Encountered two children with the same key, `%s`. Keys should be unique so that components maintain their identity across updates. Non-unique keys may cause children to be duplicated and/or omitted — the behavior is unsupported and could change in a future version.%s products.xml 
    at div
    at form
    at Settings (http://localhost:5173/src/pages/admin/AdminPages.jsx?t=1790867938284:1314:37)
    at RenderedRoute (http://localhost:5173/node_modules/.vite/deps/react-router-dom.js?v=c76998c8:4110:5)
    at Routes (http://localhost:5173/node_modules/.vite/deps/react-router-dom.js?v=c76998c8:4580:5)
    at div
    at div
    at AdminApp (http://localhost:5173/src/pages/admin/AdminApp.jsx?t=1790867938284:100:28)
    at RenderedRoute (http://localhost:5173/node_modules/.vite/deps/react-router-dom.js?v=c76998c8:4110:5)
    at Routes (http://localhost:5173/node_modules/.vite/deps/react-router-dom.js?v=c76998c8:4580:5)
    at App
    at StoreProvider (http://localhost:5173/src/context/StoreContext.jsx?t=1790867921016:30:33)
    at Router (http://localhost:5173/node_modules/.vite/deps/react-router-dom.js?v=c76998c8:4523:15)
    at BrowserRouter (http://localhost:5173/node_modules/.vite/deps/react-router-dom.js?v=c76998c8:5261:5) @ http://localhost:5173/node_modules/.vite/deps/chunk-XPR23Y44.js?v=b7d368d5:518
[36681665ms] [INFO] %cDownload the React DevTools for a better development experience: https://reactjs.org/link/react-devtools font-weight:bold @ http://localhost:5173/node_modules/.vite/deps/chunk-XPR23Y44.js?v=b7d368d5:21548
[36681694ms] [WARNING] ⚠️ React Router Future Flag Warning: React Router will begin wrapping state updates in `React.startTransition` in v7. You can use the `v7_startTransition` future flag to opt-in early. For more information, see https://reactrouter.com/v6/upgrading/future#v7_starttransition. @ http://localhost:5173/node_modules/.vite/deps/react-router-dom.js?v=c76998c8:4414
[36681694ms] [WARNING] ⚠️ React Router Future Flag Warning: Relative route resolution within Splat routes is changing in v7. You can use the `v7_relativeSplatPath` future flag to opt-in early. For more information, see https://reactrouter.com/v6/upgrading/future#v7_relativesplatpath. @ http://localhost:5173/node_modules/.vite/deps/react-router-dom.js?v=c76998c8:4414
[36681807ms] [ERROR] Failed to load resource: net::ERR_FAILED @ https://www.googletagmanager.com/gtm.js?id=GTM-TEST123:0
[36681807ms] [ERROR] Failed to load resource: net::ERR_FAILED @ https://www.googletagmanager.com/gtag/js?id=G-TEST12345:0
[36681807ms] [ERROR] Failed to load resource: net::ERR_FAILED @ https://connect.facebook.net/en_US/fbevents.js:0
[36681808ms] [ERROR] Failed to load resource: net::ERR_FAILED @ https://analytics.tiktok.com/i18n/pixel/events.js?sdkid=CTESTPIXEL1234567890&lib=ttq:0
[37369536ms] [INFO] %cDownload the React DevTools for a better development experience: https://reactjs.org/link/react-devtools font-weight:bold @ http://localhost:5173/node_modules/.vite/deps/chunk-XPR23Y44.js?v=b7d368d5:21548
[37369564ms] [WARNING] ⚠️ React Router Future Flag Warning: React Router will begin wrapping state updates in `React.startTransition` in v7. You can use the `v7_startTransition` future flag to opt-in early. For more information, see https://reactrouter.com/v6/upgrading/future#v7_starttransition. @ http://localhost:5173/node_modules/.vite/deps/react-router-dom.js?v=c76998c8:4414
[37369564ms] [WARNING] ⚠️ React Router Future Flag Warning: Relative route resolution within Splat routes is changing in v7. You can use the `v7_relativeSplatPath` future flag to opt-in early. For more information, see https://reactrouter.com/v6/upgrading/future#v7_relativesplatpath. @ http://localhost:5173/node_modules/.vite/deps/react-router-dom.js?v=c76998c8:4414
[37388783ms] [ERROR] Failed to load resource: the server responded with a status of 500 (Internal Server Error) @ http://localhost:5173/api/products/xiaomi-redmi-20000mah-power-bank:0
[37388800ms] [ERROR] Failed to load resource: the server responded with a status of 500 (Internal Server Error) @ http://localhost:5173/api/settings:0
[37388814ms] [ERROR] Failed to load resource: the server responded with a status of 500 (Internal Server Error) @ http://localhost:5173/api/auth/me:0
[37388815ms] [ERROR] Failed to load resource: the server responded with a status of 500 (Internal Server Error) @ http://localhost:5173/api/categories:0
[37388820ms] [ERROR] Failed to load resource: the server responded with a status of 500 (Internal Server Error) @ http://localhost:5173/api/products/xiaomi-redmi-20000mah-power-bank:0
[37422718ms] [INFO] %cDownload the React DevTools for a better development experience: https://reactjs.org/link/react-devtools font-weight:bold @ http://localhost:5173/node_modules/.vite/deps/chunk-XPR23Y44.js?v=b7d368d5:21548
[37422754ms] [WARNING] ⚠️ React Router Future Flag Warning: React Router will begin wrapping state updates in `React.startTransition` in v7. You can use the `v7_startTransition` future flag to opt-in early. For more information, see https://reactrouter.com/v6/upgrading/future#v7_starttransition. @ http://localhost:5173/node_modules/.vite/deps/react-router-dom.js?v=c76998c8:4414
[37422754ms] [WARNING] ⚠️ React Router Future Flag Warning: Relative route resolution within Splat routes is changing in v7. You can use the `v7_relativeSplatPath` future flag to opt-in early. For more information, see https://reactrouter.com/v6/upgrading/future#v7_relativesplatpath. @ http://localhost:5173/node_modules/.vite/deps/react-router-dom.js?v=c76998c8:4414
[37423144ms] TypeError: Cannot destructure property 'settings' of 'useStore(...)' as it is null.
    at Layout (http://localhost:5173/src/components/Layout.jsx?t=1790868762775:687:11)
    at renderWithHooks (http://localhost:5173/node_modules/.vite/deps/chunk-XPR23Y44.js?v=b7d368d5:11546:26)
    at mountIndeterminateComponent (http://localhost:5173/node_modules/.vite/deps/chunk-XPR23Y44.js?v=b7d368d5:14924:21)
    at beginWork (http://localhost:5173/node_modules/.vite/deps/chunk-XPR23Y44.js?v=b7d368d5:15912:22)
    at HTMLUnknownElement.callCallback2 (http://localhost:5173/node_modules/.vite/deps/chunk-XPR23Y44.js?v=b7d368d5:3672:22)
    at Object.invokeGuardedCallbackDev (http://localhost:5173/node_modules/.vite/deps/chunk-XPR23Y44.js?v=b7d368d5:3697:24)
    at invokeGuardedCallback (http://localhost:5173/node_modules/.vite/deps/chunk-XPR23Y44.js?v=b7d368d5:3731:39)
    at beginWork$1 (http://localhost:5173/node_modules/.vite/deps/chunk-XPR23Y44.js?v=b7d368d5:19763:15)
    at performUnitOfWork (http://localhost:5173/node_modules/.vite/deps/chunk-XPR23Y44.js?v=b7d368d5:19196:20)
    at workLoopSync (http://localhost:5173/node_modules/.vite/deps/chunk-XPR23Y44.js?v=b7d368d5:19135:13)
[37423147ms] TypeError: Cannot destructure property 'settings' of 'useStore(...)' as it is null.
    at Layout (http://localhost:5173/src/components/Layout.jsx?t=1790868762775:687:11)
    at renderWithHooks (http://localhost:5173/node_modules/.vite/deps/chunk-XPR23Y44.js?v=b7d368d5:11546:26)
    at mountIndeterminateComponent (http://localhost:5173/node_modules/.vite/deps/chunk-XPR23Y44.js?v=b7d368d5:14924:21)
    at beginWork (http://localhost:5173/node_modules/.vite/deps/chunk-XPR23Y44.js?v=b7d368d5:15912:22)
    at HTMLUnknownElement.callCallback2 (http://localhost:5173/node_modules/.vite/deps/chunk-XPR23Y44.js?v=b7d368d5:3672:22)
    at Object.invokeGuardedCallbackDev (http://localhost:5173/node_modules/.vite/deps/chunk-XPR23Y44.js?v=b7d368d5:3697:24)
    at invokeGuardedCallback (http://localhost:5173/node_modules/.vite/deps/chunk-XPR23Y44.js?v=b7d368d5:3731:39)
    at beginWork$1 (http://localhost:5173/node_modules/.vite/deps/chunk-XPR23Y44.js?v=b7d368d5:19763:15)
    at performUnitOfWork (http://localhost:5173/node_modules/.vite/deps/chunk-XPR23Y44.js?v=b7d368d5:19196:20)
    at workLoopSync (http://localhost:5173/node_modules/.vite/deps/chunk-XPR23Y44.js?v=b7d368d5:19135:13)
[37423148ms] [ERROR] The above error occurred in the <Layout> component:

    at Layout (http://localhost:5173/src/components/Layout.jsx?t=1790868762775:683:27)
    at RenderedRoute (http://localhost:5173/node_modules/.vite/deps/react-router-dom.js?v=c76998c8:4110:5)
    at Routes (http://localhost:5173/node_modules/.vite/deps/react-router-dom.js?v=c76998c8:4580:5)
    at App
    at StoreProvider (http://localhost:5173/src/context/StoreContext.jsx?t=1790868763926:30:33)
    at Router (http://localhost:5173/node_modules/.vite/deps/react-router-dom.js?v=c76998c8:4523:15)
    at BrowserRouter (http://localhost:5173/node_modules/.vite/deps/react-router-dom.js?v=c76998c8:5261:5)

Consider adding an error boundary to your tree to customize error handling behavior.
Visit https://reactjs.org/link/error-boundaries to learn more about error boundaries. @ http://localhost:5173/node_modules/.vite/deps/chunk-XPR23Y44.js?v=b7d368d5:14029
[37423149ms] TypeError: Cannot destructure property 'settings' of 'useStore(...)' as it is null.
    at Layout (http://localhost:5173/src/components/Layout.jsx?t=1790868762775:687:11)
    at renderWithHooks (http://localhost:5173/node_modules/.vite/deps/chunk-XPR23Y44.js?v=b7d368d5:11546:26)
    at mountIndeterminateComponent (http://localhost:5173/node_modules/.vite/deps/chunk-XPR23Y44.js?v=b7d368d5:14924:21)
    at beginWork (http://localhost:5173/node_modules/.vite/deps/chunk-XPR23Y44.js?v=b7d368d5:15912:22)
    at beginWork$1 (http://localhost:5173/node_modules/.vite/deps/chunk-XPR23Y44.js?v=b7d368d5:19751:22)
    at performUnitOfWork (http://localhost:5173/node_modules/.vite/deps/chunk-XPR23Y44.js?v=b7d368d5:19196:20)
    at workLoopSync (http://localhost:5173/node_modules/.vite/deps/chunk-XPR23Y44.js?v=b7d368d5:19135:13)
    at renderRootSync (http://localhost:5173/node_modules/.vite/deps/chunk-XPR23Y44.js?v=b7d368d5:19114:15)
    at recoverFromConcurrentError (http://localhost:5173/node_modules/.vite/deps/chunk-XPR23Y44.js?v=b7d368d5:18734:28)
    at performSyncWorkOnRoot (http://localhost:5173/node_modules/.vite/deps/chunk-XPR23Y44.js?v=b7d368d5:18877:28)
[37423757ms] [INFO] %cDownload the React DevTools for a better development experience: https://reactjs.org/link/react-devtools font-weight:bold @ http://localhost:5173/node_modules/.vite/deps/chunk-XPR23Y44.js?v=b7d368d5:21548
[37423795ms] [WARNING] ⚠️ React Router Future Flag Warning: React Router will begin wrapping state updates in `React.startTransition` in v7. You can use the `v7_startTransition` future flag to opt-in early. For more information, see https://reactrouter.com/v6/upgrading/future#v7_starttransition. @ http://localhost:5173/node_modules/.vite/deps/react-router-dom.js?v=c76998c8:4414
[37423796ms] [WARNING] ⚠️ React Router Future Flag Warning: Relative route resolution within Splat routes is changing in v7. You can use the `v7_relativeSplatPath` future flag to opt-in early. For more information, see https://reactrouter.com/v6/upgrading/future#v7_relativesplatpath. @ http://localhost:5173/node_modules/.vite/deps/react-router-dom.js?v=c76998c8:4414
[37470767ms] [INFO] %cDownload the React DevTools for a better development experience: https://reactjs.org/link/react-devtools font-weight:bold @ http://localhost:5173/node_modules/.vite/deps/chunk-XPR23Y44.js?v=b7d368d5:21548
[37470831ms] [WARNING] ⚠️ React Router Future Flag Warning: React Router will begin wrapping state updates in `React.startTransition` in v7. You can use the `v7_startTransition` future flag to opt-in early. For more information, see https://reactrouter.com/v6/upgrading/future#v7_starttransition. @ http://localhost:5173/node_modules/.vite/deps/react-router-dom.js?v=c76998c8:4414
[37470831ms] [WARNING] ⚠️ React Router Future Flag Warning: Relative route resolution within Splat routes is changing in v7. You can use the `v7_relativeSplatPath` future flag to opt-in early. For more information, see https://reactrouter.com/v6/upgrading/future#v7_relativesplatpath. @ http://localhost:5173/node_modules/.vite/deps/react-router-dom.js?v=c76998c8:4414
[37473399ms] [INFO] %cDownload the React DevTools for a better development experience: https://reactjs.org/link/react-devtools font-weight:bold @ http://localhost:5173/node_modules/.vite/deps/chunk-XPR23Y44.js?v=b7d368d5:21548
[37473429ms] [WARNING] ⚠️ React Router Future Flag Warning: React Router will begin wrapping state updates in `React.startTransition` in v7. You can use the `v7_startTransition` future flag to opt-in early. For more information, see https://reactrouter.com/v6/upgrading/future#v7_starttransition. @ http://localhost:5173/node_modules/.vite/deps/react-router-dom.js?v=c76998c8:4414
[37473430ms] [WARNING] ⚠️ React Router Future Flag Warning: Relative route resolution within Splat routes is changing in v7. You can use the `v7_relativeSplatPath` future flag to opt-in early. For more information, see https://reactrouter.com/v6/upgrading/future#v7_relativesplatpath. @ http://localhost:5173/node_modules/.vite/deps/react-router-dom.js?v=c76998c8:4414
[39295317ms] ReferenceError: hoverImage is not defined
    at ProductCard (http://localhost:5173/src/components/Shared.jsx?t=1790870635432:84:7)
    at renderWithHooks (http://localhost:5173/node_modules/.vite/deps/chunk-XPR23Y44.js?v=b7d368d5:11546:26)
    at updateFunctionComponent (http://localhost:5173/node_modules/.vite/deps/chunk-XPR23Y44.js?v=b7d368d5:14580:28)
    at beginWork (http://localhost:5173/node_modules/.vite/deps/chunk-XPR23Y44.js?v=b7d368d5:15922:22)
    at HTMLUnknownElement.callCallback2 (http://localhost:5173/node_modules/.vite/deps/chunk-XPR23Y44.js?v=b7d368d5:3672:22)
    at Object.invokeGuardedCallbackDev (http://localhost:5173/node_modules/.vite/deps/chunk-XPR23Y44.js?v=b7d368d5:3697:24)
    at invokeGuardedCallback (http://localhost:5173/node_modules/.vite/deps/chunk-XPR23Y44.js?v=b7d368d5:3731:39)
    at beginWork$1 (http://localhost:5173/node_modules/.vite/deps/chunk-XPR23Y44.js?v=b7d368d5:19763:15)
    at performUnitOfWork (http://localhost:5173/node_modules/.vite/deps/chunk-XPR23Y44.js?v=b7d368d5:19196:20)
    at workLoopSync (http://localhost:5173/node_modules/.vite/deps/chunk-XPR23Y44.js?v=b7d368d5:19135:13)
[39295319ms] ReferenceError: hoverImage is not defined
    at ProductCard (http://localhost:5173/src/components/Shared.jsx?t=1790870635432:84:7)
    at renderWithHooks (http://localhost:5173/node_modules/.vite/deps/chunk-XPR23Y44.js?v=b7d368d5:11546:26)
    at updateFunctionComponent (http://localhost:5173/node_modules/.vite/deps/chunk-XPR23Y44.js?v=b7d368d5:14580:28)
    at beginWork (http://localhost:5173/node_modules/.vite/deps/chunk-XPR23Y44.js?v=b7d368d5:15922:22)
    at HTMLUnknownElement.callCallback2 (http://localhost:5173/node_modules/.vite/deps/chunk-XPR23Y44.js?v=b7d368d5:3672:22)
    at Object.invokeGuardedCallbackDev (http://localhost:5173/node_modules/.vite/deps/chunk-XPR23Y44.js?v=b7d368d5:3697:24)
    at invokeGuardedCallback (http://localhost:5173/node_modules/.vite/deps/chunk-XPR23Y44.js?v=b7d368d5:3731:39)
    at beginWork$1 (http://localhost:5173/node_modules/.vite/deps/chunk-XPR23Y44.js?v=b7d368d5:19763:15)
    at performUnitOfWork (http://localhost:5173/node_modules/.vite/deps/chunk-XPR23Y44.js?v=b7d368d5:19196:20)
    at workLoopSync (http://localhost:5173/node_modules/.vite/deps/chunk-XPR23Y44.js?v=b7d368d5:19135:13)
[39295319ms] ReferenceError: hoverImage is not defined
    at ProductCard (http://localhost:5173/src/components/Shared.jsx?t=1790870635432:84:7)
    at renderWithHooks (http://localhost:5173/node_modules/.vite/deps/chunk-XPR23Y44.js?v=b7d368d5:11546:26)
    at updateFunctionComponent (http://localhost:5173/node_modules/.vite/deps/chunk-XPR23Y44.js?v=b7d368d5:14580:28)
    at beginWork (http://localhost:5173/node_modules/.vite/deps/chunk-XPR23Y44.js?v=b7d368d5:15922:22)
    at HTMLUnknownElement.callCallback2 (http://localhost:5173/node_modules/.vite/deps/chunk-XPR23Y44.js?v=b7d368d5:3672:22)
    at Object.invokeGuardedCallbackDev (http://localhost:5173/node_modules/.vite/deps/chunk-XPR23Y44.js?v=b7d368d5:3697:24)
    at invokeGuardedCallback (http://localhost:5173/node_modules/.vite/deps/chunk-XPR23Y44.js?v=b7d368d5:3731:39)
    at beginWork$1 (http://localhost:5173/node_modules/.vite/deps/chunk-XPR23Y44.js?v=b7d368d5:19763:15)
    at performUnitOfWork (http://localhost:5173/node_modules/.vite/deps/chunk-XPR23Y44.js?v=b7d368d5:19196:20)
    at workLoopSync (http://localhost:5173/node_modules/.vite/deps/chunk-XPR23Y44.js?v=b7d368d5:19135:13)
[39295321ms] ReferenceError: hoverImage is not defined
    at ProductCard (http://localhost:5173/src/components/Shared.jsx?t=1790870635432:84:7)
    at renderWithHooks (http://localhost:5173/node_modules/.vite/deps/chunk-XPR23Y44.js?v=b7d368d5:11546:26)
    at updateFunctionComponent (http://localhost:5173/node_modules/.vite/deps/chunk-XPR23Y44.js?v=b7d368d5:14580:28)
    at beginWork (http://localhost:5173/node_modules/.vite/deps/chunk-XPR23Y44.js?v=b7d368d5:15922:22)
    at HTMLUnknownElement.callCallback2 (http://localhost:5173/node_modules/.vite/deps/chunk-XPR23Y44.js?v=b7d368d5:3672:22)
    at Object.invokeGuardedCallbackDev (http://localhost:5173/node_modules/.vite/deps/chunk-XPR23Y44.js?v=b7d368d5:3697:24)
    at invokeGuardedCallback (http://localhost:5173/node_modules/.vite/deps/chunk-XPR23Y44.js?v=b7d368d5:3731:39)
    at beginWork$1 (http://localhost:5173/node_modules/.vite/deps/chunk-XPR23Y44.js?v=b7d368d5:19763:15)
    at performUnitOfWork (http://localhost:5173/node_modules/.vite/deps/chunk-XPR23Y44.js?v=b7d368d5:19196:20)
    at workLoopSync (http://localhost:5173/node_modules/.vite/deps/chunk-XPR23Y44.js?v=b7d368d5:19135:13)
[39295322ms] ReferenceError: hoverImage is not defined
    at ProductCard (http://localhost:5173/src/components/Shared.jsx?t=1790870635432:84:7)
    at renderWithHooks (http://localhost:5173/node_modules/.vite/deps/chunk-XPR23Y44.js?v=b7d368d5:11546:26)
    at updateFunctionComponent (http://localhost:5173/node_modules/.vite/deps/chunk-XPR23Y44.js?v=b7d368d5:14580:28)
    at beginWork (http://localhost:5173/node_modules/.vite/deps/chunk-XPR23Y44.js?v=b7d368d5:15922:22)
    at HTMLUnknownElement.callCallback2 (http://localhost:5173/node_modules/.vite/deps/chunk-XPR23Y44.js?v=b7d368d5:3672:22)
    at Object.invokeGuardedCallbackDev (http://localhost:5173/node_modules/.vite/deps/chunk-XPR23Y44.js?v=b7d368d5:3697:24)
    at invokeGuardedCallback (http://localhost:5173/node_modules/.vite/deps/chunk-XPR23Y44.js?v=b7d368d5:3731:39)
    at beginWork$1 (http://localhost:5173/node_modules/.vite/deps/chunk-XPR23Y44.js?v=b7d368d5:19763:15)
    at performUnitOfWork (http://localhost:5173/node_modules/.vite/deps/chunk-XPR23Y44.js?v=b7d368d5:19196:20)
    at workLoopSync (http://localhost:5173/node_modules/.vite/deps/chunk-XPR23Y44.js?v=b7d368d5:19135:13)
[39295322ms] ReferenceError: hoverImage is not defined
    at ProductCard (http://localhost:5173/src/components/Shared.jsx?t=1790870635432:84:7)
    at renderWithHooks (http://localhost:5173/node_modules/.vite/deps/chunk-XPR23Y44.js?v=b7d368d5:11546:26)
    at updateFunctionComponent (http://localhost:5173/node_modules/.vite/deps/chunk-XPR23Y44.js?v=b7d368d5:14580:28)
    at beginWork (http://localhost:5173/node_modules/.vite/deps/chunk-XPR23Y44.js?v=b7d368d5:15922:22)
    at HTMLUnknownElement.callCallback2 (http://localhost:5173/node_modules/.vite/deps/chunk-XPR23Y44.js?v=b7d368d5:3672:22)
    at Object.invokeGuardedCallbackDev (http://localhost:5173/node_modules/.vite/deps/chunk-XPR23Y44.js?v=b7d368d5:3697:24)
    at invokeGuardedCallback (http://localhost:5173/node_modules/.vite/deps/chunk-XPR23Y44.js?v=b7d368d5:3731:39)
    at beginWork$1 (http://localhost:5173/node_modules/.vite/deps/chunk-XPR23Y44.js?v=b7d368d5:19763:15)
    at performUnitOfWork (http://localhost:5173/node_modules/.vite/deps/chunk-XPR23Y44.js?v=b7d368d5:19196:20)
    at workLoopSync (http://localhost:5173/node_modules/.vite/deps/chunk-XPR23Y44.js?v=b7d368d5:19135:13)
[39295322ms] ReferenceError: hoverImage is not defined
    at ProductCard (http://localhost:5173/src/components/Shared.jsx?t=1790870635432:84:7)
    at renderWithHooks (http://localhost:5173/node_modules/.vite/deps/chunk-XPR23Y44.js?v=b7d368d5:11546:26)
    at updateFunctionComponent (http://localhost:5173/node_modules/.vite/deps/chunk-XPR23Y44.js?v=b7d368d5:14580:28)
    at beginWork (http://localhost:5173/node_modules/.vite/deps/chunk-XPR23Y44.js?v=b7d368d5:15922:22)
    at HTMLUnknownElement.callCallback2 (http://localhost:5173/node_modules/.vite/deps/chunk-XPR23Y44.js?v=b7d368d5:3672:22)
    at Object.invokeGuardedCallbackDev (http://localhost:5173/node_modules/.vite/deps/chunk-XPR23Y44.js?v=b7d368d5:3697:24)
    at invokeGuardedCallback (http://localhost:5173/node_modules/.vite/deps/chunk-XPR23Y44.js?v=b7d368d5:3731:39)
    at beginWork$1 (http://localhost:5173/node_modules/.vite/deps/chunk-XPR23Y44.js?v=b7d368d5:19763:15)
    at performUnitOfWork (http://localhost:5173/node_modules/.vite/deps/chunk-XPR23Y44.js?v=b7d368d5:19196:20)
    at workLoopSync (http://localhost:5173/node_modules/.vite/deps/chunk-XPR23Y44.js?v=b7d368d5:19135:13)
[39295322ms] ReferenceError: hoverImage is not defined
    at ProductCard (http://localhost:5173/src/components/Shared.jsx?t=1790870635432:84:7)
    at renderWithHooks (http://localhost:5173/node_modules/.vite/deps/chunk-XPR23Y44.js?v=b7d368d5:11546:26)
    at updateFunctionComponent (http://localhost:5173/node_modules/.vite/deps/chunk-XPR23Y44.js?v=b7d368d5:14580:28)
    at beginWork (http://localhost:5173/node_modules/.vite/deps/chunk-XPR23Y44.js?v=b7d368d5:15922:22)
    at HTMLUnknownElement.callCallback2 (http://localhost:5173/node_modules/.vite/deps/chunk-XPR23Y44.js?v=b7d368d5:3672:22)
    at Object.invokeGuardedCallbackDev (http://localhost:5173/node_modules/.vite/deps/chunk-XPR23Y44.js?v=b7d368d5:3697:24)
    at invokeGuardedCallback (http://localhost:5173/node_modules/.vite/deps/chunk-XPR23Y44.js?v=b7d368d5:3731:39)
    at beginWork$1 (http://localhost:5173/node_modules/.vite/deps/chunk-XPR23Y44.js?v=b7d368d5:19763:15)
    at performUnitOfWork (http://localhost:5173/node_modules/.vite/deps/chunk-XPR23Y44.js?v=b7d368d5:19196:20)
    at workLoopSync (http://localhost:5173/node_modules/.vite/deps/chunk-XPR23Y44.js?v=b7d368d5:19135:13)
[39295326ms] ReferenceError: hoverImage is not defined
    at ProductCard (http://localhost:5173/src/components/Shared.jsx?t=1790870635432:84:7)
    at renderWithHooks (http://localhost:5173/node_modules/.vite/deps/chunk-XPR23Y44.js?v=b7d368d5:11546:26)
    at updateFunctionComponent (http://localhost:5173/node_modules/.vite/deps/chunk-XPR23Y44.js?v=b7d368d5:14580:28)
    at beginWork (http://localhost:5173/node_modules/.vite/deps/chunk-XPR23Y44.js?v=b7d368d5:15922:22)
    at HTMLUnknownElement.callCallback2 (http://localhost:5173/node_modules/.vite/deps/chunk-XPR23Y44.js?v=b7d368d5:3672:22)
    at Object.invokeGuardedCallbackDev (http://localhost:5173/node_modules/.vite/deps/chunk-XPR23Y44.js?v=b7d368d5:3697:24)
    at invokeGuardedCallback (http://localhost:5173/node_modules/.vite/deps/chunk-XPR23Y44.js?v=b7d368d5:3731:39)
    at beginWork$1 (http://localhost:5173/node_modules/.vite/deps/chunk-XPR23Y44.js?v=b7d368d5:19763:15)
    at performUnitOfWork (http://localhost:5173/node_modules/.vite/deps/chunk-XPR23Y44.js?v=b7d368d5:19196:20)
    at workLoopSync (http://localhost:5173/node_modules/.vite/deps/chunk-XPR23Y44.js?v=b7d368d5:19135:13)
[39295326ms] ReferenceError: hoverImage is not defined
    at ProductCard (http://localhost:5173/src/components/Shared.jsx?t=1790870635432:84:7)
    at renderWithHooks (http://localhost:5173/node_modules/.vite/deps/chunk-XPR23Y44.js?v=b7d368d5:11546:26)
    at updateFunctionComponent (http://localhost:5173/node_modules/.vite/deps/chunk-XPR23Y44.js?v=b7d368d5:14580:28)
    at beginWork (http://localhost:5173/node_modules/.vite/deps/chunk-XPR23Y44.js?v=b7d368d5:15922:22)
    at HTMLUnknownElement.callCallback2 (http://localhost:5173/node_modules/.vite/deps/chunk-XPR23Y44.js?v=b7d368d5:3672:22)
    at Object.invokeGuardedCallbackDev (http://localhost:5173/node_modules/.vite/deps/chunk-XPR23Y44.js?v=b7d368d5:3697:24)
    at invokeGuardedCallback (http://localhost:5173/node_modules/.vite/deps/chunk-XPR23Y44.js?v=b7d368d5:3731:39)
    at beginWork$1 (http://localhost:5173/node_modules/.vite/deps/chunk-XPR23Y44.js?v=b7d368d5:19763:15)
    at performUnitOfWork (http://localhost:5173/node_modules/.vite/deps/chunk-XPR23Y44.js?v=b7d368d5:19196:20)
    at workLoopSync (http://localhost:5173/node_modules/.vite/deps/chunk-XPR23Y44.js?v=b7d368d5:19135:13)
[39295326ms] ReferenceError: hoverImage is not defined
    at ProductCard (http://localhost:5173/src/components/Shared.jsx?t=1790870635432:84:7)
    at renderWithHooks (http://localhost:5173/node_modules/.vite/deps/chunk-XPR23Y44.js?v=b7d368d5:11546:26)
    at updateFunctionComponent (http://localhost:5173/node_modules/.vite/deps/chunk-XPR23Y44.js?v=b7d368d5:14580:28)
    at beginWork (http://localhost:5173/node_modules/.vite/deps/chunk-XPR23Y44.js?v=b7d368d5:15922:22)
    at HTMLUnknownElement.callCallback2 (http://localhost:5173/node_modules/.vite/deps/chunk-XPR23Y44.js?v=b7d368d5:3672:22)
    at Object.invokeGuardedCallbackDev (http://localhost:5173/node_modules/.vite/deps/chunk-XPR23Y44.js?v=b7d368d5:3697:24)
    at invokeGuardedCallback (http://localhost:5173/node_modules/.vite/deps/chunk-XPR23Y44.js?v=b7d368d5:3731:39)
    at beginWork$1 (http://localhost:5173/node_modules/.vite/deps/chunk-XPR23Y44.js?v=b7d368d5:19763:15)
    at performUnitOfWork (http://localhost:5173/node_modules/.vite/deps/chunk-XPR23Y44.js?v=b7d368d5:19196:20)
    at workLoopSync (http://localhost:5173/node_modules/.vite/deps/chunk-XPR23Y44.js?v=b7d368d5:19135:13)
[39295326ms] ReferenceError: hoverImage is not defined
    at ProductCard (http://localhost:5173/src/components/Shared.jsx?t=1790870635432:84:7)
    at renderWithHooks (http://localhost:5173/node_modules/.vite/deps/chunk-XPR23Y44.js?v=b7d368d5:11546:26)
    at updateFunctionComponent (http://localhost:5173/node_modules/.vite/deps/chunk-XPR23Y44.js?v=b7d368d5:14580:28)
    at beginWork (http://localhost:5173/node_modules/.vite/deps/chunk-XPR23Y44.js?v=b7d368d5:15922:22)
    at HTMLUnknownElement.callCallback2 (http://localhost:5173/node_modules/.vite/deps/chunk-XPR23Y44.js?v=b7d368d5:3672:22)
    at Object.invokeGuardedCallbackDev (http://localhost:5173/node_modules/.vite/deps/chunk-XPR23Y44.js?v=b7d368d5:3697:24)
    at invokeGuardedCallback (http://localhost:5173/node_modules/.vite/deps/chunk-XPR23Y44.js?v=b7d368d5:3731:39)
    at beginWork$1 (http://localhost:5173/node_modules/.vite/deps/chunk-XPR23Y44.js?v=b7d368d5:19763:15)
    at performUnitOfWork (http://localhost:5173/node_modules/.vite/deps/chunk-XPR23Y44.js?v=b7d368d5:19196:20)
    at workLoopSync (http://localhost:5173/node_modules/.vite/deps/chunk-XPR23Y44.js?v=b7d368d5:19135:13)
[39295326ms] ReferenceError: hoverImage is not defined
    at ProductCard (http://localhost:5173/src/components/Shared.jsx?t=1790870635432:84:7)
    at renderWithHooks (http://localhost:5173/node_modules/.vite/deps/chunk-XPR23Y44.js?v=b7d368d5:11546:26)
    at updateFunctionComponent (http://localhost:5173/node_modules/.vite/deps/chunk-XPR23Y44.js?v=b7d368d5:14580:28)
    at beginWork (http://localhost:5173/node_modules/.vite/deps/chunk-XPR23Y44.js?v=b7d368d5:15922:22)
    at HTMLUnknownElement.callCallback2 (http://localhost:5173/node_modules/.vite/deps/chunk-XPR23Y44.js?v=b7d368d5:3672:22)
    at Object.invokeGuardedCallbackDev (http://localhost:5173/node_modules/.vite/deps/chunk-XPR23Y44.js?v=b7d368d5:3697:24)
    at invokeGuardedCallback (http://localhost:5173/node_modules/.vite/deps/chunk-XPR23Y44.js?v=b7d368d5:3731:39)
    at beginWork$1 (http://localhost:5173/node_modules/.vite/deps/chunk-XPR23Y44.js?v=b7d368d5:19763:15)
    at performUnitOfWork (http://localhost:5173/node_modules/.vite/deps/chunk-XPR23Y44.js?v=b7d368d5:19196:20)
    at workLoopSync (http://localhost:5173/node_modules/.vite/deps/chunk-XPR23Y44.js?v=b7d368d5:19135:13)
[39295326ms] ReferenceError: hoverImage is not defined
    at ProductCard (http://localhost:5173/src/components/Shared.jsx?t=1790870635432:84:7)
    at renderWithHooks (http://localhost:5173/node_modules/.vite/deps/chunk-XPR23Y44.js?v=b7d368d5:11546:26)
    at updateFunctionComponent (http://localhost:5173/node_modules/.vite/deps/chunk-XPR23Y44.js?v=b7d368d5:14580:28)
    at beginWork (http://localhost:5173/node_modules/.vite/deps/chunk-XPR23Y44.js?v=b7d368d5:15922:22)
    at HTMLUnknownElement.callCallback2 (http://localhost:5173/node_modules/.vite/deps/chunk-XPR23Y44.js?v=b7d368d5:3672:22)
    at Object.invokeGuardedCallbackDev (http://localhost:5173/node_modules/.vite/deps/chunk-XPR23Y44.js?v=b7d368d5:3697:24)
    at invokeGuardedCallback (http://localhost:5173/node_modules/.vite/deps/chunk-XPR23Y44.js?v=b7d368d5:3731:39)
    at beginWork$1 (http://localhost:5173/node_modules/.vite/deps/chunk-XPR23Y44.js?v=b7d368d5:19763:15)
    at performUnitOfWork (http://localhost:5173/node_modules/.vite/deps/chunk-XPR23Y44.js?v=b7d368d5:19196:20)
    at workLoopSync (http://localhost:5173/node_modules/.vite/deps/chunk-XPR23Y44.js?v=b7d368d5:19135:13)
[39295326ms] ReferenceError: hoverImage is not defined
    at ProductCard (http://localhost:5173/src/components/Shared.jsx?t=1790870635432:84:7)
    at renderWithHooks (http://localhost:5173/node_modules/.vite/deps/chunk-XPR23Y44.js?v=b7d368d5:11546:26)
    at updateFunctionComponent (http://localhost:5173/node_modules/.vite/deps/chunk-XPR23Y44.js?v=b7d368d5:14580:28)
    at beginWork (http://localhost:5173/node_modules/.vite/deps/chunk-XPR23Y44.js?v=b7d368d5:15922:22)
    at HTMLUnknownElement.callCallback2 (http://localhost:5173/node_modules/.vite/deps/chunk-XPR23Y44.js?v=b7d368d5:3672:22)
    at Object.invokeGuardedCallbackDev (http://localhost:5173/node_modules/.vite/deps/chunk-XPR23Y44.js?v=b7d368d5:3697:24)
    at invokeGuardedCallback (http://localhost:5173/node_modules/.vite/deps/chunk-XPR23Y44.js?v=b7d368d5:3731:39)
    at beginWork$1 (http://localhost:5173/node_modules/.vite/deps/chunk-XPR23Y44.js?v=b7d368d5:19763:15)
    at performUnitOfWork (http://localhost:5173/node_modules/.vite/deps/chunk-XPR23Y44.js?v=b7d368d5:19196:20)
    at workLoopSync (http://localhost:5173/node_modules/.vite/deps/chunk-XPR23Y44.js?v=b7d368d5:19135:13)
[39295326ms] ReferenceError: hoverImage is not defined
    at ProductCard (http://localhost:5173/src/components/Shared.jsx?t=1790870635432:84:7)
    at renderWithHooks (http://localhost:5173/node_modules/.vite/deps/chunk-XPR23Y44.js?v=b7d368d5:11546:26)
    at updateFunctionComponent (http://localhost:5173/node_modules/.vite/deps/chunk-XPR23Y44.js?v=b7d368d5:14580:28)
    at beginWork (http://localhost:5173/node_modules/.vite/deps/chunk-XPR23Y44.js?v=b7d368d5:15922:22)
    at HTMLUnknownElement.callCallback2 (http://localhost:5173/node_modules/.vite/deps/chunk-XPR23Y44.js?v=b7d368d5:3672:22)
    at Object.invokeGuardedCallbackDev (http://localhost:5173/node_modules/.vite/deps/chunk-XPR23Y44.js?v=b7d368d5:3697:24)
    at invokeGuardedCallback (http://localhost:5173/node_modules/.vite/deps/chunk-XPR23Y44.js?v=b7d368d5:3731:39)
    at beginWork$1 (http://localhost:5173/node_modules/.vite/deps/chunk-XPR23Y44.js?v=b7d368d5:19763:15)
    at performUnitOfWork (http://localhost:5173/node_modules/.vite/deps/chunk-XPR23Y44.js?v=b7d368d5:19196:20)
    at workLoopSync (http://localhost:5173/node_modules/.vite/deps/chunk-XPR23Y44.js?v=b7d368d5:19135:13)
[39295326ms] ReferenceError: hoverImage is not defined
    at ProductCard (http://localhost:5173/src/components/Shared.jsx?t=1790870635432:84:7)
    at renderWithHooks (http://localhost:5173/node_modules/.vite/deps/chunk-XPR23Y44.js?v=b7d368d5:11546:26)
    at updateFunctionComponent (http://localhost:5173/node_modules/.vite/deps/chunk-XPR23Y44.js?v=b7d368d5:14580:28)
    at beginWork (http://localhost:5173/node_modules/.vite/deps/chunk-XPR23Y44.js?v=b7d368d5:15922:22)
    at HTMLUnknownElement.callCallback2 (http://localhost:5173/node_modules/.vite/deps/chunk-XPR23Y44.js?v=b7d368d5:3672:22)
    at Object.invokeGuardedCallbackDev (http://localhost:5173/node_modules/.vite/deps/chunk-XPR23Y44.js?v=b7d368d5:3697:24)
    at invokeGuardedCallback (http://localhost:5173/node_modules/.vite/deps/chunk-XPR23Y44.js?v=b7d368d5:3731:39)
    at beginWork$1 (http://localhost:5173/node_modules/.vite/deps/chunk-XPR23Y44.js?v=b7d368d5:19763:15)
    at performUnitOfWork (http://localhost:5173/node_modules/.vite/deps/chunk-XPR23Y44.js?v=b7d368d5:19196:20)
    at workLoopSync (http://localhost:5173/node_modules/.vite/deps/chunk-XPR23Y44.js?v=b7d368d5:19135:13)
[39295329ms] ReferenceError: hoverImage is not defined
    at ProductCard (http://localhost:5173/src/components/Shared.jsx?t=1790870635432:84:7)
    at renderWithHooks (http://localhost:5173/node_modules/.vite/deps/chunk-XPR23Y44.js?v=b7d368d5:11546:26)
    at updateFunctionComponent (http://localhost:5173/node_modules/.vite/deps/chunk-XPR23Y44.js?v=b7d368d5:14580:28)
    at beginWork (http://localhost:5173/node_modules/.vite/deps/chunk-XPR23Y44.js?v=b7d368d5:15922:22)
    at HTMLUnknownElement.callCallback2 (http://localhost:5173/node_modules/.vite/deps/chunk-XPR23Y44.js?v=b7d368d5:3672:22)
    at Object.invokeGuardedCallbackDev (http://localhost:5173/node_modules/.vite/deps/chunk-XPR23Y44.js?v=b7d368d5:3697:24)
    at invokeGuardedCallback (http://localhost:5173/node_modules/.vite/deps/chunk-XPR23Y44.js?v=b7d368d5:3731:39)
    at beginWork$1 (http://localhost:5173/node_modules/.vite/deps/chunk-XPR23Y44.js?v=b7d368d5:19763:15)
    at performUnitOfWork (http://localhost:5173/node_modules/.vite/deps/chunk-XPR23Y44.js?v=b7d368d5:19196:20)
    at workLoopSync (http://localhost:5173/node_modules/.vite/deps/chunk-XPR23Y44.js?v=b7d368d5:19135:13)
[39295330ms] ReferenceError: hoverImage is not defined
    at ProductCard (http://localhost:5173/src/components/Shared.jsx?t=1790870635432:84:7)
    at renderWithHooks (http://localhost:5173/node_modules/.vite/deps/chunk-XPR23Y44.js?v=b7d368d5:11546:26)
    at updateFunctionComponent (http://localhost:5173/node_modules/.vite/deps/chunk-XPR23Y44.js?v=b7d368d5:14580:28)
    at beginWork (http://localhost:5173/node_modules/.vite/deps/chunk-XPR23Y44.js?v=b7d368d5:15922:22)
    at HTMLUnknownElement.callCallback2 (http://localhost:5173/node_modules/.vite/deps/chunk-XPR23Y44.js?v=b7d368d5:3672:22)
    at Object.invokeGuardedCallbackDev (http://localhost:5173/node_modules/.vite/deps/chunk-XPR23Y44.js?v=b7d368d5:3697:24)
    at invokeGuardedCallback (http://localhost:5173/node_modules/.vite/deps/chunk-XPR23Y44.js?v=b7d368d5:3731:39)
    at beginWork$1 (http://localhost:5173/node_modules/.vite/deps/chunk-XPR23Y44.js?v=b7d368d5:19763:15)
    at performUnitOfWork (http://localhost:5173/node_modules/.vite/deps/chunk-XPR23Y44.js?v=b7d368d5:19196:20)
    at workLoopSync (http://localhost:5173/node_modules/.vite/deps/chunk-XPR23Y44.js?v=b7d368d5:19135:13)
[39295330ms] ReferenceError: hoverImage is not defined
    at ProductCard (http://localhost:5173/src/components/Shared.jsx?t=1790870635432:84:7)
    at renderWithHooks (http://localhost:5173/node_modules/.vite/deps/chunk-XPR23Y44.js?v=b7d368d5:11546:26)
    at updateFunctionComponent (http://localhost:5173/node_modules/.vite/deps/chunk-XPR23Y44.js?v=b7d368d5:14580:28)
    at beginWork (http://localhost:5173/node_modules/.vite/deps/chunk-XPR23Y44.js?v=b7d368d5:15922:22)
    at HTMLUnknownElement.callCallback2 (http://localhost:5173/node_modules/.vite/deps/chunk-XPR23Y44.js?v=b7d368d5:3672:22)
    at Object.invokeGuardedCallbackDev (http://localhost:5173/node_modules/.vite/deps/chunk-XPR23Y44.js?v=b7d368d5:3697:24)
    at invokeGuardedCallback (http://localhost:5173/node_modules/.vite/deps/chunk-XPR23Y44.js?v=b7d368d5:3731:39)
    at beginWork$1 (http://localhost:5173/node_modules/.vite/deps/chunk-XPR23Y44.js?v=b7d368d5:19763:15)
    at performUnitOfWork (http://localhost:5173/node_modules/.vite/deps/chunk-XPR23Y44.js?v=b7d368d5:19196:20)
    at workLoopSync (http://localhost:5173/node_modules/.vite/deps/chunk-XPR23Y44.js?v=b7d368d5:19135:13)
[39295330ms] ReferenceError: hoverImage is not defined
    at ProductCard (http://localhost:5173/src/components/Shared.jsx?t=1790870635432:84:7)
    at renderWithHooks (http://localhost:5173/node_modules/.vite/deps/chunk-XPR23Y44.js?v=b7d368d5:11546:26)
    at updateFunctionComponent (http://localhost:5173/node_modules/.vite/deps/chunk-XPR23Y44.js?v=b7d368d5:14580:28)
    at beginWork (http://localhost:5173/node_modules/.vite/deps/chunk-XPR23Y44.js?v=b7d368d5:15922:22)
    at HTMLUnknownElement.callCallback2 (http://localhost:5173/node_modules/.vite/deps/chunk-XPR23Y44.js?v=b7d368d5:3672:22)
    at Object.invokeGuardedCallbackDev (http://localhost:5173/node_modules/.vite/deps/chunk-XPR23Y44.js?v=b7d368d5:3697:24)
    at invokeGuardedCallback (http://localhost:5173/node_modules/.vite/deps/chunk-XPR23Y44.js?v=b7d368d5:3731:39)
    at beginWork$1 (http://localhost:5173/node_modules/.vite/deps/chunk-XPR23Y44.js?v=b7d368d5:19763:15)
    at performUnitOfWork (http://localhost:5173/node_modules/.vite/deps/chunk-XPR23Y44.js?v=b7d368d5:19196:20)
    at workLoopSync (http://localhost:5173/node_modules/.vite/deps/chunk-XPR23Y44.js?v=b7d368d5:19135:13)
[39295330ms] ReferenceError: hoverImage is not defined
    at ProductCard (http://localhost:5173/src/components/Shared.jsx?t=1790870635432:84:7)
    at renderWithHooks (http://localhost:5173/node_modules/.vite/deps/chunk-XPR23Y44.js?v=b7d368d5:11546:26)
    at updateFunctionComponent (http://localhost:5173/node_modules/.vite/deps/chunk-XPR23Y44.js?v=b7d368d5:14580:28)
    at beginWork (http://localhost:5173/node_modules/.vite/deps/chunk-XPR23Y44.js?v=b7d368d5:15922:22)
    at HTMLUnknownElement.callCallback2 (http://localhost:5173/node_modules/.vite/deps/chunk-XPR23Y44.js?v=b7d368d5:3672:22)
    at Object.invokeGuardedCallbackDev (http://localhost:5173/node_modules/.vite/deps/chunk-XPR23Y44.js?v=b7d368d5:3697:24)
    at invokeGuardedCallback (http://localhost:5173/node_modules/.vite/deps/chunk-XPR23Y44.js?v=b7d368d5:3731:39)
    at beginWork$1 (http://localhost:5173/node_modules/.vite/deps/chunk-XPR23Y44.js?v=b7d368d5:19763:15)
    at performUnitOfWork (http://localhost:5173/node_modules/.vite/deps/chunk-XPR23Y44.js?v=b7d368d5:19196:20)
    at workLoopSync (http://localhost:5173/node_modules/.vite/deps/chunk-XPR23Y44.js?v=b7d368d5:19135:13)
[39295330ms] ReferenceError: hoverImage is not defined
    at ProductCard (http://localhost:5173/src/components/Shared.jsx?t=1790870635432:84:7)
    at renderWithHooks (http://localhost:5173/node_modules/.vite/deps/chunk-XPR23Y44.js?v=b7d368d5:11546:26)
    at updateFunctionComponent (http://localhost:5173/node_modules/.vite/deps/chunk-XPR23Y44.js?v=b7d368d5:14580:28)
    at beginWork (http://localhost:5173/node_modules/.vite/deps/chunk-XPR23Y44.js?v=b7d368d5:15922:22)
    at HTMLUnknownElement.callCallback2 (http://localhost:5173/node_modules/.vite/deps/chunk-XPR23Y44.js?v=b7d368d5:3672:22)
    at Object.invokeGuardedCallbackDev (http://localhost:5173/node_modules/.vite/deps/chunk-XPR23Y44.js?v=b7d368d5:3697:24)
    at invokeGuardedCallback (http://localhost:5173/node_modules/.vite/deps/chunk-XPR23Y44.js?v=b7d368d5:3731:39)
    at beginWork$1 (http://localhost:5173/node_modules/.vite/deps/chunk-XPR23Y44.js?v=b7d368d5:19763:15)
    at performUnitOfWork (http://localhost:5173/node_modules/.vite/deps/chunk-XPR23Y44.js?v=b7d368d5:19196:20)
    at workLoopSync (http://localhost:5173/node_modules/.vite/deps/chunk-XPR23Y44.js?v=b7d368d5:19135:13)
[39295330ms] ReferenceError: hoverImage is not defined
    at ProductCard (http://localhost:5173/src/components/Shared.jsx?t=1790870635432:84:7)
    at renderWithHooks (http://localhost:5173/node_modules/.vite/deps/chunk-XPR23Y44.js?v=b7d368d5:11546:26)
    at updateFunctionComponent (http://localhost:5173/node_modules/.vite/deps/chunk-XPR23Y44.js?v=b7d368d5:14580:28)
    at beginWork (http://localhost:5173/node_modules/.vite/deps/chunk-XPR23Y44.js?v=b7d368d5:15922:22)
    at HTMLUnknownElement.callCallback2 (http://localhost:5173/node_modules/.vite/deps/chunk-XPR23Y44.js?v=b7d368d5:3672:22)
    at Object.invokeGuardedCallbackDev (http://localhost:5173/node_modules/.vite/deps/chunk-XPR23Y44.js?v=b7d368d5:3697:24)
    at invokeGuardedCallback (http://localhost:5173/node_modules/.vite/deps/chunk-XPR23Y44.js?v=b7d368d5:3731:39)
    at beginWork$1 (http://localhost:5173/node_modules/.vite/deps/chunk-XPR23Y44.js?v=b7d368d5:19763:15)
    at performUnitOfWork (http://localhost:5173/node_modules/.vite/deps/chunk-XPR23Y44.js?v=b7d368d5:19196:20)
    at workLoopSync (http://localhost:5173/node_modules/.vite/deps/chunk-XPR23Y44.js?v=b7d368d5:19135:13)
[39295332ms] ReferenceError: hoverImage is not defined
    at ProductCard (http://localhost:5173/src/components/Shared.jsx?t=1790870635432:84:7)
    at renderWithHooks (http://localhost:5173/node_modules/.vite/deps/chunk-XPR23Y44.js?v=b7d368d5:11546:26)
    at updateFunctionComponent (http://localhost:5173/node_modules/.vite/deps/chunk-XPR23Y44.js?v=b7d368d5:14580:28)
    at beginWork (http://localhost:5173/node_modules/.vite/deps/chunk-XPR23Y44.js?v=b7d368d5:15922:22)
    at HTMLUnknownElement.callCallback2 (http://localhost:5173/node_modules/.vite/deps/chunk-XPR23Y44.js?v=b7d368d5:3672:22)
    at Object.invokeGuardedCallbackDev (http://localhost:5173/node_modules/.vite/deps/chunk-XPR23Y44.js?v=b7d368d5:3697:24)
    at invokeGuardedCallback (http://localhost:5173/node_modules/.vite/deps/chunk-XPR23Y44.js?v=b7d368d5:3731:39)
    at beginWork$1 (http://localhost:5173/node_modules/.vite/deps/chunk-XPR23Y44.js?v=b7d368d5:19763:15)
    at performUnitOfWork (http://localhost:5173/node_modules/.vite/deps/chunk-XPR23Y44.js?v=b7d368d5:19196:20)
    at workLoopSync (http://localhost:5173/node_modules/.vite/deps/chunk-XPR23Y44.js?v=b7d368d5:19135:13)
[39295332ms] ReferenceError: hoverImage is not defined
    at ProductCard (http://localhost:5173/src/components/Shared.jsx?t=1790870635432:84:7)
    at renderWithHooks (http://localhost:5173/node_modules/.vite/deps/chunk-XPR23Y44.js?v=b7d368d5:11546:26)
    at updateFunctionComponent (http://localhost:5173/node_modules/.vite/deps/chunk-XPR23Y44.js?v=b7d368d5:14580:28)
    at beginWork (http://localhost:5173/node_modules/.vite/deps/chunk-XPR23Y44.js?v=b7d368d5:15922:22)
    at HTMLUnknownElement.callCallback2 (http://localhost:5173/node_modules/.vite/deps/chunk-XPR23Y44.js?v=b7d368d5:3672:22)
    at Object.invokeGuardedCallbackDev (http://localhost:5173/node_modules/.vite/deps/chunk-XPR23Y44.js?v=b7d368d5:3697:24)
    at invokeGuardedCallback (http://localhost:5173/node_modules/.vite/deps/chunk-XPR23Y44.js?v=b7d368d5:3731:39)
    at beginWork$1 (http://localhost:5173/node_modules/.vite/deps/chunk-XPR23Y44.js?v=b7d368d5:19763:15)
    at performUnitOfWork (http://localhost:5173/node_modules/.vite/deps/chunk-XPR23Y44.js?v=b7d368d5:19196:20)
    at workLoopSync (http://localhost:5173/node_modules/.vite/deps/chunk-XPR23Y44.js?v=b7d368d5:19135:13)
[39295335ms] ReferenceError: hoverImage is not defined
    at ProductCard (http://localhost:5173/src/components/Shared.jsx?t=1790870635432:84:7)
    at renderWithHooks (http://localhost:5173/node_modules/.vite/deps/chunk-XPR23Y44.js?v=b7d368d5:11546:26)
    at updateFunctionComponent (http://localhost:5173/node_modules/.vite/deps/chunk-XPR23Y44.js?v=b7d368d5:14580:28)
    at beginWork (http://localhost:5173/node_modules/.vite/deps/chunk-XPR23Y44.js?v=b7d368d5:15922:22)
    at HTMLUnknownElement.callCallback2 (http://localhost:5173/node_modules/.vite/deps/chunk-XPR23Y44.js?v=b7d368d5:3672:22)
    at Object.invokeGuardedCallbackDev (http://localhost:5173/node_modules/.vite/deps/chunk-XPR23Y44.js?v=b7d368d5:3697:24)
    at invokeGuardedCallback (http://localhost:5173/node_modules/.vite/deps/chunk-XPR23Y44.js?v=b7d368d5:3731:39)
    at beginWork$1 (http://localhost:5173/node_modules/.vite/deps/chunk-XPR23Y44.js?v=b7d368d5:19763:15)
    at performUnitOfWork (http://localhost:5173/node_modules/.vite/deps/chunk-XPR23Y44.js?v=b7d368d5:19196:20)
    at workLoopSync (http://localhost:5173/node_modules/.vite/deps/chunk-XPR23Y44.js?v=b7d368d5:19135:13)
[39295336ms] ReferenceError: hoverImage is not defined
    at ProductCard (http://localhost:5173/src/components/Shared.jsx?t=1790870635432:84:7)
    at renderWithHooks (http://localhost:5173/node_modules/.vite/deps/chunk-XPR23Y44.js?v=b7d368d5:11546:26)
    at updateFunctionComponent (http://localhost:5173/node_modules/.vite/deps/chunk-XPR23Y44.js?v=b7d368d5:14580:28)
    at beginWork (http://localhost:5173/node_modules/.vite/deps/chunk-XPR23Y44.js?v=b7d368d5:15922:22)
    at HTMLUnknownElement.callCallback2 (http://localhost:5173/node_modules/.vite/deps/chunk-XPR23Y44.js?v=b7d368d5:3672:22)
    at Object.invokeGuardedCallbackDev (http://localhost:5173/node_modules/.vite/deps/chunk-XPR23Y44.js?v=b7d368d5:3697:24)
    at invokeGuardedCallback (http://localhost:5173/node_modules/.vite/deps/chunk-XPR23Y44.js?v=b7d368d5:3731:39)
    at beginWork$1 (http://localhost:5173/node_modules/.vite/deps/chunk-XPR23Y44.js?v=b7d368d5:19763:15)
    at performUnitOfWork (http://localhost:5173/node_modules/.vite/deps/chunk-XPR23Y44.js?v=b7d368d5:19196:20)
    at workLoopSync (http://localhost:5173/node_modules/.vite/deps/chunk-XPR23Y44.js?v=b7d368d5:19135:13)
[39295336ms] ReferenceError: hoverImage is not defined
    at ProductCard (http://localhost:5173/src/components/Shared.jsx?t=1790870635432:84:7)
    at renderWithHooks (http://localhost:5173/node_modules/.vite/deps/chunk-XPR23Y44.js?v=b7d368d5:11546:26)
    at updateFunctionComponent (http://localhost:5173/node_modules/.vite/deps/chunk-XPR23Y44.js?v=b7d368d5:14580:28)
    at beginWork (http://localhost:5173/node_modules/.vite/deps/chunk-XPR23Y44.js?v=b7d368d5:15922:22)
    at HTMLUnknownElement.callCallback2 (http://localhost:5173/node_modules/.vite/deps/chunk-XPR23Y44.js?v=b7d368d5:3672:22)
    at Object.invokeGuardedCallbackDev (http://localhost:5173/node_modules/.vite/deps/chunk-XPR23Y44.js?v=b7d368d5:3697:24)
    at invokeGuardedCallback (http://localhost:5173/node_modules/.vite/deps/chunk-XPR23Y44.js?v=b7d368d5:3731:39)
    at beginWork$1 (http://localhost:5173/node_modules/.vite/deps/chunk-XPR23Y44.js?v=b7d368d5:19763:15)
    at performUnitOfWork (http://localhost:5173/node_modules/.vite/deps/chunk-XPR23Y44.js?v=b7d368d5:19196:20)
    at workLoopSync (http://localhost:5173/node_modules/.vite/deps/chunk-XPR23Y44.js?v=b7d368d5:19135:13)
[39295336ms] ReferenceError: hoverImage is not defined
    at ProductCard (http://localhost:5173/src/components/Shared.jsx?t=1790870635432:84:7)
    at renderWithHooks (http://localhost:5173/node_modules/.vite/deps/chunk-XPR23Y44.js?v=b7d368d5:11546:26)
    at updateFunctionComponent (http://localhost:5173/node_modules/.vite/deps/chunk-XPR23Y44.js?v=b7d368d5:14580:28)
    at beginWork (http://localhost:5173/node_modules/.vite/deps/chunk-XPR23Y44.js?v=b7d368d5:15922:22)
    at HTMLUnknownElement.callCallback2 (http://localhost:5173/node_modules/.vite/deps/chunk-XPR23Y44.js?v=b7d368d5:3672:22)
    at Object.invokeGuardedCallbackDev (http://localhost:5173/node_modules/.vite/deps/chunk-XPR23Y44.js?v=b7d368d5:3697:24)
    at invokeGuardedCallback (http://localhost:5173/node_modules/.vite/deps/chunk-XPR23Y44.js?v=b7d368d5:3731:39)
    at beginWork$1 (http://localhost:5173/node_modules/.vite/deps/chunk-XPR23Y44.js?v=b7d368d5:19763:15)
    at performUnitOfWork (http://localhost:5173/node_modules/.vite/deps/chunk-XPR23Y44.js?v=b7d368d5:19196:20)
    at workLoopSync (http://localhost:5173/node_modules/.vite/deps/chunk-XPR23Y44.js?v=b7d368d5:19135:13)
[39295336ms] ReferenceError: hoverImage is not defined
    at ProductCard (http://localhost:5173/src/components/Shared.jsx?t=1790870635432:84:7)
    at renderWithHooks (http://localhost:5173/node_modules/.vite/deps/chunk-XPR23Y44.js?v=b7d368d5:11546:26)
    at updateFunctionComponent (http://localhost:5173/node_modules/.vite/deps/chunk-XPR23Y44.js?v=b7d368d5:14580:28)
    at beginWork (http://localhost:5173/node_modules/.vite/deps/chunk-XPR23Y44.js?v=b7d368d5:15922:22)
    at HTMLUnknownElement.callCallback2 (http://localhost:5173/node_modules/.vite/deps/chunk-XPR23Y44.js?v=b7d368d5:3672:22)
    at Object.invokeGuardedCallbackDev (http://localhost:5173/node_modules/.vite/deps/chunk-XPR23Y44.js?v=b7d368d5:3697:24)
    at invokeGuardedCallback (http://localhost:5173/node_modules/.vite/deps/chunk-XPR23Y44.js?v=b7d368d5:3731:39)
    at beginWork$1 (http://localhost:5173/node_modules/.vite/deps/chunk-XPR23Y44.js?v=b7d368d5:19763:15)
    at performUnitOfWork (http://localhost:5173/node_modules/.vite/deps/chunk-XPR23Y44.js?v=b7d368d5:19196:20)
    at workLoopSync (http://localhost:5173/node_modules/.vite/deps/chunk-XPR23Y44.js?v=b7d368d5:19135:13)
[39295336ms] ReferenceError: hoverImage is not defined
    at ProductCard (http://localhost:5173/src/components/Shared.jsx?t=1790870635432:84:7)
    at renderWithHooks (http://localhost:5173/node_modules/.vite/deps/chunk-XPR23Y44.js?v=b7d368d5:11546:26)
    at updateFunctionComponent (http://localhost:5173/node_modules/.vite/deps/chunk-XPR23Y44.js?v=b7d368d5:14580:28)
    at beginWork (http://localhost:5173/node_modules/.vite/deps/chunk-XPR23Y44.js?v=b7d368d5:15922:22)
    at HTMLUnknownElement.callCallback2 (http://localhost:5173/node_modules/.vite/deps/chunk-XPR23Y44.js?v=b7d368d5:3672:22)
    at Object.invokeGuardedCallbackDev (http://localhost:5173/node_modules/.vite/deps/chunk-XPR23Y44.js?v=b7d368d5:3697:24)
    at invokeGuardedCallback (http://localhost:5173/node_modules/.vite/deps/chunk-XPR23Y44.js?v=b7d368d5:3731:39)
    at beginWork$1 (http://localhost:5173/node_modules/.vite/deps/chunk-XPR23Y44.js?v=b7d368d5:19763:15)
    at performUnitOfWork (http://localhost:5173/node_modules/.vite/deps/chunk-XPR23Y44.js?v=b7d368d5:19196:20)
    at workLoopSync (http://localhost:5173/node_modules/.vite/deps/chunk-XPR23Y44.js?v=b7d368d5:19135:13)
[39295336ms] ReferenceError: hoverImage is not defined
    at ProductCard (http://localhost:5173/src/components/Shared.jsx?t=1790870635432:84:7)
    at renderWithHooks (http://localhost:5173/node_modules/.vite/deps/chunk-XPR23Y44.js?v=b7d368d5:11546:26)
    at updateFunctionComponent (http://localhost:5173/node_modules/.vite/deps/chunk-XPR23Y44.js?v=b7d368d5:14580:28)
    at beginWork (http://localhost:5173/node_modules/.vite/deps/chunk-XPR23Y44.js?v=b7d368d5:15922:22)
    at HTMLUnknownElement.callCallback2 (http://localhost:5173/node_modules/.vite/deps/chunk-XPR23Y44.js?v=b7d368d5:3672:22)
    at Object.invokeGuardedCallbackDev (http://localhost:5173/node_modules/.vite/deps/chunk-XPR23Y44.js?v=b7d368d5:3697:24)
    at invokeGuardedCallback (http://localhost:5173/node_modules/.vite/deps/chunk-XPR23Y44.js?v=b7d368d5:3731:39)
    at beginWork$1 (http://localhost:5173/node_modules/.vite/deps/chunk-XPR23Y44.js?v=b7d368d5:19763:15)
    at performUnitOfWork (http://localhost:5173/node_modules/.vite/deps/chunk-XPR23Y44.js?v=b7d368d5:19196:20)
    at workLoopSync (http://localhost:5173/node_modules/.vite/deps/chunk-XPR23Y44.js?v=b7d368d5:19135:13)
[39295336ms] ReferenceError: hoverImage is not defined
    at ProductCard (http://localhost:5173/src/components/Shared.jsx?t=1790870635432:84:7)
    at renderWithHooks (http://localhost:5173/node_modules/.vite/deps/chunk-XPR23Y44.js?v=b7d368d5:11546:26)
    at updateFunctionComponent (http://localhost:5173/node_modules/.vite/deps/chunk-XPR23Y44.js?v=b7d368d5:14580:28)
    at beginWork (http://localhost:5173/node_modules/.vite/deps/chunk-XPR23Y44.js?v=b7d368d5:15922:22)
    at HTMLUnknownElement.callCallback2 (http://localhost:5173/node_modules/.vite/deps/chunk-XPR23Y44.js?v=b7d368d5:3672:22)
    at Object.invokeGuardedCallbackDev (http://localhost:5173/node_modules/.vite/deps/chunk-XPR23Y44.js?v=b7d368d5:3697:24)
    at invokeGuardedCallback (http://localhost:5173/node_modules/.vite/deps/chunk-XPR23Y44.js?v=b7d368d5:3731:39)
    at beginWork$1 (http://localhost:5173/node_modules/.vite/deps/chunk-XPR23Y44.js?v=b7d368d5:19763:15)
    at performUnitOfWork (http://localhost:5173/node_modules/.vite/deps/chunk-XPR23Y44.js?v=b7d368d5:19196:20)
    at workLoopSync (http://localhost:5173/node_modules/.vite/deps/chunk-XPR23Y44.js?v=b7d368d5:19135:13)
[39295336ms] ReferenceError: hoverImage is not defined
    at ProductCard (http://localhost:5173/src/components/Shared.jsx?t=1790870635432:84:7)
    at renderWithHooks (http://localhost:5173/node_modules/.vite/deps/chunk-XPR23Y44.js?v=b7d368d5:11546:26)
    at updateFunctionComponent (http://localhost:5173/node_modules/.vite/deps/chunk-XPR23Y44.js?v=b7d368d5:14580:28)
    at beginWork (http://localhost:5173/node_modules/.vite/deps/chunk-XPR23Y44.js?v=b7d368d5:15922:22)
    at HTMLUnknownElement.callCallback2 (http://localhost:5173/node_modules/.vite/deps/chunk-XPR23Y44.js?v=b7d368d5:3672:22)
    at Object.invokeGuardedCallbackDev (http://localhost:5173/node_modules/.vite/deps/chunk-XPR23Y44.js?v=b7d368d5:3697:24)
    at invokeGuardedCallback (http://localhost:5173/node_modules/.vite/deps/chunk-XPR23Y44.js?v=b7d368d5:3731:39)
    at beginWork$1 (http://localhost:5173/node_modules/.vite/deps/chunk-XPR23Y44.js?v=b7d368d5:19763:15)
    at performUnitOfWork (http://localhost:5173/node_modules/.vite/deps/chunk-XPR23Y44.js?v=b7d368d5:19196:20)
    at workLoopSync (http://localhost:5173/node_modules/.vite/deps/chunk-XPR23Y44.js?v=b7d368d5:19135:13)
[39295336ms] ReferenceError: hoverImage is not defined
    at ProductCard (http://localhost:5173/src/components/Shared.jsx?t=1790870635432:84:7)
    at renderWithHooks (http://localhost:5173/node_modules/.vite/deps/chunk-XPR23Y44.js?v=b7d368d5:11546:26)
    at updateFunctionComponent (http://localhost:5173/node_modules/.vite/deps/chunk-XPR23Y44.js?v=b7d368d5:14580:28)
    at beginWork (http://localhost:5173/node_modules/.vite/deps/chunk-XPR23Y44.js?v=b7d368d5:15922:22)
    at HTMLUnknownElement.callCallback2 (http://localhost:5173/node_modules/.vite/deps/chunk-XPR23Y44.js?v=b7d368d5:3672:22)
    at Object.invokeGuardedCallbackDev (http://localhost:5173/node_modules/.vite/deps/chunk-XPR23Y44.js?v=b7d368d5:3697:24)
    at invokeGuardedCallback (http://localhost:5173/node_modules/.vite/deps/chunk-XPR23Y44.js?v=b7d368d5:3731:39)
    at beginWork$1 (http://localhost:5173/node_modules/.vite/deps/chunk-XPR23Y44.js?v=b7d368d5:19763:15)
    at performUnitOfWork (http://localhost:5173/node_modules/.vite/deps/chunk-XPR23Y44.js?v=b7d368d5:19196:20)
    at workLoopSync (http://localhost:5173/node_modules/.vite/deps/chunk-XPR23Y44.js?v=b7d368d5:19135:13)
[39295337ms] ReferenceError: hoverImage is not defined
    at ProductCard (http://localhost:5173/src/components/Shared.jsx?t=1790870635432:84:7)
    at renderWithHooks (http://localhost:5173/node_modules/.vite/deps/chunk-XPR23Y44.js?v=b7d368d5:11546:26)
    at updateFunctionComponent (http://localhost:5173/node_modules/.vite/deps/chunk-XPR23Y44.js?v=b7d368d5:14580:28)
    at beginWork (http://localhost:5173/node_modules/.vite/deps/chunk-XPR23Y44.js?v=b7d368d5:15922:22)
    at HTMLUnknownElement.callCallback2 (http://localhost:5173/node_modules/.vite/deps/chunk-XPR23Y44.js?v=b7d368d5:3672:22)
    at Object.invokeGuardedCallbackDev (http://localhost:5173/node_modules/.vite/deps/chunk-XPR23Y44.js?v=b7d368d5:3697:24)
    at invokeGuardedCallback (http://localhost:5173/node_modules/.vite/deps/chunk-XPR23Y44.js?v=b7d368d5:3731:39)
    at beginWork$1 (http://localhost:5173/node_modules/.vite/deps/chunk-XPR23Y44.js?v=b7d368d5:19763:15)
    at performUnitOfWork (http://localhost:5173/node_modules/.vite/deps/chunk-XPR23Y44.js?v=b7d368d5:19196:20)
    at workLoopSync (http://localhost:5173/node_modules/.vite/deps/chunk-XPR23Y44.js?v=b7d368d5:19135:13)
[39295337ms] ReferenceError: hoverImage is not defined
    at ProductCard (http://localhost:5173/src/components/Shared.jsx?t=1790870635432:84:7)
    at renderWithHooks (http://localhost:5173/node_modules/.vite/deps/chunk-XPR23Y44.js?v=b7d368d5:11546:26)
    at updateFunctionComponent (http://localhost:5173/node_modules/.vite/deps/chunk-XPR23Y44.js?v=b7d368d5:14580:28)
    at beginWork (http://localhost:5173/node_modules/.vite/deps/chunk-XPR23Y44.js?v=b7d368d5:15922:22)
    at HTMLUnknownElement.callCallback2 (http://localhost:5173/node_modules/.vite/deps/chunk-XPR23Y44.js?v=b7d368d5:3672:22)
    at Object.invokeGuardedCallbackDev (http://localhost:5173/node_modules/.vite/deps/chunk-XPR23Y44.js?v=b7d368d5:3697:24)
    at invokeGuardedCallback (http://localhost:5173/node_modules/.vite/deps/chunk-XPR23Y44.js?v=b7d368d5:3731:39)
    at beginWork$1 (http://localhost:5173/node_modules/.vite/deps/chunk-XPR23Y44.js?v=b7d368d5:19763:15)
    at performUnitOfWork (http://localhost:5173/node_modules/.vite/deps/chunk-XPR23Y44.js?v=b7d368d5:19196:20)
    at workLoopSync (http://localhost:5173/node_modules/.vite/deps/chunk-XPR23Y44.js?v=b7d368d5:19135:13)
[39295337ms] ReferenceError: hoverImage is not defined
    at ProductCard (http://localhost:5173/src/components/Shared.jsx?t=1790870635432:84:7)
    at renderWithHooks (http://localhost:5173/node_modules/.vite/deps/chunk-XPR23Y44.js?v=b7d368d5:11546:26)
    at updateFunctionComponent (http://localhost:5173/node_modules/.vite/deps/chunk-XPR23Y44.js?v=b7d368d5:14580:28)
    at beginWork (http://localhost:5173/node_modules/.vite/deps/chunk-XPR23Y44.js?v=b7d368d5:15922:22)
    at HTMLUnknownElement.callCallback2 (http://localhost:5173/node_modules/.vite/deps/chunk-XPR23Y44.js?v=b7d368d5:3672:22)
    at Object.invokeGuardedCallbackDev (http://localhost:5173/node_modules/.vite/deps/chunk-XPR23Y44.js?v=b7d368d5:3697:24)
    at invokeGuardedCallback (http://localhost:5173/node_modules/.vite/deps/chunk-XPR23Y44.js?v=b7d368d5:3731:39)
    at beginWork$1 (http://localhost:5173/node_modules/.vite/deps/chunk-XPR23Y44.js?v=b7d368d5:19763:15)
    at performUnitOfWork (http://localhost:5173/node_modules/.vite/deps/chunk-XPR23Y44.js?v=b7d368d5:19196:20)
    at workLoopSync (http://localhost:5173/node_modules/.vite/deps/chunk-XPR23Y44.js?v=b7d368d5:19135:13)
[39295337ms] ReferenceError: hoverImage is not defined
    at ProductCard (http://localhost:5173/src/components/Shared.jsx?t=1790870635432:84:7)
    at renderWithHooks (http://localhost:5173/node_modules/.vite/deps/chunk-XPR23Y44.js?v=b7d368d5:11546:26)
    at updateFunctionComponent (http://localhost:5173/node_modules/.vite/deps/chunk-XPR23Y44.js?v=b7d368d5:14580:28)
    at beginWork (http://localhost:5173/node_modules/.vite/deps/chunk-XPR23Y44.js?v=b7d368d5:15922:22)
    at HTMLUnknownElement.callCallback2 (http://localhost:5173/node_modules/.vite/deps/chunk-XPR23Y44.js?v=b7d368d5:3672:22)
    at Object.invokeGuardedCallbackDev (http://localhost:5173/node_modules/.vite/deps/chunk-XPR23Y44.js?v=b7d368d5:3697:24)
    at invokeGuardedCallback (http://localhost:5173/node_modules/.vite/deps/chunk-XPR23Y44.js?v=b7d368d5:3731:39)
    at beginWork$1 (http://localhost:5173/node_modules/.vite/deps/chunk-XPR23Y44.js?v=b7d368d5:19763:15)
    at performUnitOfWork (http://localhost:5173/node_modules/.vite/deps/chunk-XPR23Y44.js?v=b7d368d5:19196:20)
    at workLoopSync (http://localhost:5173/node_modules/.vite/deps/chunk-XPR23Y44.js?v=b7d368d5:19135:13)
[39295337ms] ReferenceError: hoverImage is not defined
    at ProductCard (http://localhost:5173/src/components/Shared.jsx?t=1790870635432:84:7)
    at renderWithHooks (http://localhost:5173/node_modules/.vite/deps/chunk-XPR23Y44.js?v=b7d368d5:11546:26)
    at updateFunctionComponent (http://localhost:5173/node_modules/.vite/deps/chunk-XPR23Y44.js?v=b7d368d5:14580:28)
    at beginWork (http://localhost:5173/node_modules/.vite/deps/chunk-XPR23Y44.js?v=b7d368d5:15922:22)
    at HTMLUnknownElement.callCallback2 (http://localhost:5173/node_modules/.vite/deps/chunk-XPR23Y44.js?v=b7d368d5:3672:22)
    at Object.invokeGuardedCallbackDev (http://localhost:5173/node_modules/.vite/deps/chunk-XPR23Y44.js?v=b7d368d5:3697:24)
    at invokeGuardedCallback (http://localhost:5173/node_modules/.vite/deps/chunk-XPR23Y44.js?v=b7d368d5:3731:39)
    at beginWork$1 (http://localhost:5173/node_modules/.vite/deps/chunk-XPR23Y44.js?v=b7d368d5:19763:15)
    at performUnitOfWork (http://localhost:5173/node_modules/.vite/deps/chunk-XPR23Y44.js?v=b7d368d5:19196:20)
    at workLoopSync (http://localhost:5173/node_modules/.vite/deps/chunk-XPR23Y44.js?v=b7d368d5:19135:13)
[39295337ms] ReferenceError: hoverImage is not defined
    at ProductCard (http://localhost:5173/src/components/Shared.jsx?t=1790870635432:84:7)
    at renderWithHooks (http://localhost:5173/node_modules/.vite/deps/chunk-XPR23Y44.js?v=b7d368d5:11546:26)
    at updateFunctionComponent (http://localhost:5173/node_modules/.vite/deps/chunk-XPR23Y44.js?v=b7d368d5:14580:28)
    at beginWork (http://localhost:5173/node_modules/.vite/deps/chunk-XPR23Y44.js?v=b7d368d5:15922:22)
    at HTMLUnknownElement.callCallback2 (http://localhost:5173/node_modules/.vite/deps/chunk-XPR23Y44.js?v=b7d368d5:3672:22)
    at Object.invokeGuardedCallbackDev (http://localhost:5173/node_modules/.vite/deps/chunk-XPR23Y44.js?v=b7d368d5:3697:24)
    at invokeGuardedCallback (http://localhost:5173/node_modules/.vite/deps/chunk-XPR23Y44.js?v=b7d368d5:3731:39)
    at beginWork$1 (http://localhost:5173/node_modules/.vite/deps/chunk-XPR23Y44.js?v=b7d368d5:19763:15)
    at performUnitOfWork (http://localhost:5173/node_modules/.vite/deps/chunk-XPR23Y44.js?v=b7d368d5:19196:20)
    at workLoopSync (http://localhost:5173/node_modules/.vite/deps/chunk-XPR23Y44.js?v=b7d368d5:19135:13)
[39295337ms] ReferenceError: hoverImage is not defined
    at ProductCard (http://localhost:5173/src/components/Shared.jsx?t=1790870635432:84:7)
    at renderWithHooks (http://localhost:5173/node_modules/.vite/deps/chunk-XPR23Y44.js?v=b7d368d5:11546:26)
    at updateFunctionComponent (http://localhost:5173/node_modules/.vite/deps/chunk-XPR23Y44.js?v=b7d368d5:14580:28)
    at beginWork (http://localhost:5173/node_modules/.vite/deps/chunk-XPR23Y44.js?v=b7d368d5:15922:22)
    at HTMLUnknownElement.callCallback2 (http://localhost:5173/node_modules/.vite/deps/chunk-XPR23Y44.js?v=b7d368d5:3672:22)
    at Object.invokeGuardedCallbackDev (http://localhost:5173/node_modules/.vite/deps/chunk-XPR23Y44.js?v=b7d368d5:3697:24)
    at invokeGuardedCallback (http://localhost:5173/node_modules/.vite/deps/chunk-XPR23Y44.js?v=b7d368d5:3731:39)
    at beginWork$1 (http://localhost:5173/node_modules/.vite/deps/chunk-XPR23Y44.js?v=b7d368d5:19763:15)
    at performUnitOfWork (http://localhost:5173/node_modules/.vite/deps/chunk-XPR23Y44.js?v=b7d368d5:19196:20)
    at workLoopSync (http://localhost:5173/node_modules/.vite/deps/chunk-XPR23Y44.js?v=b7d368d5:19135:13)
[39295337ms] ReferenceError: hoverImage is not defined
    at ProductCard (http://localhost:5173/src/components/Shared.jsx?t=1790870635432:84:7)
    at renderWithHooks (http://localhost:5173/node_modules/.vite/deps/chunk-XPR23Y44.js?v=b7d368d5:11546:26)
    at updateFunctionComponent (http://localhost:5173/node_modules/.vite/deps/chunk-XPR23Y44.js?v=b7d368d5:14580:28)
    at beginWork (http://localhost:5173/node_modules/.vite/deps/chunk-XPR23Y44.js?v=b7d368d5:15922:22)
    at HTMLUnknownElement.callCallback2 (http://localhost:5173/node_modules/.vite/deps/chunk-XPR23Y44.js?v=b7d368d5:3672:22)
    at Object.invokeGuardedCallbackDev (http://localhost:5173/node_modules/.vite/deps/chunk-XPR23Y44.js?v=b7d368d5:3697:24)
    at invokeGuardedCallback (http://localhost:5173/node_modules/.vite/deps/chunk-XPR23Y44.js?v=b7d368d5:3731:39)
    at beginWork$1 (http://localhost:5173/node_modules/.vite/deps/chunk-XPR23Y44.js?v=b7d368d5:19763:15)
    at performUnitOfWork (http://localhost:5173/node_modules/.vite/deps/chunk-XPR23Y44.js?v=b7d368d5:19196:20)
    at workLoopSync (http://localhost:5173/node_modules/.vite/deps/chunk-XPR23Y44.js?v=b7d368d5:19135:13)
[39295337ms] ReferenceError: hoverImage is not defined
    at ProductCard (http://localhost:5173/src/components/Shared.jsx?t=1790870635432:84:7)
    at renderWithHooks (http://localhost:5173/node_modules/.vite/deps/chunk-XPR23Y44.js?v=b7d368d5:11546:26)
    at updateFunctionComponent (http://localhost:5173/node_modules/.vite/deps/chunk-XPR23Y44.js?v=b7d368d5:14580:28)
    at beginWork (http://localhost:5173/node_modules/.vite/deps/chunk-XPR23Y44.js?v=b7d368d5:15922:22)
    at HTMLUnknownElement.callCallback2 (http://localhost:5173/node_modules/.vite/deps/chunk-XPR23Y44.js?v=b7d368d5:3672:22)
    at Object.invokeGuardedCallbackDev (http://localhost:5173/node_modules/.vite/deps/chunk-XPR23Y44.js?v=b7d368d5:3697:24)
    at invokeGuardedCallback (http://localhost:5173/node_modules/.vite/deps/chunk-XPR23Y44.js?v=b7d368d5:3731:39)
    at beginWork$1 (http://localhost:5173/node_modules/.vite/deps/chunk-XPR23Y44.js?v=b7d368d5:19763:15)
    at performUnitOfWork (http://localhost:5173/node_modules/.vite/deps/chunk-XPR23Y44.js?v=b7d368d5:19196:20)
    at workLoopSync (http://localhost:5173/node_modules/.vite/deps/chunk-XPR23Y44.js?v=b7d368d5:19135:13)
[39295340ms] ReferenceError: hoverImage is not defined
    at ProductCard (http://localhost:5173/src/components/Shared.jsx?t=1790870635432:84:7)
    at renderWithHooks (http://localhost:5173/node_modules/.vite/deps/chunk-XPR23Y44.js?v=b7d368d5:11546:26)
    at updateFunctionComponent (http://localhost:5173/node_modules/.vite/deps/chunk-XPR23Y44.js?v=b7d368d5:14580:28)
    at beginWork (http://localhost:5173/node_modules/.vite/deps/chunk-XPR23Y44.js?v=b7d368d5:15922:22)
    at HTMLUnknownElement.callCallback2 (http://localhost:5173/node_modules/.vite/deps/chunk-XPR23Y44.js?v=b7d368d5:3672:22)
    at Object.invokeGuardedCallbackDev (http://localhost:5173/node_modules/.vite/deps/chunk-XPR23Y44.js?v=b7d368d5:3697:24)
    at invokeGuardedCallback (http://localhost:5173/node_modules/.vite/deps/chunk-XPR23Y44.js?v=b7d368d5:3731:39)
    at beginWork$1 (http://localhost:5173/node_modules/.vite/deps/chunk-XPR23Y44.js?v=b7d368d5:19763:15)
    at performUnitOfWork (http://localhost:5173/node_modules/.vite/deps/chunk-XPR23Y44.js?v=b7d368d5:19196:20)
    at workLoopSync (http://localhost:5173/node_modules/.vite/deps/chunk-XPR23Y44.js?v=b7d368d5:19135:13)
[39295340ms] ReferenceError: hoverImage is not defined
    at ProductCard (http://localhost:5173/src/components/Shared.jsx?t=1790870635432:84:7)
    at renderWithHooks (http://localhost:5173/node_modules/.vite/deps/chunk-XPR23Y44.js?v=b7d368d5:11546:26)
    at updateFunctionComponent (http://localhost:5173/node_modules/.vite/deps/chunk-XPR23Y44.js?v=b7d368d5:14580:28)
    at beginWork (http://localhost:5173/node_modules/.vite/deps/chunk-XPR23Y44.js?v=b7d368d5:15922:22)
    at HTMLUnknownElement.callCallback2 (http://localhost:5173/node_modules/.vite/deps/chunk-XPR23Y44.js?v=b7d368d5:3672:22)
    at Object.invokeGuardedCallbackDev (http://localhost:5173/node_modules/.vite/deps/chunk-XPR23Y44.js?v=b7d368d5:3697:24)
    at invokeGuardedCallback (http://localhost:5173/node_modules/.vite/deps/chunk-XPR23Y44.js?v=b7d368d5:3731:39)
    at beginWork$1 (http://localhost:5173/node_modules/.vite/deps/chunk-XPR23Y44.js?v=b7d368d5:19763:15)
    at performUnitOfWork (http://localhost:5173/node_modules/.vite/deps/chunk-XPR23Y44.js?v=b7d368d5:19196:20)
    at workLoopSync (http://localhost:5173/node_modules/.vite/deps/chunk-XPR23Y44.js?v=b7d368d5:19135:13)
[39295340ms] ReferenceError: hoverImage is not defined
    at ProductCard (http://localhost:5173/src/components/Shared.jsx?t=1790870635432:84:7)
    at renderWithHooks (http://localhost:5173/node_modules/.vite/deps/chunk-XPR23Y44.js?v=b7d368d5:11546:26)
    at updateFunctionComponent (http://localhost:5173/node_modules/.vite/deps/chunk-XPR23Y44.js?v=b7d368d5:14580:28)
    at beginWork (http://localhost:5173/node_modules/.vite/deps/chunk-XPR23Y44.js?v=b7d368d5:15922:22)
    at HTMLUnknownElement.callCallback2 (http://localhost:5173/node_modules/.vite/deps/chunk-XPR23Y44.js?v=b7d368d5:3672:22)
    at Object.invokeGuardedCallbackDev (http://localhost:5173/node_modules/.vite/deps/chunk-XPR23Y44.js?v=b7d368d5:3697:24)
    at invokeGuardedCallback (http://localhost:5173/node_modules/.vite/deps/chunk-XPR23Y44.js?v=b7d368d5:3731:39)
    at beginWork$1 (http://localhost:5173/node_modules/.vite/deps/chunk-XPR23Y44.js?v=b7d368d5:19763:15)
    at performUnitOfWork (http://localhost:5173/node_modules/.vite/deps/chunk-XPR23Y44.js?v=b7d368d5:19196:20)
    at workLoopSync (http://localhost:5173/node_modules/.vite/deps/chunk-XPR23Y44.js?v=b7d368d5:19135:13)
[39295340ms] ReferenceError: hoverImage is not defined
    at ProductCard (http://localhost:5173/src/components/Shared.jsx?t=1790870635432:84:7)
    at renderWithHooks (http://localhost:5173/node_modules/.vite/deps/chunk-XPR23Y44.js?v=b7d368d5:11546:26)
    at updateFunctionComponent (http://localhost:5173/node_modules/.vite/deps/chunk-XPR23Y44.js?v=b7d368d5:14580:28)
    at beginWork (http://localhost:5173/node_modules/.vite/deps/chunk-XPR23Y44.js?v=b7d368d5:15922:22)
    at HTMLUnknownElement.callCallback2 (http://localhost:5173/node_modules/.vite/deps/chunk-XPR23Y44.js?v=b7d368d5:3672:22)
    at Object.invokeGuardedCallbackDev (http://localhost:5173/node_modules/.vite/deps/chunk-XPR23Y44.js?v=b7d368d5:3697:24)
    at invokeGuardedCallback (http://localhost:5173/node_modules/.vite/deps/chunk-XPR23Y44.js?v=b7d368d5:3731:39)
    at beginWork$1 (http://localhost:5173/node_modules/.vite/deps/chunk-XPR23Y44.js?v=b7d368d5:19763:15)
    at performUnitOfWork (http://localhost:5173/node_modules/.vite/deps/chunk-XPR23Y44.js?v=b7d368d5:19196:20)
    at workLoopSync (http://localhost:5173/node_modules/.vite/deps/chunk-XPR23Y44.js?v=b7d368d5:19135:13)
[39295340ms] ReferenceError: hoverImage is not defined
    at ProductCard (http://localhost:5173/src/components/Shared.jsx?t=1790870635432:84:7)
    at renderWithHooks (http://localhost:5173/node_modules/.vite/deps/chunk-XPR23Y44.js?v=b7d368d5:11546:26)
    at updateFunctionComponent (http://localhost:5173/node_modules/.vite/deps/chunk-XPR23Y44.js?v=b7d368d5:14580:28)
    at beginWork (http://localhost:5173/node_modules/.vite/deps/chunk-XPR23Y44.js?v=b7d368d5:15922:22)
    at HTMLUnknownElement.callCallback2 (http://localhost:5173/node_modules/.vite/deps/chunk-XPR23Y44.js?v=b7d368d5:3672:22)
    at Object.invokeGuardedCallbackDev (http://localhost:5173/node_modules/.vite/deps/chunk-XPR23Y44.js?v=b7d368d5:3697:24)
    at invokeGuardedCallback (http://localhost:5173/node_modules/.vite/deps/chunk-XPR23Y44.js?v=b7d368d5:3731:39)
    at beginWork$1 (http://localhost:5173/node_modules/.vite/deps/chunk-XPR23Y44.js?v=b7d368d5:19763:15)
    at performUnitOfWork (http://localhost:5173/node_modules/.vite/deps/chunk-XPR23Y44.js?v=b7d368d5:19196:20)
    at workLoopSync (http://localhost:5173/node_modules/.vite/deps/chunk-XPR23Y44.js?v=b7d368d5:19135:13)
[39295340ms] ReferenceError: hoverImage is not defined
    at ProductCard (http://localhost:5173/src/components/Shared.jsx?t=1790870635432:84:7)
    at renderWithHooks (http://localhost:5173/node_modules/.vite/deps/chunk-XPR23Y44.js?v=b7d368d5:11546:26)
    at updateFunctionComponent (http://localhost:5173/node_modules/.vite/deps/chunk-XPR23Y44.js?v=b7d368d5:14580:28)
    at beginWork (http://localhost:5173/node_modules/.vite/deps/chunk-XPR23Y44.js?v=b7d368d5:15922:22)
    at HTMLUnknownElement.callCallback2 (http://localhost:5173/node_modules/.vite/deps/chunk-XPR23Y44.js?v=b7d368d5:3672:22)
    at Object.invokeGuardedCallbackDev (http://localhost:5173/node_modules/.vite/deps/chunk-XPR23Y44.js?v=b7d368d5:3697:24)
    at invokeGuardedCallback (http://localhost:5173/node_modules/.vite/deps/chunk-XPR23Y44.js?v=b7d368d5:3731:39)
    at beginWork$1 (http://localhost:5173/node_modules/.vite/deps/chunk-XPR23Y44.js?v=b7d368d5:19763:15)
    at performUnitOfWork (http://localhost:5173/node_modules/.vite/deps/chunk-XPR23Y44.js?v=b7d368d5:19196:20)
    at workLoopSync (http://localhost:5173/node_modules/.vite/deps/chunk-XPR23Y44.js?v=b7d368d5:19135:13)
[39295340ms] ReferenceError: hoverImage is not defined
    at ProductCard (http://localhost:5173/src/components/Shared.jsx?t=1790870635432:84:7)
    at renderWithHooks (http://localhost:5173/node_modules/.vite/deps/chunk-XPR23Y44.js?v=b7d368d5:11546:26)
    at updateFunctionComponent (http://localhost:5173/node_modules/.vite/deps/chunk-XPR23Y44.js?v=b7d368d5:14580:28)
    at beginWork (http://localhost:5173/node_modules/.vite/deps/chunk-XPR23Y44.js?v=b7d368d5:15922:22)
    at HTMLUnknownElement.callCallback2 (http://localhost:5173/node_modules/.vite/deps/chunk-XPR23Y44.js?v=b7d368d5:3672:22)
    at Object.invokeGuardedCallbackDev (http://localhost:5173/node_modules/.vite/deps/chunk-XPR23Y44.js?v=b7d368d5:3697:24)
    at invokeGuardedCallback (http://localhost:5173/node_modules/.vite/deps/chunk-XPR23Y44.js?v=b7d368d5:3731:39)
    at beginWork$1 (http://localhost:5173/node_modules/.vite/deps/chunk-XPR23Y44.js?v=b7d368d5:19763:15)
    at performUnitOfWork (http://localhost:5173/node_modules/.vite/deps/chunk-XPR23Y44.js?v=b7d368d5:19196:20)
    at workLoopSync (http://localhost:5173/node_modules/.vite/deps/chunk-XPR23Y44.js?v=b7d368d5:19135:13)
[39295340ms] [ERROR] The above error occurred in the <ProductCard> component:

    at ProductCard (http://localhost:5173/src/components/Shared.jsx?t=1790870635432:73:31)
    at div
    at ProductGrid (http://localhost:5173/src/components/Shared.jsx?t=1790870635432:175:31)
    at section
    at Home (http://localhost:5173/src/pages/Home.jsx?t=1790868763926:25:36)
    at RenderedRoute (http://localhost:5173/node_modules/.vite/deps/react-router-dom.js?v=c76998c8:4110:5)
    at Outlet (http://localhost:5173/node_modules/.vite/deps/react-router-dom.js?v=c76998c8:4516:26)
    at main
    at div
    at Layout (http://localhost:5173/src/components/Layout.jsx?t=1790868763926:683:27)
    at RenderedRoute (http://localhost:5173/node_modules/.vite/deps/react-router-dom.js?v=c76998c8:4110:5)
    at Routes (http://localhost:5173/node_modules/.vite/deps/react-router-dom.js?v=c76998c8:4580:5)
    at App
    at StoreProvider (http://localhost:5173/src/context/StoreContext.jsx?t=1790868763926:30:33)
    at Router (http://localhost:5173/node_modules/.vite/deps/react-router-dom.js?v=c76998c8:4523:15)
    at BrowserRouter (http://localhost:5173/node_modules/.vite/deps/react-router-dom.js?v=c76998c8:5261:5)

Consider adding an error boundary to your tree to customize error handling behavior.
Visit https://reactjs.org/link/error-boundaries to learn more about error boundaries. @ http://localhost:5173/node_modules/.vite/deps/chunk-XPR23Y44.js?v=b7d368d5:14029
[39295340ms] [ERROR] The above error occurred in the <ProductCard> component:

    at ProductCard (http://localhost:5173/src/components/Shared.jsx?t=1790870635432:73:31)
    at div
    at ProductGrid (http://localhost:5173/src/components/Shared.jsx?t=1790870635432:175:31)
    at section
    at Home (http://localhost:5173/src/pages/Home.jsx?t=1790868763926:25:36)
    at RenderedRoute (http://localhost:5173/node_modules/.vite/deps/react-router-dom.js?v=c76998c8:4110:5)
    at Outlet (http://localhost:5173/node_modules/.vite/deps/react-router-dom.js?v=c76998c8:4516:26)
    at main
    at div
    at Layout (http://localhost:5173/src/components/Layout.jsx?t=1790868763926:683:27)
    at RenderedRoute (http://localhost:5173/node_modules/.vite/deps/react-router-dom.js?v=c76998c8:4110:5)
    at Routes (http://localhost:5173/node_modules/.vite/deps/react-router-dom.js?v=c76998c8:4580:5)
    at App
    at StoreProvider (http://localhost:5173/src/context/StoreContext.jsx?t=1790868763926:30:33)
    at Router (http://localhost:5173/node_modules/.vite/deps/react-router-dom.js?v=c76998c8:4523:15)
    at BrowserRouter (http://localhost:5173/node_modules/.vite/deps/react-router-dom.js?v=c76998c8:5261:5)

Consider adding an error boundary to your tree to customize error handling behavior.
Visit https://reactjs.org/link/error-boundaries to learn more about error boundaries. @ http://localhost:5173/node_modules/.vite/deps/chunk-XPR23Y44.js?v=b7d368d5:14029
[39295340ms] [ERROR] The above error occurred in the <ProductCard> component:

    at ProductCard (http://localhost:5173/src/components/Shared.jsx?t=1790870635432:73:31)
    at div
    at ProductGrid (http://localhost:5173/src/components/Shared.jsx?t=1790870635432:175:31)
    at section
    at Home (http://localhost:5173/src/pages/Home.jsx?t=1790868763926:25:36)
    at RenderedRoute (http://localhost:5173/node_modules/.vite/deps/react-router-dom.js?v=c76998c8:4110:5)
    at Outlet (http://localhost:5173/node_modules/.vite/deps/react-router-dom.js?v=c76998c8:4516:26)
    at main
    at div
    at Layout (http://localhost:5173/src/components/Layout.jsx?t=1790868763926:683:27)
    at RenderedRoute (http://localhost:5173/node_modules/.vite/deps/react-router-dom.js?v=c76998c8:4110:5)
    at Routes (http://localhost:5173/node_modules/.vite/deps/react-router-dom.js?v=c76998c8:4580:5)
    at App
    at StoreProvider (http://localhost:5173/src/context/StoreContext.jsx?t=1790868763926:30:33)
    at Router (http://localhost:5173/node_modules/.vite/deps/react-router-dom.js?v=c76998c8:4523:15)
    at BrowserRouter (http://localhost:5173/node_modules/.vite/deps/react-router-dom.js?v=c76998c8:5261:5)

Consider adding an error boundary to your tree to customize error handling behavior.
Visit https://reactjs.org/link/error-boundaries to learn more about error boundaries. @ http://localhost:5173/node_modules/.vite/deps/chunk-XPR23Y44.js?v=b7d368d5:14029
[39295340ms] [ERROR] The above error occurred in the <ProductCard> component:

    at ProductCard (http://localhost:5173/src/components/Shared.jsx?t=1790870635432:73:31)
    at div
    at ProductGrid (http://localhost:5173/src/components/Shared.jsx?t=1790870635432:175:31)
    at section
    at Home (http://localhost:5173/src/pages/Home.jsx?t=1790868763926:25:36)
    at RenderedRoute (http://localhost:5173/node_modules/.vite/deps/react-router-dom.js?v=c76998c8:4110:5)
    at Outlet (http://localhost:5173/node_modules/.vite/deps/react-router-dom.js?v=c76998c8:4516:26)
    at main
    at div
    at Layout (http://localhost:5173/src/components/Layout.jsx?t=1790868763926:683:27)
    at RenderedRoute (http://localhost:5173/node_modules/.vite/deps/react-router-dom.js?v=c76998c8:4110:5)
    at Routes (http://localhost:5173/node_modules/.vite/deps/react-router-dom.js?v=c76998c8:4580:5)
    at App
    at StoreProvider (http://localhost:5173/src/context/StoreContext.jsx?t=1790868763926:30:33)
    at Router (http://localhost:5173/node_modules/.vite/deps/react-router-dom.js?v=c76998c8:4523:15)
    at BrowserRouter (http://localhost:5173/node_modules/.vite/deps/react-router-dom.js?v=c76998c8:5261:5)

Consider adding an error boundary to your tree to customize error handling behavior.
Visit https://reactjs.org/link/error-boundaries to learn more about error boundaries. @ http://localhost:5173/node_modules/.vite/deps/chunk-XPR23Y44.js?v=b7d368d5:14029
[39295341ms] [ERROR] The above error occurred in the <ProductCard> component:

    at ProductCard (http://localhost:5173/src/components/Shared.jsx?t=1790870635432:73:31)
    at div
    at ProductGrid (http://localhost:5173/src/components/Shared.jsx?t=1790870635432:175:31)
    at section
    at Home (http://localhost:5173/src/pages/Home.jsx?t=1790868763926:25:36)
    at RenderedRoute (http://localhost:5173/node_modules/.vite/deps/react-router-dom.js?v=c76998c8:4110:5)
    at Outlet (http://localhost:5173/node_modules/.vite/deps/react-router-dom.js?v=c76998c8:4516:26)
    at main
    at div
    at Layout (http://localhost:5173/src/components/Layout.jsx?t=1790868763926:683:27)
    at RenderedRoute (http://localhost:5173/node_modules/.vite/deps/react-router-dom.js?v=c76998c8:4110:5)
    at Routes (http://localhost:5173/node_modules/.vite/deps/react-router-dom.js?v=c76998c8:4580:5)
    at App
    at StoreProvider (http://localhost:5173/src/context/StoreContext.jsx?t=1790868763926:30:33)
    at Router (http://localhost:5173/node_modules/.vite/deps/react-router-dom.js?v=c76998c8:4523:15)
    at BrowserRouter (http://localhost:5173/node_modules/.vite/deps/react-router-dom.js?v=c76998c8:5261:5)

Consider adding an error boundary to your tree to customize error handling behavior.
Visit https://reactjs.org/link/error-boundaries to learn more about error boundaries. @ http://localhost:5173/node_modules/.vite/deps/chunk-XPR23Y44.js?v=b7d368d5:14029
[39295341ms] [ERROR] The above error occurred in the <ProductCard> component:

    at ProductCard (http://localhost:5173/src/components/Shared.jsx?t=1790870635432:73:31)
    at div
    at ProductGrid (http://localhost:5173/src/components/Shared.jsx?t=1790870635432:175:31)
    at section
    at Home (http://localhost:5173/src/pages/Home.jsx?t=1790868763926:25:36)
    at RenderedRoute (http://localhost:5173/node_modules/.vite/deps/react-router-dom.js?v=c76998c8:4110:5)
    at Outlet (http://localhost:5173/node_modules/.vite/deps/react-router-dom.js?v=c76998c8:4516:26)
    at main
    at div
    at Layout (http://localhost:5173/src/components/Layout.jsx?t=1790868763926:683:27)
    at RenderedRoute (http://localhost:5173/node_modules/.vite/deps/react-router-dom.js?v=c76998c8:4110:5)
    at Routes (http://localhost:5173/node_modules/.vite/deps/react-router-dom.js?v=c76998c8:4580:5)
    at App
    at StoreProvider (http://localhost:5173/src/context/StoreContext.jsx?t=1790868763926:30:33)
    at Router (http://localhost:5173/node_modules/.vite/deps/react-router-dom.js?v=c76998c8:4523:15)
    at BrowserRouter (http://localhost:5173/node_modules/.vite/deps/react-router-dom.js?v=c76998c8:5261:5)

Consider adding an error boundary to your tree to customize error handling behavior.
Visit https://reactjs.org/link/error-boundaries to learn more about error boundaries. @ http://localhost:5173/node_modules/.vite/deps/chunk-XPR23Y44.js?v=b7d368d5:14029
[39295341ms] [ERROR] The above error occurred in the <ProductCard> component:

    at ProductCard (http://localhost:5173/src/components/Shared.jsx?t=1790870635432:73:31)
    at div
    at ProductGrid (http://localhost:5173/src/components/Shared.jsx?t=1790870635432:175:31)
    at section
    at Home (http://localhost:5173/src/pages/Home.jsx?t=1790868763926:25:36)
    at RenderedRoute (http://localhost:5173/node_modules/.vite/deps/react-router-dom.js?v=c76998c8:4110:5)
    at Outlet (http://localhost:5173/node_modules/.vite/deps/react-router-dom.js?v=c76998c8:4516:26)
    at main
    at div
    at Layout (http://localhost:5173/src/components/Layout.jsx?t=1790868763926:683:27)
    at RenderedRoute (http://localhost:5173/node_modules/.vite/deps/react-router-dom.js?v=c76998c8:4110:5)
    at Routes (http://localhost:5173/node_modules/.vite/deps/react-router-dom.js?v=c76998c8:4580:5)
    at App
    at StoreProvider (http://localhost:5173/src/context/StoreContext.jsx?t=1790868763926:30:33)
    at Router (http://localhost:5173/node_modules/.vite/deps/react-router-dom.js?v=c76998c8:4523:15)
    at BrowserRouter (http://localhost:5173/node_modules/.vite/deps/react-router-dom.js?v=c76998c8:5261:5)

Consider adding an error boundary to your tree to customize error handling behavior.
Visit https://reactjs.org/link/error-boundaries to learn more about error boundaries. @ http://localhost:5173/node_modules/.vite/deps/chunk-XPR23Y44.js?v=b7d368d5:14029
[39295341ms] [ERROR] The above error occurred in the <ProductCard> component:

    at ProductCard (http://localhost:5173/src/components/Shared.jsx?t=1790870635432:73:31)
    at div
    at ProductGrid (http://localhost:5173/src/components/Shared.jsx?t=1790870635432:175:31)
    at section
    at Home (http://localhost:5173/src/pages/Home.jsx?t=1790868763926:25:36)
    at RenderedRoute (http://localhost:5173/node_modules/.vite/deps/react-router-dom.js?v=c76998c8:4110:5)
    at Outlet (http://localhost:5173/node_modules/.vite/deps/react-router-dom.js?v=c76998c8:4516:26)
    at main
    at div
    at Layout (http://localhost:5173/src/components/Layout.jsx?t=1790868763926:683:27)
    at RenderedRoute (http://localhost:5173/node_modules/.vite/deps/react-router-dom.js?v=c76998c8:4110:5)
    at Routes (http://localhost:5173/node_modules/.vite/deps/react-router-dom.js?v=c76998c8:4580:5)
    at App
    at StoreProvider (http://localhost:5173/src/context/StoreContext.jsx?t=1790868763926:30:33)
    at Router (http://localhost:5173/node_modules/.vite/deps/react-router-dom.js?v=c76998c8:4523:15)
    at BrowserRouter (http://localhost:5173/node_modules/.vite/deps/react-router-dom.js?v=c76998c8:5261:5)

Consider adding an error boundary to your tree to customize error handling behavior.
Visit https://reactjs.org/link/error-boundaries to learn more about error boundaries. @ http://localhost:5173/node_modules/.vite/deps/chunk-XPR23Y44.js?v=b7d368d5:14029
[39295341ms] [ERROR] The above error occurred in the <ProductCard> component:

    at ProductCard (http://localhost:5173/src/components/Shared.jsx?t=1790870635432:73:31)
    at div
    at ProductGrid (http://localhost:5173/src/components/Shared.jsx?t=1790870635432:175:31)
    at section
    at Home (http://localhost:5173/src/pages/Home.jsx?t=1790868763926:25:36)
    at RenderedRoute (http://localhost:5173/node_modules/.vite/deps/react-router-dom.js?v=c76998c8:4110:5)
    at Outlet (http://localhost:5173/node_modules/.vite/deps/react-router-dom.js?v=c76998c8:4516:26)
    at main
    at div
    at Layout (http://localhost:5173/src/components/Layout.jsx?t=1790868763926:683:27)
    at RenderedRoute (http://localhost:5173/node_modules/.vite/deps/react-router-dom.js?v=c76998c8:4110:5)
    at Routes (http://localhost:5173/node_modules/.vite/deps/react-router-dom.js?v=c76998c8:4580:5)
    at App
    at StoreProvider (http://localhost:5173/src/context/StoreContext.jsx?t=1790868763926:30:33)
    at Router (http://localhost:5173/node_modules/.vite/deps/react-router-dom.js?v=c76998c8:4523:15)
    at BrowserRouter (http://localhost:5173/node_modules/.vite/deps/react-router-dom.js?v=c76998c8:5261:5)

Consider adding an error boundary to your tree to customize error handling behavior.
Visit https://reactjs.org/link/error-boundaries to learn more about error boundaries. @ http://localhost:5173/node_modules/.vite/deps/chunk-XPR23Y44.js?v=b7d368d5:14029
[39295341ms] [ERROR] The above error occurred in the <ProductCard> component:

    at ProductCard (http://localhost:5173/src/components/Shared.jsx?t=1790870635432:73:31)
    at div
    at ProductGrid (http://localhost:5173/src/components/Shared.jsx?t=1790870635432:175:31)
    at section
    at Home (http://localhost:5173/src/pages/Home.jsx?t=1790868763926:25:36)
    at RenderedRoute (http://localhost:5173/node_modules/.vite/deps/react-router-dom.js?v=c76998c8:4110:5)
    at Outlet (http://localhost:5173/node_modules/.vite/deps/react-router-dom.js?v=c76998c8:4516:26)
    at main
    at div
    at Layout (http://localhost:5173/src/components/Layout.jsx?t=1790868763926:683:27)
    at RenderedRoute (http://localhost:5173/node_modules/.vite/deps/react-router-dom.js?v=c76998c8:4110:5)
    at Routes (http://localhost:5173/node_modules/.vite/deps/react-router-dom.js?v=c76998c8:4580:5)
    at App
    at StoreProvider (http://localhost:5173/src/context/StoreContext.jsx?t=1790868763926:30:33)
    at Router (http://localhost:5173/node_modules/.vite/deps/react-router-dom.js?v=c76998c8:4523:15)
    at BrowserRouter (http://localhost:5173/node_modules/.vite/deps/react-router-dom.js?v=c76998c8:5261:5)

Consider adding an error boundary to your tree to customize error handling behavior.
Visit https://reactjs.org/link/error-boundaries to learn more about error boundaries. @ http://localhost:5173/node_modules/.vite/deps/chunk-XPR23Y44.js?v=b7d368d5:14029
[39295341ms] [ERROR] The above error occurred in the <ProductCard> component:

    at ProductCard (http://localhost:5173/src/components/Shared.jsx?t=1790870635432:73:31)
    at div
    at ProductGrid (http://localhost:5173/src/components/Shared.jsx?t=1790870635432:175:31)
    at section
    at Home (http://localhost:5173/src/pages/Home.jsx?t=1790868763926:25:36)
    at RenderedRoute (http://localhost:5173/node_modules/.vite/deps/react-router-dom.js?v=c76998c8:4110:5)
    at Outlet (http://localhost:5173/node_modules/.vite/deps/react-router-dom.js?v=c76998c8:4516:26)
    at main
    at div
    at Layout (http://localhost:5173/src/components/Layout.jsx?t=1790868763926:683:27)
    at RenderedRoute (http://localhost:5173/node_modules/.vite/deps/react-router-dom.js?v=c76998c8:4110:5)
    at Routes (http://localhost:5173/node_modules/.vite/deps/react-router-dom.js?v=c76998c8:4580:5)
    at App
    at StoreProvider (http://localhost:5173/src/context/StoreContext.jsx?t=1790868763926:30:33)
    at Router (http://localhost:5173/node_modules/.vite/deps/react-router-dom.js?v=c76998c8:4523:15)
    at BrowserRouter (http://localhost:5173/node_modules/.vite/deps/react-router-dom.js?v=c76998c8:5261:5)

Consider adding an error boundary to your tree to customize error handling behavior.
Visit https://reactjs.org/link/error-boundaries to learn more about error boundaries. @ http://localhost:5173/node_modules/.vite/deps/chunk-XPR23Y44.js?v=b7d368d5:14029
[39295341ms] [ERROR] The above error occurred in the <ProductCard> component:

    at ProductCard (http://localhost:5173/src/components/Shared.jsx?t=1790870635432:73:31)
    at div
    at ProductGrid (http://localhost:5173/src/components/Shared.jsx?t=1790870635432:175:31)
    at section
    at Home (http://localhost:5173/src/pages/Home.jsx?t=1790868763926:25:36)
    at RenderedRoute (http://localhost:5173/node_modules/.vite/deps/react-router-dom.js?v=c76998c8:4110:5)
    at Outlet (http://localhost:5173/node_modules/.vite/deps/react-router-dom.js?v=c76998c8:4516:26)
    at main
    at div
    at Layout (http://localhost:5173/src/components/Layout.jsx?t=1790868763926:683:27)
    at RenderedRoute (http://localhost:5173/node_modules/.vite/deps/react-router-dom.js?v=c76998c8:4110:5)
    at Routes (http://localhost:5173/node_modules/.vite/deps/react-router-dom.js?v=c76998c8:4580:5)
    at App
    at StoreProvider (http://localhost:5173/src/context/StoreContext.jsx?t=1790868763926:30:33)
    at Router (http://localhost:5173/node_modules/.vite/deps/react-router-dom.js?v=c76998c8:4523:15)
    at BrowserRouter (http://localhost:5173/node_modules/.vite/deps/react-router-dom.js?v=c76998c8:5261:5)

Consider adding an error boundary to your tree to customize error handling behavior.
Visit https://reactjs.org/link/error-boundaries to learn more about error boundaries. @ http://localhost:5173/node_modules/.vite/deps/chunk-XPR23Y44.js?v=b7d368d5:14029
[39295341ms] [ERROR] The above error occurred in the <ProductCard> component:

    at ProductCard (http://localhost:5173/src/components/Shared.jsx?t=1790870635432:73:31)
    at div
    at ProductGrid (http://localhost:5173/src/components/Shared.jsx?t=1790870635432:175:31)
    at section
    at Home (http://localhost:5173/src/pages/Home.jsx?t=1790868763926:25:36)
    at RenderedRoute (http://localhost:5173/node_modules/.vite/deps/react-router-dom.js?v=c76998c8:4110:5)
    at Outlet (http://localhost:5173/node_modules/.vite/deps/react-router-dom.js?v=c76998c8:4516:26)
    at main
    at div
    at Layout (http://localhost:5173/src/components/Layout.jsx?t=1790868763926:683:27)
    at RenderedRoute (http://localhost:5173/node_modules/.vite/deps/react-router-dom.js?v=c76998c8:4110:5)
    at Routes (http://localhost:5173/node_modules/.vite/deps/react-router-dom.js?v=c76998c8:4580:5)
    at App
    at StoreProvider (http://localhost:5173/src/context/StoreContext.jsx?t=1790868763926:30:33)
    at Router (http://localhost:5173/node_modules/.vite/deps/react-router-dom.js?v=c76998c8:4523:15)
    at BrowserRouter (http://localhost:5173/node_modules/.vite/deps/react-router-dom.js?v=c76998c8:5261:5)

Consider adding an error boundary to your tree to customize error handling behavior.
Visit https://reactjs.org/link/error-boundaries to learn more about error boundaries. @ http://localhost:5173/node_modules/.vite/deps/chunk-XPR23Y44.js?v=b7d368d5:14029
[39295341ms] [ERROR] The above error occurred in the <ProductCard> component:

    at ProductCard (http://localhost:5173/src/components/Shared.jsx?t=1790870635432:73:31)
    at div
    at ProductGrid (http://localhost:5173/src/components/Shared.jsx?t=1790870635432:175:31)
    at section
    at Home (http://localhost:5173/src/pages/Home.jsx?t=1790868763926:25:36)
    at RenderedRoute (http://localhost:5173/node_modules/.vite/deps/react-router-dom.js?v=c76998c8:4110:5)
    at Outlet (http://localhost:5173/node_modules/.vite/deps/react-router-dom.js?v=c76998c8:4516:26)
    at main
    at div
    at Layout (http://localhost:5173/src/components/Layout.jsx?t=1790868763926:683:27)
    at RenderedRoute (http://localhost:5173/node_modules/.vite/deps/react-router-dom.js?v=c76998c8:4110:5)
    at Routes (http://localhost:5173/node_modules/.vite/deps/react-router-dom.js?v=c76998c8:4580:5)
    at App
    at StoreProvider (http://localhost:5173/src/context/StoreContext.jsx?t=1790868763926:30:33)
    at Router (http://localhost:5173/node_modules/.vite/deps/react-router-dom.js?v=c76998c8:4523:15)
    at BrowserRouter (http://localhost:5173/node_modules/.vite/deps/react-router-dom.js?v=c76998c8:5261:5)

Consider adding an error boundary to your tree to customize error handling behavior.
Visit https://reactjs.org/link/error-boundaries to learn more about error boundaries. @ http://localhost:5173/node_modules/.vite/deps/chunk-XPR23Y44.js?v=b7d368d5:14029
[39295342ms] [ERROR] The above error occurred in the <ProductCard> component:

    at ProductCard (http://localhost:5173/src/components/Shared.jsx?t=1790870635432:73:31)
    at div
    at ProductGrid (http://localhost:5173/src/components/Shared.jsx?t=1790870635432:175:31)
    at section
    at Home (http://localhost:5173/src/pages/Home.jsx?t=1790868763926:25:36)
    at RenderedRoute (http://localhost:5173/node_modules/.vite/deps/react-router-dom.js?v=c76998c8:4110:5)
    at Outlet (http://localhost:5173/node_modules/.vite/deps/react-router-dom.js?v=c76998c8:4516:26)
    at main
    at div
    at Layout (http://localhost:5173/src/components/Layout.jsx?t=1790868763926:683:27)
    at RenderedRoute (http://localhost:5173/node_modules/.vite/deps/react-router-dom.js?v=c76998c8:4110:5)
    at Routes (http://localhost:5173/node_modules/.vite/deps/react-router-dom.js?v=c76998c8:4580:5)
    at App
    at StoreProvider (http://localhost:5173/src/context/StoreContext.jsx?t=1790868763926:30:33)
    at Router (http://localhost:5173/node_modules/.vite/deps/react-router-dom.js?v=c76998c8:4523:15)
    at BrowserRouter (http://localhost:5173/node_modules/.vite/deps/react-router-dom.js?v=c76998c8:5261:5)

Consider adding an error boundary to your tree to customize error handling behavior.
Visit https://reactjs.org/link/error-boundaries to learn more about error boundaries. @ http://localhost:5173/node_modules/.vite/deps/chunk-XPR23Y44.js?v=b7d368d5:14029
[39295342ms] [ERROR] The above error occurred in the <ProductCard> component:

    at ProductCard (http://localhost:5173/src/components/Shared.jsx?t=1790870635432:73:31)
    at div
    at ProductGrid (http://localhost:5173/src/components/Shared.jsx?t=1790870635432:175:31)
    at section
    at Home (http://localhost:5173/src/pages/Home.jsx?t=1790868763926:25:36)
    at RenderedRoute (http://localhost:5173/node_modules/.vite/deps/react-router-dom.js?v=c76998c8:4110:5)
    at Outlet (http://localhost:5173/node_modules/.vite/deps/react-router-dom.js?v=c76998c8:4516:26)
    at main
    at div
    at Layout (http://localhost:5173/src/components/Layout.jsx?t=1790868763926:683:27)
    at RenderedRoute (http://localhost:5173/node_modules/.vite/deps/react-router-dom.js?v=c76998c8:4110:5)
    at Routes (http://localhost:5173/node_modules/.vite/deps/react-router-dom.js?v=c76998c8:4580:5)
    at App
    at StoreProvider (http://localhost:5173/src/context/StoreContext.jsx?t=1790868763926:30:33)
    at Router (http://localhost:5173/node_modules/.vite/deps/react-router-dom.js?v=c76998c8:4523:15)
    at BrowserRouter (http://localhost:5173/node_modules/.vite/deps/react-router-dom.js?v=c76998c8:5261:5)

Consider adding an error boundary to your tree to customize error handling behavior.
Visit https://reactjs.org/link/error-boundaries to learn more about error boundaries. @ http://localhost:5173/node_modules/.vite/deps/chunk-XPR23Y44.js?v=b7d368d5:14029
[39295342ms] [ERROR] The above error occurred in the <ProductCard> component:

    at ProductCard (http://localhost:5173/src/components/Shared.jsx?t=1790870635432:73:31)
    at div
    at ProductGrid (http://localhost:5173/src/components/Shared.jsx?t=1790870635432:175:31)
    at section
    at Home (http://localhost:5173/src/pages/Home.jsx?t=1790868763926:25:36)
    at RenderedRoute (http://localhost:5173/node_modules/.vite/deps/react-router-dom.js?v=c76998c8:4110:5)
    at Outlet (http://localhost:5173/node_modules/.vite/deps/react-router-dom.js?v=c76998c8:4516:26)
    at main
    at div
    at Layout (http://localhost:5173/src/components/Layout.jsx?t=1790868763926:683:27)
    at RenderedRoute (http://localhost:5173/node_modules/.vite/deps/react-router-dom.js?v=c76998c8:4110:5)
    at Routes (http://localhost:5173/node_modules/.vite/deps/react-router-dom.js?v=c76998c8:4580:5)
    at App
    at StoreProvider (http://localhost:5173/src/context/StoreContext.jsx?t=1790868763926:30:33)
    at Router (http://localhost:5173/node_modules/.vite/deps/react-router-dom.js?v=c76998c8:4523:15)
    at BrowserRouter (http://localhost:5173/node_modules/.vite/deps/react-router-dom.js?v=c76998c8:5261:5)

Consider adding an error boundary to your tree to customize error handling behavior.
Visit https://reactjs.org/link/error-boundaries to learn more about error boundaries. @ http://localhost:5173/node_modules/.vite/deps/chunk-XPR23Y44.js?v=b7d368d5:14029
[39295342ms] [ERROR] The above error occurred in the <ProductCard> component:

    at ProductCard (http://localhost:5173/src/components/Shared.jsx?t=1790870635432:73:31)
    at div
    at ProductGrid (http://localhost:5173/src/components/Shared.jsx?t=1790870635432:175:31)
    at section
    at Home (http://localhost:5173/src/pages/Home.jsx?t=1790868763926:25:36)
    at RenderedRoute (http://localhost:5173/node_modules/.vite/deps/react-router-dom.js?v=c76998c8:4110:5)
    at Outlet (http://localhost:5173/node_modules/.vite/deps/react-router-dom.js?v=c76998c8:4516:26)
    at main
    at div
    at Layout (http://localhost:5173/src/components/Layout.jsx?t=1790868763926:683:27)
    at RenderedRoute (http://localhost:5173/node_modules/.vite/deps/react-router-dom.js?v=c76998c8:4110:5)
    at Routes (http://localhost:5173/node_modules/.vite/deps/react-router-dom.js?v=c76998c8:4580:5)
    at App
    at StoreProvider (http://localhost:5173/src/context/StoreContext.jsx?t=1790868763926:30:33)
    at Router (http://localhost:5173/node_modules/.vite/deps/react-router-dom.js?v=c76998c8:4523:15)
    at BrowserRouter (http://localhost:5173/node_modules/.vite/deps/react-router-dom.js?v=c76998c8:5261:5)

Consider adding an error boundary to your tree to customize error handling behavior.
Visit https://reactjs.org/link/error-boundaries to learn more about error boundaries. @ http://localhost:5173/node_modules/.vite/deps/chunk-XPR23Y44.js?v=b7d368d5:14029
[39295342ms] [ERROR] The above error occurred in the <ProductCard> component:

    at ProductCard (http://localhost:5173/src/components/Shared.jsx?t=1790870635432:73:31)
    at div
    at ProductGrid (http://localhost:5173/src/components/Shared.jsx?t=1790870635432:175:31)
    at section
    at Home (http://localhost:5173/src/pages/Home.jsx?t=1790868763926:25:36)
    at RenderedRoute (http://localhost:5173/node_modules/.vite/deps/react-router-dom.js?v=c76998c8:4110:5)
    at Outlet (http://localhost:5173/node_modules/.vite/deps/react-router-dom.js?v=c76998c8:4516:26)
    at main
    at div
    at Layout (http://localhost:5173/src/components/Layout.jsx?t=1790868763926:683:27)
    at RenderedRoute (http://localhost:5173/node_modules/.vite/deps/react-router-dom.js?v=c76998c8:4110:5)
    at Routes (http://localhost:5173/node_modules/.vite/deps/react-router-dom.js?v=c76998c8:4580:5)
    at App
    at StoreProvider (http://localhost:5173/src/context/StoreContext.jsx?t=1790868763926:30:33)
    at Router (http://localhost:5173/node_modules/.vite/deps/react-router-dom.js?v=c76998c8:4523:15)
    at BrowserRouter (http://localhost:5173/node_modules/.vite/deps/react-router-dom.js?v=c76998c8:5261:5)

Consider adding an error boundary to your tree to customize error handling behavior.
Visit https://reactjs.org/link/error-boundaries to learn more about error boundaries. @ http://localhost:5173/node_modules/.vite/deps/chunk-XPR23Y44.js?v=b7d368d5:14029
[39295342ms] [ERROR] The above error occurred in the <ProductCard> component:

    at ProductCard (http://localhost:5173/src/components/Shared.jsx?t=1790870635432:73:31)
    at div
    at ProductGrid (http://localhost:5173/src/components/Shared.jsx?t=1790870635432:175:31)
    at section
    at Home (http://localhost:5173/src/pages/Home.jsx?t=1790868763926:25:36)
    at RenderedRoute (http://localhost:5173/node_modules/.vite/deps/react-router-dom.js?v=c76998c8:4110:5)
    at Outlet (http://localhost:5173/node_modules/.vite/deps/react-router-dom.js?v=c76998c8:4516:26)
    at main
    at div
    at Layout (http://localhost:5173/src/components/Layout.jsx?t=1790868763926:683:27)
    at RenderedRoute (http://localhost:5173/node_modules/.vite/deps/react-router-dom.js?v=c76998c8:4110:5)
    at Routes (http://localhost:5173/node_modules/.vite/deps/react-router-dom.js?v=c76998c8:4580:5)
    at App
    at StoreProvider (http://localhost:5173/src/context/StoreContext.jsx?t=1790868763926:30:33)
    at Router (http://localhost:5173/node_modules/.vite/deps/react-router-dom.js?v=c76998c8:4523:15)
    at BrowserRouter (http://localhost:5173/node_modules/.vite/deps/react-router-dom.js?v=c76998c8:5261:5)

Consider adding an error boundary to your tree to customize error handling behavior.
Visit https://reactjs.org/link/error-boundaries to learn more about error boundaries. @ http://localhost:5173/node_modules/.vite/deps/chunk-XPR23Y44.js?v=b7d368d5:14029
[39295342ms] [ERROR] The above error occurred in the <ProductCard> component:

    at ProductCard (http://localhost:5173/src/components/Shared.jsx?t=1790870635432:73:31)
    at div
    at ProductGrid (http://localhost:5173/src/components/Shared.jsx?t=1790870635432:175:31)
    at section
    at Home (http://localhost:5173/src/pages/Home.jsx?t=1790868763926:25:36)
    at RenderedRoute (http://localhost:5173/node_modules/.vite/deps/react-router-dom.js?v=c76998c8:4110:5)
    at Outlet (http://localhost:5173/node_modules/.vite/deps/react-router-dom.js?v=c76998c8:4516:26)
    at main
    at div
    at Layout (http://localhost:5173/src/components/Layout.jsx?t=1790868763926:683:27)
    at RenderedRoute (http://localhost:5173/node_modules/.vite/deps/react-router-dom.js?v=c76998c8:4110:5)
    at Routes (http://localhost:5173/node_modules/.vite/deps/react-router-dom.js?v=c76998c8:4580:5)
    at App
    at StoreProvider (http://localhost:5173/src/context/StoreContext.jsx?t=1790868763926:30:33)
    at Router (http://localhost:5173/node_modules/.vite/deps/react-router-dom.js?v=c76998c8:4523:15)
    at BrowserRouter (http://localhost:5173/node_modules/.vite/deps/react-router-dom.js?v=c76998c8:5261:5)

Consider adding an error boundary to your tree to customize error handling behavior.
Visit https://reactjs.org/link/error-boundaries to learn more about error boundaries. @ http://localhost:5173/node_modules/.vite/deps/chunk-XPR23Y44.js?v=b7d368d5:14029
[39295342ms] [ERROR] The above error occurred in the <ProductCard> component:

    at ProductCard (http://localhost:5173/src/components/Shared.jsx?t=1790870635432:73:31)
    at div
    at ProductGrid (http://localhost:5173/src/components/Shared.jsx?t=1790870635432:175:31)
    at section
    at Home (http://localhost:5173/src/pages/Home.jsx?t=1790868763926:25:36)
    at RenderedRoute (http://localhost:5173/node_modules/.vite/deps/react-router-dom.js?v=c76998c8:4110:5)
    at Outlet (http://localhost:5173/node_modules/.vite/deps/react-router-dom.js?v=c76998c8:4516:26)
    at main
    at div
    at Layout (http://localhost:5173/src/components/Layout.jsx?t=1790868763926:683:27)
    at RenderedRoute (http://localhost:5173/node_modules/.vite/deps/react-router-dom.js?v=c76998c8:4110:5)
    at Routes (http://localhost:5173/node_modules/.vite/deps/react-router-dom.js?v=c76998c8:4580:5)
    at App
    at StoreProvider (http://localhost:5173/src/context/StoreContext.jsx?t=1790868763926:30:33)
    at Router (http://localhost:5173/node_modules/.vite/deps/react-router-dom.js?v=c76998c8:4523:15)
    at BrowserRouter (http://localhost:5173/node_modules/.vite/deps/react-router-dom.js?v=c76998c8:5261:5)

Consider adding an error boundary to your tree to customize error handling behavior.
Visit https://reactjs.org/link/error-boundaries to learn more about error boundaries. @ http://localhost:5173/node_modules/.vite/deps/chunk-XPR23Y44.js?v=b7d368d5:14029
[39295342ms] [ERROR] The above error occurred in the <ProductCard> component:

    at ProductCard (http://localhost:5173/src/components/Shared.jsx?t=1790870635432:73:31)
    at div
    at ProductGrid (http://localhost:5173/src/components/Shared.jsx?t=1790870635432:175:31)
    at section
    at Home (http://localhost:5173/src/pages/Home.jsx?t=1790868763926:25:36)
    at RenderedRoute (http://localhost:5173/node_modules/.vite/deps/react-router-dom.js?v=c76998c8:4110:5)
    at Outlet (http://localhost:5173/node_modules/.vite/deps/react-router-dom.js?v=c76998c8:4516:26)
    at main
    at div
    at Layout (http://localhost:5173/src/components/Layout.jsx?t=1790868763926:683:27)
    at RenderedRoute (http://localhost:5173/node_modules/.vite/deps/react-router-dom.js?v=c76998c8:4110:5)
    at Routes (http://localhost:5173/node_modules/.vite/deps/react-router-dom.js?v=c76998c8:4580:5)
    at App
    at StoreProvider (http://localhost:5173/src/context/StoreContext.jsx?t=1790868763926:30:33)
    at Router (http://localhost:5173/node_modules/.vite/deps/react-router-dom.js?v=c76998c8:4523:15)
    at BrowserRouter (http://localhost:5173/node_modules/.vite/deps/react-router-dom.js?v=c76998c8:5261:5)

Consider adding an error boundary to your tree to customize error handling behavior.
Visit https://reactjs.org/link/error-boundaries to learn more about error boundaries. @ http://localhost:5173/node_modules/.vite/deps/chunk-XPR23Y44.js?v=b7d368d5:14029
[39295342ms] [ERROR] The above error occurred in the <ProductCard> component:

    at ProductCard (http://localhost:5173/src/components/Shared.jsx?t=1790870635432:73:31)
    at div
    at ProductGrid (http://localhost:5173/src/components/Shared.jsx?t=1790870635432:175:31)
    at section
    at Home (http://localhost:5173/src/pages/Home.jsx?t=1790868763926:25:36)
    at RenderedRoute (http://localhost:5173/node_modules/.vite/deps/react-router-dom.js?v=c76998c8:4110:5)
    at Outlet (http://localhost:5173/node_modules/.vite/deps/react-router-dom.js?v=c76998c8:4516:26)
    at main
    at div
    at Layout (http://localhost:5173/src/components/Layout.jsx?t=1790868763926:683:27)
    at RenderedRoute (http://localhost:5173/node_modules/.vite/deps/react-router-dom.js?v=c76998c8:4110:5)
    at Routes (http://localhost:5173/node_modules/.vite/deps/react-router-dom.js?v=c76998c8:4580:5)
    at App
    at StoreProvider (http://localhost:5173/src/context/StoreContext.jsx?t=1790868763926:30:33)
    at Router (http://localhost:5173/node_modules/.vite/deps/react-router-dom.js?v=c76998c8:4523:15)
    at BrowserRouter (http://localhost:5173/node_modules/.vite/deps/react-router-dom.js?v=c76998c8:5261:5)

Consider adding an error boundary to your tree to customize error handling behavior.
Visit https://reactjs.org/link/error-boundaries to learn more about error boundaries. @ http://localhost:5173/node_modules/.vite/deps/chunk-XPR23Y44.js?v=b7d368d5:14029
[39295342ms] [ERROR] The above error occurred in the <ProductCard> component:

    at ProductCard (http://localhost:5173/src/components/Shared.jsx?t=1790870635432:73:31)
    at div
    at ProductGrid (http://localhost:5173/src/components/Shared.jsx?t=1790870635432:175:31)
    at section
    at Home (http://localhost:5173/src/pages/Home.jsx?t=1790868763926:25:36)
    at RenderedRoute (http://localhost:5173/node_modules/.vite/deps/react-router-dom.js?v=c76998c8:4110:5)
    at Outlet (http://localhost:5173/node_modules/.vite/deps/react-router-dom.js?v=c76998c8:4516:26)
    at main
    at div
    at Layout (http://localhost:5173/src/components/Layout.jsx?t=1790868763926:683:27)
    at RenderedRoute (http://localhost:5173/node_modules/.vite/deps/react-router-dom.js?v=c76998c8:4110:5)
    at Routes (http://localhost:5173/node_modules/.vite/deps/react-router-dom.js?v=c76998c8:4580:5)
    at App
    at StoreProvider (http://localhost:5173/src/context/StoreContext.jsx?t=1790868763926:30:33)
    at Router (http://localhost:5173/node_modules/.vite/deps/react-router-dom.js?v=c76998c8:4523:15)
    at BrowserRouter (http://localhost:5173/node_modules/.vite/deps/react-router-dom.js?v=c76998c8:5261:5)

Consider adding an error boundary to your tree to customize error handling behavior.
Visit https://reactjs.org/link/error-boundaries to learn more about error boundaries. @ http://localhost:5173/node_modules/.vite/deps/chunk-XPR23Y44.js?v=b7d368d5:14029
[39295342ms] [ERROR] The above error occurred in the <ProductCard> component:

    at ProductCard (http://localhost:5173/src/components/Shared.jsx?t=1790870635432:73:31)
    at div
    at ProductGrid (http://localhost:5173/src/components/Shared.jsx?t=1790870635432:175:31)
    at section
    at Home (http://localhost:5173/src/pages/Home.jsx?t=1790868763926:25:36)
    at RenderedRoute (http://localhost:5173/node_modules/.vite/deps/react-router-dom.js?v=c76998c8:4110:5)
    at Outlet (http://localhost:5173/node_modules/.vite/deps/react-router-dom.js?v=c76998c8:4516:26)
    at main
    at div
    at Layout (http://localhost:5173/src/components/Layout.jsx?t=1790868763926:683:27)
    at RenderedRoute (http://localhost:5173/node_modules/.vite/deps/react-router-dom.js?v=c76998c8:4110:5)
    at Routes (http://localhost:5173/node_modules/.vite/deps/react-router-dom.js?v=c76998c8:4580:5)
    at App
    at StoreProvider (http://localhost:5173/src/context/StoreContext.jsx?t=1790868763926:30:33)
    at Router (http://localhost:5173/node_modules/.vite/deps/react-router-dom.js?v=c76998c8:4523:15)
    at BrowserRouter (http://localhost:5173/node_modules/.vite/deps/react-router-dom.js?v=c76998c8:5261:5)

Consider adding an error boundary to your tree to customize error handling behavior.
Visit https://reactjs.org/link/error-boundaries to learn more about error boundaries. @ http://localhost:5173/node_modules/.vite/deps/chunk-XPR23Y44.js?v=b7d368d5:14029
[39295351ms] ReferenceError: hoverImage is not defined
    at ProductCard (http://localhost:5173/src/components/Shared.jsx?t=1790870635432:84:7)
    at renderWithHooks (http://localhost:5173/node_modules/.vite/deps/chunk-XPR23Y44.js?v=b7d368d5:11546:26)
    at updateFunctionComponent (http://localhost:5173/node_modules/.vite/deps/chunk-XPR23Y44.js?v=b7d368d5:14580:28)
    at beginWork (http://localhost:5173/node_modules/.vite/deps/chunk-XPR23Y44.js?v=b7d368d5:15922:22)
    at beginWork$1 (http://localhost:5173/node_modules/.vite/deps/chunk-XPR23Y44.js?v=b7d368d5:19751:22)
    at performUnitOfWork (http://localhost:5173/node_modules/.vite/deps/chunk-XPR23Y44.js?v=b7d368d5:19196:20)
    at workLoopSync (http://localhost:5173/node_modules/.vite/deps/chunk-XPR23Y44.js?v=b7d368d5:19135:13)
    at renderRootSync (http://localhost:5173/node_modules/.vite/deps/chunk-XPR23Y44.js?v=b7d368d5:19114:15)
    at recoverFromConcurrentError (http://localhost:5173/node_modules/.vite/deps/chunk-XPR23Y44.js?v=b7d368d5:18734:28)
    at performSyncWorkOnRoot (http://localhost:5173/node_modules/.vite/deps/chunk-XPR23Y44.js?v=b7d368d5:18877:28)
[39408459ms] [INFO] %cDownload the React DevTools for a better development experience: https://reactjs.org/link/react-devtools font-weight:bold @ http://localhost:5173/node_modules/.vite/deps/chunk-XPR23Y44.js?v=b7d368d5:21548
[39408500ms] [WARNING] ⚠️ React Router Future Flag Warning: React Router will begin wrapping state updates in `React.startTransition` in v7. You can use the `v7_startTransition` future flag to opt-in early. For more information, see https://reactrouter.com/v6/upgrading/future#v7_starttransition. @ http://localhost:5173/node_modules/.vite/deps/react-router-dom.js?v=c76998c8:4414
[39408500ms] [WARNING] ⚠️ React Router Future Flag Warning: Relative route resolution within Splat routes is changing in v7. You can use the `v7_relativeSplatPath` future flag to opt-in early. For more information, see https://reactrouter.com/v6/upgrading/future#v7_relativesplatpath. @ http://localhost:5173/node_modules/.vite/deps/react-router-dom.js?v=c76998c8:4414
[39421951ms] [INFO] %cDownload the React DevTools for a better development experience: https://reactjs.org/link/react-devtools font-weight:bold @ http://localhost:5173/node_modules/.vite/deps/chunk-XPR23Y44.js?v=b7d368d5:21548
[39421983ms] [WARNING] ⚠️ React Router Future Flag Warning: React Router will begin wrapping state updates in `React.startTransition` in v7. You can use the `v7_startTransition` future flag to opt-in early. For more information, see https://reactrouter.com/v6/upgrading/future#v7_starttransition. @ http://localhost:5173/node_modules/.vite/deps/react-router-dom.js?v=c76998c8:4414
[39421983ms] [WARNING] ⚠️ React Router Future Flag Warning: Relative route resolution within Splat routes is changing in v7. You can use the `v7_relativeSplatPath` future flag to opt-in early. For more information, see https://reactrouter.com/v6/upgrading/future#v7_relativesplatpath. @ http://localhost:5173/node_modules/.vite/deps/react-router-dom.js?v=c76998c8:4414
[39438100ms] [INFO] %cDownload the React DevTools for a better development experience: https://reactjs.org/link/react-devtools font-weight:bold @ http://localhost:5173/node_modules/.vite/deps/chunk-XPR23Y44.js?v=b7d368d5:21548
[39438128ms] [WARNING] ⚠️ React Router Future Flag Warning: React Router will begin wrapping state updates in `React.startTransition` in v7. You can use the `v7_startTransition` future flag to opt-in early. For more information, see https://reactrouter.com/v6/upgrading/future#v7_starttransition. @ http://localhost:5173/node_modules/.vite/deps/react-router-dom.js?v=c76998c8:4414
[39438128ms] [WARNING] ⚠️ React Router Future Flag Warning: Relative route resolution within Splat routes is changing in v7. You can use the `v7_relativeSplatPath` future flag to opt-in early. For more information, see https://reactrouter.com/v6/upgrading/future#v7_relativesplatpath. @ http://localhost:5173/node_modules/.vite/deps/react-router-dom.js?v=c76998c8:4414
[39845028ms] [INFO] %cDownload the React DevTools for a better development experience: https://reactjs.org/link/react-devtools font-weight:bold @ http://localhost:5173/node_modules/.vite/deps/chunk-XPR23Y44.js?v=b7d368d5:21548
[39845069ms] [WARNING] ⚠️ React Router Future Flag Warning: React Router will begin wrapping state updates in `React.startTransition` in v7. You can use the `v7_startTransition` future flag to opt-in early. For more information, see https://reactrouter.com/v6/upgrading/future#v7_starttransition. @ http://localhost:5173/node_modules/.vite/deps/react-router-dom.js?v=c76998c8:4414
[39845069ms] [WARNING] ⚠️ React Router Future Flag Warning: Relative route resolution within Splat routes is changing in v7. You can use the `v7_relativeSplatPath` future flag to opt-in early. For more information, see https://reactrouter.com/v6/upgrading/future#v7_relativesplatpath. @ http://localhost:5173/node_modules/.vite/deps/react-router-dom.js?v=c76998c8:4414
[39852639ms] [INFO] %cDownload the React DevTools for a better development experience: https://reactjs.org/link/react-devtools font-weight:bold @ http://localhost:5173/node_modules/.vite/deps/chunk-XPR23Y44.js?v=b7d368d5:21548
[39852677ms] [WARNING] ⚠️ React Router Future Flag Warning: React Router will begin wrapping state updates in `React.startTransition` in v7. You can use the `v7_startTransition` future flag to opt-in early. For more information, see https://reactrouter.com/v6/upgrading/future#v7_starttransition. @ http://localhost:5173/node_modules/.vite/deps/react-router-dom.js?v=c76998c8:4414
[39852677ms] [WARNING] ⚠️ React Router Future Flag Warning: Relative route resolution within Splat routes is changing in v7. You can use the `v7_relativeSplatPath` future flag to opt-in early. For more information, see https://reactrouter.com/v6/upgrading/future#v7_relativesplatpath. @ http://localhost:5173/node_modules/.vite/deps/react-router-dom.js?v=c76998c8:4414
[39879795ms] [INFO] %cDownload the React DevTools for a better development experience: https://reactjs.org/link/react-devtools font-weight:bold @ http://localhost:5173/node_modules/.vite/deps/chunk-XPR23Y44.js?v=b7d368d5:21548
[39879825ms] [WARNING] ⚠️ React Router Future Flag Warning: React Router will begin wrapping state updates in `React.startTransition` in v7. You can use the `v7_startTransition` future flag to opt-in early. For more information, see https://reactrouter.com/v6/upgrading/future#v7_starttransition. @ http://localhost:5173/node_modules/.vite/deps/react-router-dom.js?v=c76998c8:4414
[39879825ms] [WARNING] ⚠️ React Router Future Flag Warning: Relative route resolution within Splat routes is changing in v7. You can use the `v7_relativeSplatPath` future flag to opt-in early. For more information, see https://reactrouter.com/v6/upgrading/future#v7_relativesplatpath. @ http://localhost:5173/node_modules/.vite/deps/react-router-dom.js?v=c76998c8:4414
[39888620ms] [INFO] %cDownload the React DevTools for a better development experience: https://reactjs.org/link/react-devtools font-weight:bold @ http://localhost:5173/node_modules/.vite/deps/chunk-XPR23Y44.js?v=b7d368d5:21548
[39888647ms] [WARNING] ⚠️ React Router Future Flag Warning: React Router will begin wrapping state updates in `React.startTransition` in v7. You can use the `v7_startTransition` future flag to opt-in early. For more information, see https://reactrouter.com/v6/upgrading/future#v7_starttransition. @ http://localhost:5173/node_modules/.vite/deps/react-router-dom.js?v=c76998c8:4414
[39888647ms] [WARNING] ⚠️ React Router Future Flag Warning: Relative route resolution within Splat routes is changing in v7. You can use the `v7_relativeSplatPath` future flag to opt-in early. For more information, see https://reactrouter.com/v6/upgrading/future#v7_relativesplatpath. @ http://localhost:5173/node_modules/.vite/deps/react-router-dom.js?v=c76998c8:4414
[41104869ms] [INFO] %cDownload the React DevTools for a better development experience: https://reactjs.org/link/react-devtools font-weight:bold @ http://localhost:5173/node_modules/.vite/deps/chunk-XPR23Y44.js?v=b7d368d5:21548
[41104910ms] [WARNING] ⚠️ React Router Future Flag Warning: React Router will begin wrapping state updates in `React.startTransition` in v7. You can use the `v7_startTransition` future flag to opt-in early. For more information, see https://reactrouter.com/v6/upgrading/future#v7_starttransition. @ http://localhost:5173/node_modules/.vite/deps/react-router-dom.js?v=c76998c8:4414
[41104910ms] [WARNING] ⚠️ React Router Future Flag Warning: Relative route resolution within Splat routes is changing in v7. You can use the `v7_relativeSplatPath` future flag to opt-in early. For more information, see https://reactrouter.com/v6/upgrading/future#v7_relativesplatpath. @ http://localhost:5173/node_modules/.vite/deps/react-router-dom.js?v=c76998c8:4414
[41105009ms] [VERBOSE] [DOM] Input elements should have autocomplete attributes (suggested: "username"): (More info: https://goo.gl/9p2vKq) %o @ http://localhost:5173/login:0
[41108076ms] [INFO] %cDownload the React DevTools for a better development experience: https://reactjs.org/link/react-devtools font-weight:bold @ http://localhost:5173/node_modules/.vite/deps/chunk-XPR23Y44.js?v=b7d368d5:21548
[41108103ms] [WARNING] ⚠️ React Router Future Flag Warning: React Router will begin wrapping state updates in `React.startTransition` in v7. You can use the `v7_startTransition` future flag to opt-in early. For more information, see https://reactrouter.com/v6/upgrading/future#v7_starttransition. @ http://localhost:5173/node_modules/.vite/deps/react-router-dom.js?v=c76998c8:4414
[41108103ms] [WARNING] ⚠️ React Router Future Flag Warning: Relative route resolution within Splat routes is changing in v7. You can use the `v7_relativeSplatPath` future flag to opt-in early. For more information, see https://reactrouter.com/v6/upgrading/future#v7_relativesplatpath. @ http://localhost:5173/node_modules/.vite/deps/react-router-dom.js?v=c76998c8:4414
[41108196ms] [VERBOSE] [DOM] Input elements should have autocomplete attributes (suggested: "username"): (More info: https://goo.gl/9p2vKq) %o @ http://localhost:5173/register:0
[41108976ms] [INFO] %cDownload the React DevTools for a better development experience: https://reactjs.org/link/react-devtools font-weight:bold @ http://localhost:5173/node_modules/.vite/deps/chunk-XPR23Y44.js?v=b7d368d5:21548
[41109017ms] [WARNING] ⚠️ React Router Future Flag Warning: React Router will begin wrapping state updates in `React.startTransition` in v7. You can use the `v7_startTransition` future flag to opt-in early. For more information, see https://reactrouter.com/v6/upgrading/future#v7_starttransition. @ http://localhost:5173/node_modules/.vite/deps/react-router-dom.js?v=c76998c8:4414
[41109018ms] [WARNING] ⚠️ React Router Future Flag Warning: Relative route resolution within Splat routes is changing in v7. You can use the `v7_relativeSplatPath` future flag to opt-in early. For more information, see https://reactrouter.com/v6/upgrading/future#v7_relativesplatpath. @ http://localhost:5173/node_modules/.vite/deps/react-router-dom.js?v=c76998c8:4414
[41109128ms] [VERBOSE] [DOM] Input elements should have autocomplete attributes (suggested: "username"): (More info: https://goo.gl/9p2vKq) %o @ http://localhost:5173/login:0
[41316421ms] [INFO] %cDownload the React DevTools for a better development experience: https://reactjs.org/link/react-devtools font-weight:bold @ http://localhost:5173/node_modules/.vite/deps/chunk-XPR23Y44.js?v=b7d368d5:21548
[41316467ms] [WARNING] ⚠️ React Router Future Flag Warning: React Router will begin wrapping state updates in `React.startTransition` in v7. You can use the `v7_startTransition` future flag to opt-in early. For more information, see https://reactrouter.com/v6/upgrading/future#v7_starttransition. @ http://localhost:5173/node_modules/.vite/deps/react-router-dom.js?v=c76998c8:4414
[41316468ms] [WARNING] ⚠️ React Router Future Flag Warning: Relative route resolution within Splat routes is changing in v7. You can use the `v7_relativeSplatPath` future flag to opt-in early. For more information, see https://reactrouter.com/v6/upgrading/future#v7_relativesplatpath. @ http://localhost:5173/node_modules/.vite/deps/react-router-dom.js?v=c76998c8:4414
[41898833ms] [LOG] [vite] server connection lost. Polling for restart... @ http://localhost:5173/@vite/client:559
[41898839ms] [ERROR] Failed to load resource: net::ERR_CONNECTION_REFUSED @ http://localhost:5173/:0
[41901310ms] [INFO] %cDownload the React DevTools for a better development experience: https://reactjs.org/link/react-devtools font-weight:bold @ http://localhost:5173/node_modules/.vite/deps/chunk-XPR23Y44.js?v=7091fa58:21548
[41901438ms] [WARNING] ⚠️ React Router Future Flag Warning: React Router will begin wrapping state updates in `React.startTransition` in v7. You can use the `v7_startTransition` future flag to opt-in early. For more information, see https://reactrouter.com/v6/upgrading/future#v7_starttransition. @ http://localhost:5173/node_modules/.vite/deps/react-router-dom.js?v=7091fa58:4414
[41901439ms] [WARNING] ⚠️ React Router Future Flag Warning: Relative route resolution within Splat routes is changing in v7. You can use the `v7_relativeSplatPath` future flag to opt-in early. For more information, see https://reactrouter.com/v6/upgrading/future#v7_relativesplatpath. @ http://localhost:5173/node_modules/.vite/deps/react-router-dom.js?v=7091fa58:4414
[41906602ms] [LOG] [vite] server connection lost. Polling for restart... @ http://localhost:5173/@vite/client:559
[41906606ms] [ERROR] Failed to load resource: net::ERR_CONNECTION_REFUSED @ http://localhost:5173/:0
[41908675ms] [INFO] %cDownload the React DevTools for a better development experience: https://reactjs.org/link/react-devtools font-weight:bold @ http://localhost:5173/node_modules/.vite/deps/chunk-XPR23Y44.js?v=7091fa58:21548
[41908927ms] [WARNING] ⚠️ React Router Future Flag Warning: React Router will begin wrapping state updates in `React.startTransition` in v7. You can use the `v7_startTransition` future flag to opt-in early. For more information, see https://reactrouter.com/v6/upgrading/future#v7_starttransition. @ http://localhost:5173/node_modules/.vite/deps/react-router-dom.js?v=7091fa58:4414
[41908928ms] [WARNING] ⚠️ React Router Future Flag Warning: Relative route resolution within Splat routes is changing in v7. You can use the `v7_relativeSplatPath` future flag to opt-in early. For more information, see https://reactrouter.com/v6/upgrading/future#v7_relativesplatpath. @ http://localhost:5173/node_modules/.vite/deps/react-router-dom.js?v=7091fa58:4414
[41920238ms] [LOG] [vite] server connection lost. Polling for restart... @ http://localhost:5173/@vite/client:559
[41920242ms] [ERROR] Failed to load resource: net::ERR_CONNECTION_REFUSED @ http://localhost:5173/:0
[41922049ms] [INFO] %cDownload the React DevTools for a better development experience: https://reactjs.org/link/react-devtools font-weight:bold @ http://localhost:5173/node_modules/.vite/deps/chunk-XPR23Y44.js?v=7091fa58:21548
[41922098ms] [WARNING] ⚠️ React Router Future Flag Warning: React Router will begin wrapping state updates in `React.startTransition` in v7. You can use the `v7_startTransition` future flag to opt-in early. For more information, see https://reactrouter.com/v6/upgrading/future#v7_starttransition. @ http://localhost:5173/node_modules/.vite/deps/react-router-dom.js?v=7091fa58:4414
[41922099ms] [WARNING] ⚠️ React Router Future Flag Warning: Relative route resolution within Splat routes is changing in v7. You can use the `v7_relativeSplatPath` future flag to opt-in early. For more information, see https://reactrouter.com/v6/upgrading/future#v7_relativesplatpath. @ http://localhost:5173/node_modules/.vite/deps/react-router-dom.js?v=7091fa58:4414
[41922262ms] [ERROR] Failed to load resource: the server responded with a status of 404 () @ https://gadgetaccessoriesapi.bizscal.com//api/wishlist/sync:0
[41922285ms] [LOG] [vite] server connection lost. Polling for restart... @ http://localhost:5173/@vite/client:559
[41922286ms] [ERROR] Failed to load resource: the server responded with a status of 404 () @ https://gadgetaccessoriesapi.bizscal.com//api/wishlist/sync:0
[41922287ms] [ERROR] Failed to load resource: the server responded with a status of 404 () @ https://gadgetaccessoriesapi.bizscal.com//api/products?sort=popularity&page=1&limit=12:0
[41922292ms] [ERROR] Failed to load resource: net::ERR_CONNECTION_REFUSED @ http://localhost:5173/:0
[41922345ms] [ERROR] Failed to load resource: the server responded with a status of 404 () @ https://gadgetaccessoriesapi.bizscal.com//api/products?sort=popularity&page=1&limit=12:0
[41922425ms] [ERROR] Failed to load resource: the server responded with a status of 404 () @ https://gadgetaccessoriesapi.bizscal.com//api/auth/me:0
[41922425ms] [ERROR] Failed to load resource: the server responded with a status of 404 () @ https://gadgetaccessoriesapi.bizscal.com//api/settings:0
[41922514ms] [ERROR] Failed to load resource: the server responded with a status of 404 () @ https://gadgetaccessoriesapi.bizscal.com//api/categories:0
[41922515ms] [ERROR] Failed to load resource: the server responded with a status of 404 () @ https://gadgetaccessoriesapi.bizscal.com//api/auth/me:0
[41922557ms] [ERROR] Failed to load resource: the server responded with a status of 404 () @ https://gadgetaccessoriesapi.bizscal.com//api/settings:0
[41922622ms] [ERROR] Failed to load resource: the server responded with a status of 404 () @ https://gadgetaccessoriesapi.bizscal.com//api/categories:0
[41923837ms] [INFO] %cDownload the React DevTools for a better development experience: https://reactjs.org/link/react-devtools font-weight:bold @ http://localhost:5173/node_modules/.vite/deps/chunk-XPR23Y44.js?v=7091fa58:21548
[41923890ms] [WARNING] ⚠️ React Router Future Flag Warning: React Router will begin wrapping state updates in `React.startTransition` in v7. You can use the `v7_startTransition` future flag to opt-in early. For more information, see https://reactrouter.com/v6/upgrading/future#v7_starttransition. @ http://localhost:5173/node_modules/.vite/deps/react-router-dom.js?v=7091fa58:4414
[41923890ms] [WARNING] ⚠️ React Router Future Flag Warning: Relative route resolution within Splat routes is changing in v7. You can use the `v7_relativeSplatPath` future flag to opt-in early. For more information, see https://reactrouter.com/v6/upgrading/future#v7_relativesplatpath. @ http://localhost:5173/node_modules/.vite/deps/react-router-dom.js?v=7091fa58:4414
