[     107ms] [INFO] %cDownload the React DevTools for a better development experience: https://reactjs.org/link/react-devtools font-weight:bold @ http://localhost:5173/node_modules/.vite/deps/chunk-XPR23Y44.js?v=b7d368d5:21548
[     142ms] [WARNING] ⚠️ React Router Future Flag Warning: React Router will begin wrapping state updates in `React.startTransition` in v7. You can use the `v7_startTransition` future flag to opt-in early. For more information, see https://reactrouter.com/v6/upgrading/future#v7_starttransition. @ http://localhost:5173/node_modules/.vite/deps/react-router-dom.js?v=c76998c8:4414
[     143ms] [WARNING] ⚠️ React Router Future Flag Warning: Relative route resolution within Splat routes is changing in v7. You can use the `v7_relativeSplatPath` future flag to opt-in early. For more information, see https://reactrouter.com/v6/upgrading/future#v7_relativesplatpath. @ http://localhost:5173/node_modules/.vite/deps/react-router-dom.js?v=c76998c8:4414
[   28853ms] [INFO] %cDownload the React DevTools for a better development experience: https://reactjs.org/link/react-devtools font-weight:bold @ http://localhost:5173/node_modules/.vite/deps/chunk-XPR23Y44.js?v=b7d368d5:21548
[   28887ms] [WARNING] ⚠️ React Router Future Flag Warning: React Router will begin wrapping state updates in `React.startTransition` in v7. You can use the `v7_startTransition` future flag to opt-in early. For more information, see https://reactrouter.com/v6/upgrading/future#v7_starttransition. @ http://localhost:5173/node_modules/.vite/deps/react-router-dom.js?v=c76998c8:4414
[   28888ms] [WARNING] ⚠️ React Router Future Flag Warning: Relative route resolution within Splat routes is changing in v7. You can use the `v7_relativeSplatPath` future flag to opt-in early. For more information, see https://reactrouter.com/v6/upgrading/future#v7_relativesplatpath. @ http://localhost:5173/node_modules/.vite/deps/react-router-dom.js?v=c76998c8:4414
[   30448ms] [INFO] %cDownload the React DevTools for a better development experience: https://reactjs.org/link/react-devtools font-weight:bold @ http://localhost:5173/node_modules/.vite/deps/chunk-XPR23Y44.js?v=b7d368d5:21548
[   30473ms] [WARNING] ⚠️ React Router Future Flag Warning: React Router will begin wrapping state updates in `React.startTransition` in v7. You can use the `v7_startTransition` future flag to opt-in early. For more information, see https://reactrouter.com/v6/upgrading/future#v7_starttransition. @ http://localhost:5173/node_modules/.vite/deps/react-router-dom.js?v=c76998c8:4414
[   30474ms] [WARNING] ⚠️ React Router Future Flag Warning: Relative route resolution within Splat routes is changing in v7. You can use the `v7_relativeSplatPath` future flag to opt-in early. For more information, see https://reactrouter.com/v6/upgrading/future#v7_relativesplatpath. @ http://localhost:5173/node_modules/.vite/deps/react-router-dom.js?v=c76998c8:4414
[   32037ms] [INFO] %cDownload the React DevTools for a better development experience: https://reactjs.org/link/react-devtools font-weight:bold @ http://localhost:5173/node_modules/.vite/deps/chunk-XPR23Y44.js?v=b7d368d5:21548
[   32060ms] [WARNING] ⚠️ React Router Future Flag Warning: React Router will begin wrapping state updates in `React.startTransition` in v7. You can use the `v7_startTransition` future flag to opt-in early. For more information, see https://reactrouter.com/v6/upgrading/future#v7_starttransition. @ http://localhost:5173/node_modules/.vite/deps/react-router-dom.js?v=c76998c8:4414
[   32061ms] [WARNING] ⚠️ React Router Future Flag Warning: Relative route resolution within Splat routes is changing in v7. You can use the `v7_relativeSplatPath` future flag to opt-in early. For more information, see https://reactrouter.com/v6/upgrading/future#v7_relativesplatpath. @ http://localhost:5173/node_modules/.vite/deps/react-router-dom.js?v=c76998c8:4414
[   33623ms] [INFO] %cDownload the React DevTools for a better development experience: https://reactjs.org/link/react-devtools font-weight:bold @ http://localhost:5173/node_modules/.vite/deps/chunk-XPR23Y44.js?v=b7d368d5:21548
[   33649ms] [WARNING] ⚠️ React Router Future Flag Warning: React Router will begin wrapping state updates in `React.startTransition` in v7. You can use the `v7_startTransition` future flag to opt-in early. For more information, see https://reactrouter.com/v6/upgrading/future#v7_starttransition. @ http://localhost:5173/node_modules/.vite/deps/react-router-dom.js?v=c76998c8:4414
[   33650ms] [WARNING] ⚠️ React Router Future Flag Warning: Relative route resolution within Splat routes is changing in v7. You can use the `v7_relativeSplatPath` future flag to opt-in early. For more information, see https://reactrouter.com/v6/upgrading/future#v7_relativesplatpath. @ http://localhost:5173/node_modules/.vite/deps/react-router-dom.js?v=c76998c8:4414
[   35215ms] [INFO] %cDownload the React DevTools for a better development experience: https://reactjs.org/link/react-devtools font-weight:bold @ http://localhost:5173/node_modules/.vite/deps/chunk-XPR23Y44.js?v=b7d368d5:21548
[   35245ms] [WARNING] ⚠️ React Router Future Flag Warning: React Router will begin wrapping state updates in `React.startTransition` in v7. You can use the `v7_startTransition` future flag to opt-in early. For more information, see https://reactrouter.com/v6/upgrading/future#v7_starttransition. @ http://localhost:5173/node_modules/.vite/deps/react-router-dom.js?v=c76998c8:4414
[   35245ms] [WARNING] ⚠️ React Router Future Flag Warning: Relative route resolution within Splat routes is changing in v7. You can use the `v7_relativeSplatPath` future flag to opt-in early. For more information, see https://reactrouter.com/v6/upgrading/future#v7_relativesplatpath. @ http://localhost:5173/node_modules/.vite/deps/react-router-dom.js?v=c76998c8:4414
[   36792ms] [INFO] %cDownload the React DevTools for a better development experience: https://reactjs.org/link/react-devtools font-weight:bold @ http://localhost:5173/node_modules/.vite/deps/chunk-XPR23Y44.js?v=b7d368d5:21548
[   36826ms] [WARNING] ⚠️ React Router Future Flag Warning: React Router will begin wrapping state updates in `React.startTransition` in v7. You can use the `v7_startTransition` future flag to opt-in early. For more information, see https://reactrouter.com/v6/upgrading/future#v7_starttransition. @ http://localhost:5173/node_modules/.vite/deps/react-router-dom.js?v=c76998c8:4414
[   36826ms] [WARNING] ⚠️ React Router Future Flag Warning: Relative route resolution within Splat routes is changing in v7. You can use the `v7_relativeSplatPath` future flag to opt-in early. For more information, see https://reactrouter.com/v6/upgrading/future#v7_relativesplatpath. @ http://localhost:5173/node_modules/.vite/deps/react-router-dom.js?v=c76998c8:4414
[   38545ms] [INFO] %cDownload the React DevTools for a better development experience: https://reactjs.org/link/react-devtools font-weight:bold @ http://localhost:5173/node_modules/.vite/deps/chunk-XPR23Y44.js?v=b7d368d5:21548
[   38605ms] [WARNING] ⚠️ React Router Future Flag Warning: React Router will begin wrapping state updates in `React.startTransition` in v7. You can use the `v7_startTransition` future flag to opt-in early. For more information, see https://reactrouter.com/v6/upgrading/future#v7_starttransition. @ http://localhost:5173/node_modules/.vite/deps/react-router-dom.js?v=c76998c8:4414
[   38607ms] [WARNING] ⚠️ React Router Future Flag Warning: Relative route resolution within Splat routes is changing in v7. You can use the `v7_relativeSplatPath` future flag to opt-in early. For more information, see https://reactrouter.com/v6/upgrading/future#v7_relativesplatpath. @ http://localhost:5173/node_modules/.vite/deps/react-router-dom.js?v=c76998c8:4414
[   40144ms] [INFO] %cDownload the React DevTools for a better development experience: https://reactjs.org/link/react-devtools font-weight:bold @ http://localhost:5173/node_modules/.vite/deps/chunk-XPR23Y44.js?v=b7d368d5:21548
[   40173ms] [WARNING] ⚠️ React Router Future Flag Warning: React Router will begin wrapping state updates in `React.startTransition` in v7. You can use the `v7_startTransition` future flag to opt-in early. For more information, see https://reactrouter.com/v6/upgrading/future#v7_starttransition. @ http://localhost:5173/node_modules/.vite/deps/react-router-dom.js?v=c76998c8:4414
[   40173ms] [WARNING] ⚠️ React Router Future Flag Warning: Relative route resolution within Splat routes is changing in v7. You can use the `v7_relativeSplatPath` future flag to opt-in early. For more information, see https://reactrouter.com/v6/upgrading/future#v7_relativesplatpath. @ http://localhost:5173/node_modules/.vite/deps/react-router-dom.js?v=c76998c8:4414
[   41830ms] [INFO] %cDownload the React DevTools for a better development experience: https://reactjs.org/link/react-devtools font-weight:bold @ http://localhost:5173/node_modules/.vite/deps/chunk-XPR23Y44.js?v=b7d368d5:21548
[   41862ms] [WARNING] ⚠️ React Router Future Flag Warning: React Router will begin wrapping state updates in `React.startTransition` in v7. You can use the `v7_startTransition` future flag to opt-in early. For more information, see https://reactrouter.com/v6/upgrading/future#v7_starttransition. @ http://localhost:5173/node_modules/.vite/deps/react-router-dom.js?v=c76998c8:4414
[   41862ms] [WARNING] ⚠️ React Router Future Flag Warning: Relative route resolution within Splat routes is changing in v7. You can use the `v7_relativeSplatPath` future flag to opt-in early. For more information, see https://reactrouter.com/v6/upgrading/future#v7_relativesplatpath. @ http://localhost:5173/node_modules/.vite/deps/react-router-dom.js?v=c76998c8:4414
[   43481ms] [INFO] %cDownload the React DevTools for a better development experience: https://reactjs.org/link/react-devtools font-weight:bold @ http://localhost:5173/node_modules/.vite/deps/chunk-XPR23Y44.js?v=b7d368d5:21548
[   43502ms] [WARNING] ⚠️ React Router Future Flag Warning: React Router will begin wrapping state updates in `React.startTransition` in v7. You can use the `v7_startTransition` future flag to opt-in early. For more information, see https://reactrouter.com/v6/upgrading/future#v7_starttransition. @ http://localhost:5173/node_modules/.vite/deps/react-router-dom.js?v=c76998c8:4414
[   43502ms] [WARNING] ⚠️ React Router Future Flag Warning: Relative route resolution within Splat routes is changing in v7. You can use the `v7_relativeSplatPath` future flag to opt-in early. For more information, see https://reactrouter.com/v6/upgrading/future#v7_relativesplatpath. @ http://localhost:5173/node_modules/.vite/deps/react-router-dom.js?v=c76998c8:4414
[   45156ms] [INFO] %cDownload the React DevTools for a better development experience: https://reactjs.org/link/react-devtools font-weight:bold @ http://localhost:5173/node_modules/.vite/deps/chunk-XPR23Y44.js?v=b7d368d5:21548
[   45182ms] [WARNING] ⚠️ React Router Future Flag Warning: React Router will begin wrapping state updates in `React.startTransition` in v7. You can use the `v7_startTransition` future flag to opt-in early. For more information, see https://reactrouter.com/v6/upgrading/future#v7_starttransition. @ http://localhost:5173/node_modules/.vite/deps/react-router-dom.js?v=c76998c8:4414
[   45182ms] [WARNING] ⚠️ React Router Future Flag Warning: Relative route resolution within Splat routes is changing in v7. You can use the `v7_relativeSplatPath` future flag to opt-in early. For more information, see https://reactrouter.com/v6/upgrading/future#v7_relativesplatpath. @ http://localhost:5173/node_modules/.vite/deps/react-router-dom.js?v=c76998c8:4414
[   46761ms] [INFO] %cDownload the React DevTools for a better development experience: https://reactjs.org/link/react-devtools font-weight:bold @ http://localhost:5173/node_modules/.vite/deps/chunk-XPR23Y44.js?v=b7d368d5:21548
[   46788ms] [WARNING] ⚠️ React Router Future Flag Warning: React Router will begin wrapping state updates in `React.startTransition` in v7. You can use the `v7_startTransition` future flag to opt-in early. For more information, see https://reactrouter.com/v6/upgrading/future#v7_starttransition. @ http://localhost:5173/node_modules/.vite/deps/react-router-dom.js?v=c76998c8:4414
[   46788ms] [WARNING] ⚠️ React Router Future Flag Warning: Relative route resolution within Splat routes is changing in v7. You can use the `v7_relativeSplatPath` future flag to opt-in early. For more information, see https://reactrouter.com/v6/upgrading/future#v7_relativesplatpath. @ http://localhost:5173/node_modules/.vite/deps/react-router-dom.js?v=c76998c8:4414
[   48358ms] [INFO] %cDownload the React DevTools for a better development experience: https://reactjs.org/link/react-devtools font-weight:bold @ http://localhost:5173/node_modules/.vite/deps/chunk-XPR23Y44.js?v=b7d368d5:21548
[   48387ms] [WARNING] ⚠️ React Router Future Flag Warning: React Router will begin wrapping state updates in `React.startTransition` in v7. You can use the `v7_startTransition` future flag to opt-in early. For more information, see https://reactrouter.com/v6/upgrading/future#v7_starttransition. @ http://localhost:5173/node_modules/.vite/deps/react-router-dom.js?v=c76998c8:4414
[   48388ms] [WARNING] ⚠️ React Router Future Flag Warning: Relative route resolution within Splat routes is changing in v7. You can use the `v7_relativeSplatPath` future flag to opt-in early. For more information, see https://reactrouter.com/v6/upgrading/future#v7_relativesplatpath. @ http://localhost:5173/node_modules/.vite/deps/react-router-dom.js?v=c76998c8:4414
[   50033ms] [INFO] %cDownload the React DevTools for a better development experience: https://reactjs.org/link/react-devtools font-weight:bold @ http://localhost:5173/node_modules/.vite/deps/chunk-XPR23Y44.js?v=b7d368d5:21548
[   50063ms] [WARNING] ⚠️ React Router Future Flag Warning: React Router will begin wrapping state updates in `React.startTransition` in v7. You can use the `v7_startTransition` future flag to opt-in early. For more information, see https://reactrouter.com/v6/upgrading/future#v7_starttransition. @ http://localhost:5173/node_modules/.vite/deps/react-router-dom.js?v=c76998c8:4414
[   50064ms] [WARNING] ⚠️ React Router Future Flag Warning: Relative route resolution within Splat routes is changing in v7. You can use the `v7_relativeSplatPath` future flag to opt-in early. For more information, see https://reactrouter.com/v6/upgrading/future#v7_relativesplatpath. @ http://localhost:5173/node_modules/.vite/deps/react-router-dom.js?v=c76998c8:4414
[   51720ms] [INFO] %cDownload the React DevTools for a better development experience: https://reactjs.org/link/react-devtools font-weight:bold @ http://localhost:5173/node_modules/.vite/deps/chunk-XPR23Y44.js?v=b7d368d5:21548
[   51741ms] [WARNING] ⚠️ React Router Future Flag Warning: React Router will begin wrapping state updates in `React.startTransition` in v7. You can use the `v7_startTransition` future flag to opt-in early. For more information, see https://reactrouter.com/v6/upgrading/future#v7_starttransition. @ http://localhost:5173/node_modules/.vite/deps/react-router-dom.js?v=c76998c8:4414
[   51741ms] [WARNING] ⚠️ React Router Future Flag Warning: Relative route resolution within Splat routes is changing in v7. You can use the `v7_relativeSplatPath` future flag to opt-in early. For more information, see https://reactrouter.com/v6/upgrading/future#v7_relativesplatpath. @ http://localhost:5173/node_modules/.vite/deps/react-router-dom.js?v=c76998c8:4414
[   53403ms] [INFO] %cDownload the React DevTools for a better development experience: https://reactjs.org/link/react-devtools font-weight:bold @ http://localhost:5173/node_modules/.vite/deps/chunk-XPR23Y44.js?v=b7d368d5:21548
[   53428ms] [WARNING] ⚠️ React Router Future Flag Warning: React Router will begin wrapping state updates in `React.startTransition` in v7. You can use the `v7_startTransition` future flag to opt-in early. For more information, see https://reactrouter.com/v6/upgrading/future#v7_starttransition. @ http://localhost:5173/node_modules/.vite/deps/react-router-dom.js?v=c76998c8:4414
[   53428ms] [WARNING] ⚠️ React Router Future Flag Warning: Relative route resolution within Splat routes is changing in v7. You can use the `v7_relativeSplatPath` future flag to opt-in early. For more information, see https://reactrouter.com/v6/upgrading/future#v7_relativesplatpath. @ http://localhost:5173/node_modules/.vite/deps/react-router-dom.js?v=c76998c8:4414
[   54991ms] [INFO] %cDownload the React DevTools for a better development experience: https://reactjs.org/link/react-devtools font-weight:bold @ http://localhost:5173/node_modules/.vite/deps/chunk-XPR23Y44.js?v=b7d368d5:21548
[   55017ms] [WARNING] ⚠️ React Router Future Flag Warning: React Router will begin wrapping state updates in `React.startTransition` in v7. You can use the `v7_startTransition` future flag to opt-in early. For more information, see https://reactrouter.com/v6/upgrading/future#v7_starttransition. @ http://localhost:5173/node_modules/.vite/deps/react-router-dom.js?v=c76998c8:4414
[   55017ms] [WARNING] ⚠️ React Router Future Flag Warning: Relative route resolution within Splat routes is changing in v7. You can use the `v7_relativeSplatPath` future flag to opt-in early. For more information, see https://reactrouter.com/v6/upgrading/future#v7_relativesplatpath. @ http://localhost:5173/node_modules/.vite/deps/react-router-dom.js?v=c76998c8:4414
[   56619ms] [INFO] %cDownload the React DevTools for a better development experience: https://reactjs.org/link/react-devtools font-weight:bold @ http://localhost:5173/node_modules/.vite/deps/chunk-XPR23Y44.js?v=b7d368d5:21548
[   56648ms] [WARNING] ⚠️ React Router Future Flag Warning: React Router will begin wrapping state updates in `React.startTransition` in v7. You can use the `v7_startTransition` future flag to opt-in early. For more information, see https://reactrouter.com/v6/upgrading/future#v7_starttransition. @ http://localhost:5173/node_modules/.vite/deps/react-router-dom.js?v=c76998c8:4414
[   56648ms] [WARNING] ⚠️ React Router Future Flag Warning: Relative route resolution within Splat routes is changing in v7. You can use the `v7_relativeSplatPath` future flag to opt-in early. For more information, see https://reactrouter.com/v6/upgrading/future#v7_relativesplatpath. @ http://localhost:5173/node_modules/.vite/deps/react-router-dom.js?v=c76998c8:4414
[   58253ms] [INFO] %cDownload the React DevTools for a better development experience: https://reactjs.org/link/react-devtools font-weight:bold @ http://localhost:5173/node_modules/.vite/deps/chunk-XPR23Y44.js?v=b7d368d5:21548
[   58277ms] [WARNING] ⚠️ React Router Future Flag Warning: React Router will begin wrapping state updates in `React.startTransition` in v7. You can use the `v7_startTransition` future flag to opt-in early. For more information, see https://reactrouter.com/v6/upgrading/future#v7_starttransition. @ http://localhost:5173/node_modules/.vite/deps/react-router-dom.js?v=c76998c8:4414
[   58277ms] [WARNING] ⚠️ React Router Future Flag Warning: Relative route resolution within Splat routes is changing in v7. You can use the `v7_relativeSplatPath` future flag to opt-in early. For more information, see https://reactrouter.com/v6/upgrading/future#v7_relativesplatpath. @ http://localhost:5173/node_modules/.vite/deps/react-router-dom.js?v=c76998c8:4414
[   60138ms] [INFO] %cDownload the React DevTools for a better development experience: https://reactjs.org/link/react-devtools font-weight:bold @ http://localhost:5173/node_modules/.vite/deps/chunk-XPR23Y44.js?v=b7d368d5:21548
[   60184ms] [WARNING] ⚠️ React Router Future Flag Warning: React Router will begin wrapping state updates in `React.startTransition` in v7. You can use the `v7_startTransition` future flag to opt-in early. For more information, see https://reactrouter.com/v6/upgrading/future#v7_starttransition. @ http://localhost:5173/node_modules/.vite/deps/react-router-dom.js?v=c76998c8:4414
[   60184ms] [WARNING] ⚠️ React Router Future Flag Warning: Relative route resolution within Splat routes is changing in v7. You can use the `v7_relativeSplatPath` future flag to opt-in early. For more information, see https://reactrouter.com/v6/upgrading/future#v7_relativesplatpath. @ http://localhost:5173/node_modules/.vite/deps/react-router-dom.js?v=c76998c8:4414
[   61801ms] [INFO] %cDownload the React DevTools for a better development experience: https://reactjs.org/link/react-devtools font-weight:bold @ http://localhost:5173/node_modules/.vite/deps/chunk-XPR23Y44.js?v=b7d368d5:21548
[   61819ms] [WARNING] ⚠️ React Router Future Flag Warning: React Router will begin wrapping state updates in `React.startTransition` in v7. You can use the `v7_startTransition` future flag to opt-in early. For more information, see https://reactrouter.com/v6/upgrading/future#v7_starttransition. @ http://localhost:5173/node_modules/.vite/deps/react-router-dom.js?v=c76998c8:4414
[   61820ms] [WARNING] ⚠️ React Router Future Flag Warning: Relative route resolution within Splat routes is changing in v7. You can use the `v7_relativeSplatPath` future flag to opt-in early. For more information, see https://reactrouter.com/v6/upgrading/future#v7_relativesplatpath. @ http://localhost:5173/node_modules/.vite/deps/react-router-dom.js?v=c76998c8:4414
[   61968ms] [ERROR] Warning: Encountered two children with the same key, `%s`. Keys should be unique so that components maintain their identity across updates. Non-unique keys may cause children to be duplicated and/or omitted — the behavior is unsupported and could change in a future version.%s Smart Watch 
    at div
    at Breadcrumb (http://localhost:5173/src/components/Shared.jsx:649:30)
    at div
    at ProductDetail (http://localhost:5173/src/pages/ProductDetail.jsx:29:20)
    at RenderedRoute (http://localhost:5173/node_modules/.vite/deps/react-router-dom.js?v=c76998c8:4110:5)
    at Outlet (http://localhost:5173/node_modules/.vite/deps/react-router-dom.js?v=c76998c8:4516:26)
    at main
    at div
    at Layout (http://localhost:5173/src/components/Layout.jsx:626:27)
    at RenderedRoute (http://localhost:5173/node_modules/.vite/deps/react-router-dom.js?v=c76998c8:4110:5)
    at Routes (http://localhost:5173/node_modules/.vite/deps/react-router-dom.js?v=c76998c8:4580:5)
    at App
    at StoreProvider (http://localhost:5173/src/context/StoreContext.jsx:29:33)
    at Router (http://localhost:5173/node_modules/.vite/deps/react-router-dom.js?v=c76998c8:4523:15)
    at BrowserRouter (http://localhost:5173/node_modules/.vite/deps/react-router-dom.js?v=c76998c8:5261:5) @ http://localhost:5173/node_modules/.vite/deps/chunk-XPR23Y44.js?v=b7d368d5:518
[   62080ms] [ERROR] Warning: Encountered two children with the same key, `%s`. Keys should be unique so that components maintain their identity across updates. Non-unique keys may cause children to be duplicated and/or omitted — the behavior is unsupported and could change in a future version.%s Smart Watch 
    at div
    at Breadcrumb (http://localhost:5173/src/components/Shared.jsx:649:30)
    at div
    at ProductDetail (http://localhost:5173/src/pages/ProductDetail.jsx:29:20)
    at RenderedRoute (http://localhost:5173/node_modules/.vite/deps/react-router-dom.js?v=c76998c8:4110:5)
    at Outlet (http://localhost:5173/node_modules/.vite/deps/react-router-dom.js?v=c76998c8:4516:26)
    at main
    at div
    at Layout (http://localhost:5173/src/components/Layout.jsx:626:27)
    at RenderedRoute (http://localhost:5173/node_modules/.vite/deps/react-router-dom.js?v=c76998c8:4110:5)
    at Routes (http://localhost:5173/node_modules/.vite/deps/react-router-dom.js?v=c76998c8:4580:5)
    at App
    at StoreProvider (http://localhost:5173/src/context/StoreContext.jsx:29:33)
    at Router (http://localhost:5173/node_modules/.vite/deps/react-router-dom.js?v=c76998c8:4523:15)
    at BrowserRouter (http://localhost:5173/node_modules/.vite/deps/react-router-dom.js?v=c76998c8:5261:5) @ http://localhost:5173/node_modules/.vite/deps/chunk-XPR23Y44.js?v=b7d368d5:518
[   63386ms] [INFO] %cDownload the React DevTools for a better development experience: https://reactjs.org/link/react-devtools font-weight:bold @ http://localhost:5173/node_modules/.vite/deps/chunk-XPR23Y44.js?v=b7d368d5:21548
[   63413ms] [WARNING] ⚠️ React Router Future Flag Warning: React Router will begin wrapping state updates in `React.startTransition` in v7. You can use the `v7_startTransition` future flag to opt-in early. For more information, see https://reactrouter.com/v6/upgrading/future#v7_starttransition. @ http://localhost:5173/node_modules/.vite/deps/react-router-dom.js?v=c76998c8:4414
[   63414ms] [WARNING] ⚠️ React Router Future Flag Warning: Relative route resolution within Splat routes is changing in v7. You can use the `v7_relativeSplatPath` future flag to opt-in early. For more information, see https://reactrouter.com/v6/upgrading/future#v7_relativesplatpath. @ http://localhost:5173/node_modules/.vite/deps/react-router-dom.js?v=c76998c8:4414
[   63803ms] [ERROR] Warning: Encountered two children with the same key, `%s`. Keys should be unique so that components maintain their identity across updates. Non-unique keys may cause children to be duplicated and/or omitted — the behavior is unsupported and could change in a future version.%s Smart Watch 
    at div
    at Breadcrumb (http://localhost:5173/src/components/Shared.jsx:649:30)
    at div
    at ProductDetail (http://localhost:5173/src/pages/ProductDetail.jsx:29:20)
    at RenderedRoute (http://localhost:5173/node_modules/.vite/deps/react-router-dom.js?v=c76998c8:4110:5)
    at Outlet (http://localhost:5173/node_modules/.vite/deps/react-router-dom.js?v=c76998c8:4516:26)
    at main
    at div
    at Layout (http://localhost:5173/src/components/Layout.jsx:626:27)
    at RenderedRoute (http://localhost:5173/node_modules/.vite/deps/react-router-dom.js?v=c76998c8:4110:5)
    at Routes (http://localhost:5173/node_modules/.vite/deps/react-router-dom.js?v=c76998c8:4580:5)
    at App
    at StoreProvider (http://localhost:5173/src/context/StoreContext.jsx:29:33)
    at Router (http://localhost:5173/node_modules/.vite/deps/react-router-dom.js?v=c76998c8:4523:15)
    at BrowserRouter (http://localhost:5173/node_modules/.vite/deps/react-router-dom.js?v=c76998c8:5261:5) @ http://localhost:5173/node_modules/.vite/deps/chunk-XPR23Y44.js?v=b7d368d5:518
[   63918ms] [ERROR] Warning: Encountered two children with the same key, `%s`. Keys should be unique so that components maintain their identity across updates. Non-unique keys may cause children to be duplicated and/or omitted — the behavior is unsupported and could change in a future version.%s Smart Watch 
    at div
    at Breadcrumb (http://localhost:5173/src/components/Shared.jsx:649:30)
    at div
    at ProductDetail (http://localhost:5173/src/pages/ProductDetail.jsx:29:20)
    at RenderedRoute (http://localhost:5173/node_modules/.vite/deps/react-router-dom.js?v=c76998c8:4110:5)
    at Outlet (http://localhost:5173/node_modules/.vite/deps/react-router-dom.js?v=c76998c8:4516:26)
    at main
    at div
    at Layout (http://localhost:5173/src/components/Layout.jsx:626:27)
    at RenderedRoute (http://localhost:5173/node_modules/.vite/deps/react-router-dom.js?v=c76998c8:4110:5)
    at Routes (http://localhost:5173/node_modules/.vite/deps/react-router-dom.js?v=c76998c8:4580:5)
    at App
    at StoreProvider (http://localhost:5173/src/context/StoreContext.jsx:29:33)
    at Router (http://localhost:5173/node_modules/.vite/deps/react-router-dom.js?v=c76998c8:4523:15)
    at BrowserRouter (http://localhost:5173/node_modules/.vite/deps/react-router-dom.js?v=c76998c8:5261:5) @ http://localhost:5173/node_modules/.vite/deps/chunk-XPR23Y44.js?v=b7d368d5:518
[   64979ms] [INFO] %cDownload the React DevTools for a better development experience: https://reactjs.org/link/react-devtools font-weight:bold @ http://localhost:5173/node_modules/.vite/deps/chunk-XPR23Y44.js?v=b7d368d5:21548
[   65007ms] [WARNING] ⚠️ React Router Future Flag Warning: React Router will begin wrapping state updates in `React.startTransition` in v7. You can use the `v7_startTransition` future flag to opt-in early. For more information, see https://reactrouter.com/v6/upgrading/future#v7_starttransition. @ http://localhost:5173/node_modules/.vite/deps/react-router-dom.js?v=c76998c8:4414
[   65007ms] [WARNING] ⚠️ React Router Future Flag Warning: Relative route resolution within Splat routes is changing in v7. You can use the `v7_relativeSplatPath` future flag to opt-in early. For more information, see https://reactrouter.com/v6/upgrading/future#v7_relativesplatpath. @ http://localhost:5173/node_modules/.vite/deps/react-router-dom.js?v=c76998c8:4414
[   65130ms] [ERROR] Warning: Encountered two children with the same key, `%s`. Keys should be unique so that components maintain their identity across updates. Non-unique keys may cause children to be duplicated and/or omitted — the behavior is unsupported and could change in a future version.%s Smart Watch 
    at div
    at Breadcrumb (http://localhost:5173/src/components/Shared.jsx:649:30)
    at div
    at ProductDetail (http://localhost:5173/src/pages/ProductDetail.jsx:29:20)
    at RenderedRoute (http://localhost:5173/node_modules/.vite/deps/react-router-dom.js?v=c76998c8:4110:5)
    at Outlet (http://localhost:5173/node_modules/.vite/deps/react-router-dom.js?v=c76998c8:4516:26)
    at main
    at div
    at Layout (http://localhost:5173/src/components/Layout.jsx:626:27)
    at RenderedRoute (http://localhost:5173/node_modules/.vite/deps/react-router-dom.js?v=c76998c8:4110:5)
    at Routes (http://localhost:5173/node_modules/.vite/deps/react-router-dom.js?v=c76998c8:4580:5)
    at App
    at StoreProvider (http://localhost:5173/src/context/StoreContext.jsx:29:33)
    at Router (http://localhost:5173/node_modules/.vite/deps/react-router-dom.js?v=c76998c8:4523:15)
    at BrowserRouter (http://localhost:5173/node_modules/.vite/deps/react-router-dom.js?v=c76998c8:5261:5) @ http://localhost:5173/node_modules/.vite/deps/chunk-XPR23Y44.js?v=b7d368d5:518
[   65250ms] [ERROR] Warning: Encountered two children with the same key, `%s`. Keys should be unique so that components maintain their identity across updates. Non-unique keys may cause children to be duplicated and/or omitted — the behavior is unsupported and could change in a future version.%s Smart Watch 
    at div
    at Breadcrumb (http://localhost:5173/src/components/Shared.jsx:649:30)
    at div
    at ProductDetail (http://localhost:5173/src/pages/ProductDetail.jsx:29:20)
    at RenderedRoute (http://localhost:5173/node_modules/.vite/deps/react-router-dom.js?v=c76998c8:4110:5)
    at Outlet (http://localhost:5173/node_modules/.vite/deps/react-router-dom.js?v=c76998c8:4516:26)
    at main
    at div
    at Layout (http://localhost:5173/src/components/Layout.jsx:626:27)
    at RenderedRoute (http://localhost:5173/node_modules/.vite/deps/react-router-dom.js?v=c76998c8:4110:5)
    at Routes (http://localhost:5173/node_modules/.vite/deps/react-router-dom.js?v=c76998c8:4580:5)
    at App
    at StoreProvider (http://localhost:5173/src/context/StoreContext.jsx:29:33)
    at Router (http://localhost:5173/node_modules/.vite/deps/react-router-dom.js?v=c76998c8:4523:15)
    at BrowserRouter (http://localhost:5173/node_modules/.vite/deps/react-router-dom.js?v=c76998c8:5261:5) @ http://localhost:5173/node_modules/.vite/deps/chunk-XPR23Y44.js?v=b7d368d5:518
[   65315ms] [ERROR] Warning: Encountered two children with the same key, `%s`. Keys should be unique so that components maintain their identity across updates. Non-unique keys may cause children to be duplicated and/or omitted — the behavior is unsupported and could change in a future version.%s Smart Watch 
    at div
    at Breadcrumb (http://localhost:5173/src/components/Shared.jsx:649:30)
    at div
    at ProductDetail (http://localhost:5173/src/pages/ProductDetail.jsx:29:20)
    at RenderedRoute (http://localhost:5173/node_modules/.vite/deps/react-router-dom.js?v=c76998c8:4110:5)
    at Outlet (http://localhost:5173/node_modules/.vite/deps/react-router-dom.js?v=c76998c8:4516:26)
    at main
    at div
    at Layout (http://localhost:5173/src/components/Layout.jsx:626:27)
    at RenderedRoute (http://localhost:5173/node_modules/.vite/deps/react-router-dom.js?v=c76998c8:4110:5)
    at Routes (http://localhost:5173/node_modules/.vite/deps/react-router-dom.js?v=c76998c8:4580:5)
    at App
    at StoreProvider (http://localhost:5173/src/context/StoreContext.jsx:29:33)
    at Router (http://localhost:5173/node_modules/.vite/deps/react-router-dom.js?v=c76998c8:4523:15)
    at BrowserRouter (http://localhost:5173/node_modules/.vite/deps/react-router-dom.js?v=c76998c8:5261:5) @ http://localhost:5173/node_modules/.vite/deps/chunk-XPR23Y44.js?v=b7d368d5:518
[   65358ms] [ERROR] Warning: Encountered two children with the same key, `%s`. Keys should be unique so that components maintain their identity across updates. Non-unique keys may cause children to be duplicated and/or omitted — the behavior is unsupported and could change in a future version.%s Smart Watch 
    at div
    at Breadcrumb (http://localhost:5173/src/components/Shared.jsx:649:30)
    at div
    at ProductDetail (http://localhost:5173/src/pages/ProductDetail.jsx:29:20)
    at RenderedRoute (http://localhost:5173/node_modules/.vite/deps/react-router-dom.js?v=c76998c8:4110:5)
    at Outlet (http://localhost:5173/node_modules/.vite/deps/react-router-dom.js?v=c76998c8:4516:26)
    at main
    at div
    at Layout (http://localhost:5173/src/components/Layout.jsx:626:27)
    at RenderedRoute (http://localhost:5173/node_modules/.vite/deps/react-router-dom.js?v=c76998c8:4110:5)
    at Routes (http://localhost:5173/node_modules/.vite/deps/react-router-dom.js?v=c76998c8:4580:5)
    at App
    at StoreProvider (http://localhost:5173/src/context/StoreContext.jsx:29:33)
    at Router (http://localhost:5173/node_modules/.vite/deps/react-router-dom.js?v=c76998c8:4523:15)
    at BrowserRouter (http://localhost:5173/node_modules/.vite/deps/react-router-dom.js?v=c76998c8:5261:5) @ http://localhost:5173/node_modules/.vite/deps/chunk-XPR23Y44.js?v=b7d368d5:518
[   66578ms] [INFO] %cDownload the React DevTools for a better development experience: https://reactjs.org/link/react-devtools font-weight:bold @ http://localhost:5173/node_modules/.vite/deps/chunk-XPR23Y44.js?v=b7d368d5:21548
[   66600ms] [WARNING] ⚠️ React Router Future Flag Warning: React Router will begin wrapping state updates in `React.startTransition` in v7. You can use the `v7_startTransition` future flag to opt-in early. For more information, see https://reactrouter.com/v6/upgrading/future#v7_starttransition. @ http://localhost:5173/node_modules/.vite/deps/react-router-dom.js?v=c76998c8:4414
[   66600ms] [WARNING] ⚠️ React Router Future Flag Warning: Relative route resolution within Splat routes is changing in v7. You can use the `v7_relativeSplatPath` future flag to opt-in early. For more information, see https://reactrouter.com/v6/upgrading/future#v7_relativesplatpath. @ http://localhost:5173/node_modules/.vite/deps/react-router-dom.js?v=c76998c8:4414
[   66724ms] [ERROR] Warning: Encountered two children with the same key, `%s`. Keys should be unique so that components maintain their identity across updates. Non-unique keys may cause children to be duplicated and/or omitted — the behavior is unsupported and could change in a future version.%s Smart Watch 
    at div
    at Breadcrumb (http://localhost:5173/src/components/Shared.jsx:649:30)
    at div
    at ProductDetail (http://localhost:5173/src/pages/ProductDetail.jsx:29:20)
    at RenderedRoute (http://localhost:5173/node_modules/.vite/deps/react-router-dom.js?v=c76998c8:4110:5)
    at Outlet (http://localhost:5173/node_modules/.vite/deps/react-router-dom.js?v=c76998c8:4516:26)
    at main
    at div
    at Layout (http://localhost:5173/src/components/Layout.jsx:626:27)
    at RenderedRoute (http://localhost:5173/node_modules/.vite/deps/react-router-dom.js?v=c76998c8:4110:5)
    at Routes (http://localhost:5173/node_modules/.vite/deps/react-router-dom.js?v=c76998c8:4580:5)
    at App
    at StoreProvider (http://localhost:5173/src/context/StoreContext.jsx:29:33)
    at Router (http://localhost:5173/node_modules/.vite/deps/react-router-dom.js?v=c76998c8:4523:15)
    at BrowserRouter (http://localhost:5173/node_modules/.vite/deps/react-router-dom.js?v=c76998c8:5261:5) @ http://localhost:5173/node_modules/.vite/deps/chunk-XPR23Y44.js?v=b7d368d5:518
[   66837ms] [ERROR] Warning: Encountered two children with the same key, `%s`. Keys should be unique so that components maintain their identity across updates. Non-unique keys may cause children to be duplicated and/or omitted — the behavior is unsupported and could change in a future version.%s Smart Watch 
    at div
    at Breadcrumb (http://localhost:5173/src/components/Shared.jsx:649:30)
    at div
    at ProductDetail (http://localhost:5173/src/pages/ProductDetail.jsx:29:20)
    at RenderedRoute (http://localhost:5173/node_modules/.vite/deps/react-router-dom.js?v=c76998c8:4110:5)
    at Outlet (http://localhost:5173/node_modules/.vite/deps/react-router-dom.js?v=c76998c8:4516:26)
    at main
    at div
    at Layout (http://localhost:5173/src/components/Layout.jsx:626:27)
    at RenderedRoute (http://localhost:5173/node_modules/.vite/deps/react-router-dom.js?v=c76998c8:4110:5)
    at Routes (http://localhost:5173/node_modules/.vite/deps/react-router-dom.js?v=c76998c8:4580:5)
    at App
    at StoreProvider (http://localhost:5173/src/context/StoreContext.jsx:29:33)
    at Router (http://localhost:5173/node_modules/.vite/deps/react-router-dom.js?v=c76998c8:4523:15)
    at BrowserRouter (http://localhost:5173/node_modules/.vite/deps/react-router-dom.js?v=c76998c8:5261:5) @ http://localhost:5173/node_modules/.vite/deps/chunk-XPR23Y44.js?v=b7d368d5:518
[   68174ms] [INFO] %cDownload the React DevTools for a better development experience: https://reactjs.org/link/react-devtools font-weight:bold @ http://localhost:5173/node_modules/.vite/deps/chunk-XPR23Y44.js?v=b7d368d5:21548
[   68200ms] [WARNING] ⚠️ React Router Future Flag Warning: React Router will begin wrapping state updates in `React.startTransition` in v7. You can use the `v7_startTransition` future flag to opt-in early. For more information, see https://reactrouter.com/v6/upgrading/future#v7_starttransition. @ http://localhost:5173/node_modules/.vite/deps/react-router-dom.js?v=c76998c8:4414
[   68200ms] [WARNING] ⚠️ React Router Future Flag Warning: Relative route resolution within Splat routes is changing in v7. You can use the `v7_relativeSplatPath` future flag to opt-in early. For more information, see https://reactrouter.com/v6/upgrading/future#v7_relativesplatpath. @ http://localhost:5173/node_modules/.vite/deps/react-router-dom.js?v=c76998c8:4414
[   68577ms] [ERROR] Warning: Encountered two children with the same key, `%s`. Keys should be unique so that components maintain their identity across updates. Non-unique keys may cause children to be duplicated and/or omitted — the behavior is unsupported and could change in a future version.%s Smart Watch 
    at div
    at Breadcrumb (http://localhost:5173/src/components/Shared.jsx:649:30)
    at div
    at ProductDetail (http://localhost:5173/src/pages/ProductDetail.jsx:29:20)
    at RenderedRoute (http://localhost:5173/node_modules/.vite/deps/react-router-dom.js?v=c76998c8:4110:5)
    at Outlet (http://localhost:5173/node_modules/.vite/deps/react-router-dom.js?v=c76998c8:4516:26)
    at main
    at div
    at Layout (http://localhost:5173/src/components/Layout.jsx:626:27)
    at RenderedRoute (http://localhost:5173/node_modules/.vite/deps/react-router-dom.js?v=c76998c8:4110:5)
    at Routes (http://localhost:5173/node_modules/.vite/deps/react-router-dom.js?v=c76998c8:4580:5)
    at App
    at StoreProvider (http://localhost:5173/src/context/StoreContext.jsx:29:33)
    at Router (http://localhost:5173/node_modules/.vite/deps/react-router-dom.js?v=c76998c8:4523:15)
    at BrowserRouter (http://localhost:5173/node_modules/.vite/deps/react-router-dom.js?v=c76998c8:5261:5) @ http://localhost:5173/node_modules/.vite/deps/chunk-XPR23Y44.js?v=b7d368d5:518
[   68689ms] [ERROR] Warning: Encountered two children with the same key, `%s`. Keys should be unique so that components maintain their identity across updates. Non-unique keys may cause children to be duplicated and/or omitted — the behavior is unsupported and could change in a future version.%s Smart Watch 
    at div
    at Breadcrumb (http://localhost:5173/src/components/Shared.jsx:649:30)
    at div
    at ProductDetail (http://localhost:5173/src/pages/ProductDetail.jsx:29:20)
    at RenderedRoute (http://localhost:5173/node_modules/.vite/deps/react-router-dom.js?v=c76998c8:4110:5)
    at Outlet (http://localhost:5173/node_modules/.vite/deps/react-router-dom.js?v=c76998c8:4516:26)
    at main
    at div
    at Layout (http://localhost:5173/src/components/Layout.jsx:626:27)
    at RenderedRoute (http://localhost:5173/node_modules/.vite/deps/react-router-dom.js?v=c76998c8:4110:5)
    at Routes (http://localhost:5173/node_modules/.vite/deps/react-router-dom.js?v=c76998c8:4580:5)
    at App
    at StoreProvider (http://localhost:5173/src/context/StoreContext.jsx:29:33)
    at Router (http://localhost:5173/node_modules/.vite/deps/react-router-dom.js?v=c76998c8:4523:15)
    at BrowserRouter (http://localhost:5173/node_modules/.vite/deps/react-router-dom.js?v=c76998c8:5261:5) @ http://localhost:5173/node_modules/.vite/deps/chunk-XPR23Y44.js?v=b7d368d5:518
[   69769ms] [INFO] %cDownload the React DevTools for a better development experience: https://reactjs.org/link/react-devtools font-weight:bold @ http://localhost:5173/node_modules/.vite/deps/chunk-XPR23Y44.js?v=b7d368d5:21548
[   69793ms] [WARNING] ⚠️ React Router Future Flag Warning: React Router will begin wrapping state updates in `React.startTransition` in v7. You can use the `v7_startTransition` future flag to opt-in early. For more information, see https://reactrouter.com/v6/upgrading/future#v7_starttransition. @ http://localhost:5173/node_modules/.vite/deps/react-router-dom.js?v=c76998c8:4414
[   69793ms] [WARNING] ⚠️ React Router Future Flag Warning: Relative route resolution within Splat routes is changing in v7. You can use the `v7_relativeSplatPath` future flag to opt-in early. For more information, see https://reactrouter.com/v6/upgrading/future#v7_relativesplatpath. @ http://localhost:5173/node_modules/.vite/deps/react-router-dom.js?v=c76998c8:4414
[   69916ms] [ERROR] Warning: Encountered two children with the same key, `%s`. Keys should be unique so that components maintain their identity across updates. Non-unique keys may cause children to be duplicated and/or omitted — the behavior is unsupported and could change in a future version.%s Smart Watch 
    at div
    at Breadcrumb (http://localhost:5173/src/components/Shared.jsx:649:30)
    at div
    at ProductDetail (http://localhost:5173/src/pages/ProductDetail.jsx:29:20)
    at RenderedRoute (http://localhost:5173/node_modules/.vite/deps/react-router-dom.js?v=c76998c8:4110:5)
    at Outlet (http://localhost:5173/node_modules/.vite/deps/react-router-dom.js?v=c76998c8:4516:26)
    at main
    at div
    at Layout (http://localhost:5173/src/components/Layout.jsx:626:27)
    at RenderedRoute (http://localhost:5173/node_modules/.vite/deps/react-router-dom.js?v=c76998c8:4110:5)
    at Routes (http://localhost:5173/node_modules/.vite/deps/react-router-dom.js?v=c76998c8:4580:5)
    at App
    at StoreProvider (http://localhost:5173/src/context/StoreContext.jsx:29:33)
    at Router (http://localhost:5173/node_modules/.vite/deps/react-router-dom.js?v=c76998c8:4523:15)
    at BrowserRouter (http://localhost:5173/node_modules/.vite/deps/react-router-dom.js?v=c76998c8:5261:5) @ http://localhost:5173/node_modules/.vite/deps/chunk-XPR23Y44.js?v=b7d368d5:518
[   70028ms] [ERROR] Warning: Encountered two children with the same key, `%s`. Keys should be unique so that components maintain their identity across updates. Non-unique keys may cause children to be duplicated and/or omitted — the behavior is unsupported and could change in a future version.%s Smart Watch 
    at div
    at Breadcrumb (http://localhost:5173/src/components/Shared.jsx:649:30)
    at div
    at ProductDetail (http://localhost:5173/src/pages/ProductDetail.jsx:29:20)
    at RenderedRoute (http://localhost:5173/node_modules/.vite/deps/react-router-dom.js?v=c76998c8:4110:5)
    at Outlet (http://localhost:5173/node_modules/.vite/deps/react-router-dom.js?v=c76998c8:4516:26)
    at main
    at div
    at Layout (http://localhost:5173/src/components/Layout.jsx:626:27)
    at RenderedRoute (http://localhost:5173/node_modules/.vite/deps/react-router-dom.js?v=c76998c8:4110:5)
    at Routes (http://localhost:5173/node_modules/.vite/deps/react-router-dom.js?v=c76998c8:4580:5)
    at App
    at StoreProvider (http://localhost:5173/src/context/StoreContext.jsx:29:33)
    at Router (http://localhost:5173/node_modules/.vite/deps/react-router-dom.js?v=c76998c8:4523:15)
    at BrowserRouter (http://localhost:5173/node_modules/.vite/deps/react-router-dom.js?v=c76998c8:5261:5) @ http://localhost:5173/node_modules/.vite/deps/chunk-XPR23Y44.js?v=b7d368d5:518
[   71360ms] [INFO] %cDownload the React DevTools for a better development experience: https://reactjs.org/link/react-devtools font-weight:bold @ http://localhost:5173/node_modules/.vite/deps/chunk-XPR23Y44.js?v=b7d368d5:21548
[   71383ms] [WARNING] ⚠️ React Router Future Flag Warning: React Router will begin wrapping state updates in `React.startTransition` in v7. You can use the `v7_startTransition` future flag to opt-in early. For more information, see https://reactrouter.com/v6/upgrading/future#v7_starttransition. @ http://localhost:5173/node_modules/.vite/deps/react-router-dom.js?v=c76998c8:4414
[   71384ms] [WARNING] ⚠️ React Router Future Flag Warning: Relative route resolution within Splat routes is changing in v7. You can use the `v7_relativeSplatPath` future flag to opt-in early. For more information, see https://reactrouter.com/v6/upgrading/future#v7_relativesplatpath. @ http://localhost:5173/node_modules/.vite/deps/react-router-dom.js?v=c76998c8:4414
[   71504ms] [ERROR] Warning: Encountered two children with the same key, `%s`. Keys should be unique so that components maintain their identity across updates. Non-unique keys may cause children to be duplicated and/or omitted — the behavior is unsupported and could change in a future version.%s Smart Watch 
    at div
    at Breadcrumb (http://localhost:5173/src/components/Shared.jsx:649:30)
    at div
    at ProductDetail (http://localhost:5173/src/pages/ProductDetail.jsx:29:20)
    at RenderedRoute (http://localhost:5173/node_modules/.vite/deps/react-router-dom.js?v=c76998c8:4110:5)
    at Outlet (http://localhost:5173/node_modules/.vite/deps/react-router-dom.js?v=c76998c8:4516:26)
    at main
    at div
    at Layout (http://localhost:5173/src/components/Layout.jsx:626:27)
    at RenderedRoute (http://localhost:5173/node_modules/.vite/deps/react-router-dom.js?v=c76998c8:4110:5)
    at Routes (http://localhost:5173/node_modules/.vite/deps/react-router-dom.js?v=c76998c8:4580:5)
    at App
    at StoreProvider (http://localhost:5173/src/context/StoreContext.jsx:29:33)
    at Router (http://localhost:5173/node_modules/.vite/deps/react-router-dom.js?v=c76998c8:4523:15)
    at BrowserRouter (http://localhost:5173/node_modules/.vite/deps/react-router-dom.js?v=c76998c8:5261:5) @ http://localhost:5173/node_modules/.vite/deps/chunk-XPR23Y44.js?v=b7d368d5:518
[   71620ms] [ERROR] Warning: Encountered two children with the same key, `%s`. Keys should be unique so that components maintain their identity across updates. Non-unique keys may cause children to be duplicated and/or omitted — the behavior is unsupported and could change in a future version.%s Smart Watch 
    at div
    at Breadcrumb (http://localhost:5173/src/components/Shared.jsx:649:30)
    at div
    at ProductDetail (http://localhost:5173/src/pages/ProductDetail.jsx:29:20)
    at RenderedRoute (http://localhost:5173/node_modules/.vite/deps/react-router-dom.js?v=c76998c8:4110:5)
    at Outlet (http://localhost:5173/node_modules/.vite/deps/react-router-dom.js?v=c76998c8:4516:26)
    at main
    at div
    at Layout (http://localhost:5173/src/components/Layout.jsx:626:27)
    at RenderedRoute (http://localhost:5173/node_modules/.vite/deps/react-router-dom.js?v=c76998c8:4110:5)
    at Routes (http://localhost:5173/node_modules/.vite/deps/react-router-dom.js?v=c76998c8:4580:5)
    at App
    at StoreProvider (http://localhost:5173/src/context/StoreContext.jsx:29:33)
    at Router (http://localhost:5173/node_modules/.vite/deps/react-router-dom.js?v=c76998c8:4523:15)
    at BrowserRouter (http://localhost:5173/node_modules/.vite/deps/react-router-dom.js?v=c76998c8:5261:5) @ http://localhost:5173/node_modules/.vite/deps/chunk-XPR23Y44.js?v=b7d368d5:518
[   72949ms] [INFO] %cDownload the React DevTools for a better development experience: https://reactjs.org/link/react-devtools font-weight:bold @ http://localhost:5173/node_modules/.vite/deps/chunk-XPR23Y44.js?v=b7d368d5:21548
[   72975ms] [WARNING] ⚠️ React Router Future Flag Warning: React Router will begin wrapping state updates in `React.startTransition` in v7. You can use the `v7_startTransition` future flag to opt-in early. For more information, see https://reactrouter.com/v6/upgrading/future#v7_starttransition. @ http://localhost:5173/node_modules/.vite/deps/react-router-dom.js?v=c76998c8:4414
[   72976ms] [WARNING] ⚠️ React Router Future Flag Warning: Relative route resolution within Splat routes is changing in v7. You can use the `v7_relativeSplatPath` future flag to opt-in early. For more information, see https://reactrouter.com/v6/upgrading/future#v7_relativesplatpath. @ http://localhost:5173/node_modules/.vite/deps/react-router-dom.js?v=c76998c8:4414
[   73095ms] [ERROR] Warning: Encountered two children with the same key, `%s`. Keys should be unique so that components maintain their identity across updates. Non-unique keys may cause children to be duplicated and/or omitted — the behavior is unsupported and could change in a future version.%s Smart Watch 
    at div
    at Breadcrumb (http://localhost:5173/src/components/Shared.jsx:649:30)
    at div
    at ProductDetail (http://localhost:5173/src/pages/ProductDetail.jsx:29:20)
    at RenderedRoute (http://localhost:5173/node_modules/.vite/deps/react-router-dom.js?v=c76998c8:4110:5)
    at Outlet (http://localhost:5173/node_modules/.vite/deps/react-router-dom.js?v=c76998c8:4516:26)
    at main
    at div
    at Layout (http://localhost:5173/src/components/Layout.jsx:626:27)
    at RenderedRoute (http://localhost:5173/node_modules/.vite/deps/react-router-dom.js?v=c76998c8:4110:5)
    at Routes (http://localhost:5173/node_modules/.vite/deps/react-router-dom.js?v=c76998c8:4580:5)
    at App
    at StoreProvider (http://localhost:5173/src/context/StoreContext.jsx:29:33)
    at Router (http://localhost:5173/node_modules/.vite/deps/react-router-dom.js?v=c76998c8:4523:15)
    at BrowserRouter (http://localhost:5173/node_modules/.vite/deps/react-router-dom.js?v=c76998c8:5261:5) @ http://localhost:5173/node_modules/.vite/deps/chunk-XPR23Y44.js?v=b7d368d5:518
[   73241ms] [ERROR] Warning: Encountered two children with the same key, `%s`. Keys should be unique so that components maintain their identity across updates. Non-unique keys may cause children to be duplicated and/or omitted — the behavior is unsupported and could change in a future version.%s Smart Watch 
    at div
    at Breadcrumb (http://localhost:5173/src/components/Shared.jsx:649:30)
    at div
    at ProductDetail (http://localhost:5173/src/pages/ProductDetail.jsx:29:20)
    at RenderedRoute (http://localhost:5173/node_modules/.vite/deps/react-router-dom.js?v=c76998c8:4110:5)
    at Outlet (http://localhost:5173/node_modules/.vite/deps/react-router-dom.js?v=c76998c8:4516:26)
    at main
    at div
    at Layout (http://localhost:5173/src/components/Layout.jsx:626:27)
    at RenderedRoute (http://localhost:5173/node_modules/.vite/deps/react-router-dom.js?v=c76998c8:4110:5)
    at Routes (http://localhost:5173/node_modules/.vite/deps/react-router-dom.js?v=c76998c8:4580:5)
    at App
    at StoreProvider (http://localhost:5173/src/context/StoreContext.jsx:29:33)
    at Router (http://localhost:5173/node_modules/.vite/deps/react-router-dom.js?v=c76998c8:4523:15)
    at BrowserRouter (http://localhost:5173/node_modules/.vite/deps/react-router-dom.js?v=c76998c8:5261:5) @ http://localhost:5173/node_modules/.vite/deps/chunk-XPR23Y44.js?v=b7d368d5:518
[   74541ms] [INFO] %cDownload the React DevTools for a better development experience: https://reactjs.org/link/react-devtools font-weight:bold @ http://localhost:5173/node_modules/.vite/deps/chunk-XPR23Y44.js?v=b7d368d5:21548
[   74564ms] [WARNING] ⚠️ React Router Future Flag Warning: React Router will begin wrapping state updates in `React.startTransition` in v7. You can use the `v7_startTransition` future flag to opt-in early. For more information, see https://reactrouter.com/v6/upgrading/future#v7_starttransition. @ http://localhost:5173/node_modules/.vite/deps/react-router-dom.js?v=c76998c8:4414
[   74564ms] [WARNING] ⚠️ React Router Future Flag Warning: Relative route resolution within Splat routes is changing in v7. You can use the `v7_relativeSplatPath` future flag to opt-in early. For more information, see https://reactrouter.com/v6/upgrading/future#v7_relativesplatpath. @ http://localhost:5173/node_modules/.vite/deps/react-router-dom.js?v=c76998c8:4414
[   74687ms] [ERROR] Warning: Encountered two children with the same key, `%s`. Keys should be unique so that components maintain their identity across updates. Non-unique keys may cause children to be duplicated and/or omitted — the behavior is unsupported and could change in a future version.%s Smart Watch 
    at div
    at Breadcrumb (http://localhost:5173/src/components/Shared.jsx:649:30)
    at div
    at ProductDetail (http://localhost:5173/src/pages/ProductDetail.jsx:29:20)
    at RenderedRoute (http://localhost:5173/node_modules/.vite/deps/react-router-dom.js?v=c76998c8:4110:5)
    at Outlet (http://localhost:5173/node_modules/.vite/deps/react-router-dom.js?v=c76998c8:4516:26)
    at main
    at div
    at Layout (http://localhost:5173/src/components/Layout.jsx:626:27)
    at RenderedRoute (http://localhost:5173/node_modules/.vite/deps/react-router-dom.js?v=c76998c8:4110:5)
    at Routes (http://localhost:5173/node_modules/.vite/deps/react-router-dom.js?v=c76998c8:4580:5)
    at App
    at StoreProvider (http://localhost:5173/src/context/StoreContext.jsx:29:33)
    at Router (http://localhost:5173/node_modules/.vite/deps/react-router-dom.js?v=c76998c8:4523:15)
    at BrowserRouter (http://localhost:5173/node_modules/.vite/deps/react-router-dom.js?v=c76998c8:5261:5) @ http://localhost:5173/node_modules/.vite/deps/chunk-XPR23Y44.js?v=b7d368d5:518
[   74798ms] [ERROR] Warning: Encountered two children with the same key, `%s`. Keys should be unique so that components maintain their identity across updates. Non-unique keys may cause children to be duplicated and/or omitted — the behavior is unsupported and could change in a future version.%s Smart Watch 
    at div
    at Breadcrumb (http://localhost:5173/src/components/Shared.jsx:649:30)
    at div
    at ProductDetail (http://localhost:5173/src/pages/ProductDetail.jsx:29:20)
    at RenderedRoute (http://localhost:5173/node_modules/.vite/deps/react-router-dom.js?v=c76998c8:4110:5)
    at Outlet (http://localhost:5173/node_modules/.vite/deps/react-router-dom.js?v=c76998c8:4516:26)
    at main
    at div
    at Layout (http://localhost:5173/src/components/Layout.jsx:626:27)
    at RenderedRoute (http://localhost:5173/node_modules/.vite/deps/react-router-dom.js?v=c76998c8:4110:5)
    at Routes (http://localhost:5173/node_modules/.vite/deps/react-router-dom.js?v=c76998c8:4580:5)
    at App
    at StoreProvider (http://localhost:5173/src/context/StoreContext.jsx:29:33)
    at Router (http://localhost:5173/node_modules/.vite/deps/react-router-dom.js?v=c76998c8:4523:15)
    at BrowserRouter (http://localhost:5173/node_modules/.vite/deps/react-router-dom.js?v=c76998c8:5261:5) @ http://localhost:5173/node_modules/.vite/deps/chunk-XPR23Y44.js?v=b7d368d5:518
[   76122ms] [INFO] %cDownload the React DevTools for a better development experience: https://reactjs.org/link/react-devtools font-weight:bold @ http://localhost:5173/node_modules/.vite/deps/chunk-XPR23Y44.js?v=b7d368d5:21548
[   76143ms] [WARNING] ⚠️ React Router Future Flag Warning: React Router will begin wrapping state updates in `React.startTransition` in v7. You can use the `v7_startTransition` future flag to opt-in early. For more information, see https://reactrouter.com/v6/upgrading/future#v7_starttransition. @ http://localhost:5173/node_modules/.vite/deps/react-router-dom.js?v=c76998c8:4414
[   76143ms] [WARNING] ⚠️ React Router Future Flag Warning: Relative route resolution within Splat routes is changing in v7. You can use the `v7_relativeSplatPath` future flag to opt-in early. For more information, see https://reactrouter.com/v6/upgrading/future#v7_relativesplatpath. @ http://localhost:5173/node_modules/.vite/deps/react-router-dom.js?v=c76998c8:4414
[   76524ms] [ERROR] Warning: Encountered two children with the same key, `%s`. Keys should be unique so that components maintain their identity across updates. Non-unique keys may cause children to be duplicated and/or omitted — the behavior is unsupported and could change in a future version.%s Smart Watch 
    at div
    at Breadcrumb (http://localhost:5173/src/components/Shared.jsx:649:30)
    at div
    at ProductDetail (http://localhost:5173/src/pages/ProductDetail.jsx:29:20)
    at RenderedRoute (http://localhost:5173/node_modules/.vite/deps/react-router-dom.js?v=c76998c8:4110:5)
    at Outlet (http://localhost:5173/node_modules/.vite/deps/react-router-dom.js?v=c76998c8:4516:26)
    at main
    at div
    at Layout (http://localhost:5173/src/components/Layout.jsx:626:27)
    at RenderedRoute (http://localhost:5173/node_modules/.vite/deps/react-router-dom.js?v=c76998c8:4110:5)
    at Routes (http://localhost:5173/node_modules/.vite/deps/react-router-dom.js?v=c76998c8:4580:5)
    at App
    at StoreProvider (http://localhost:5173/src/context/StoreContext.jsx:29:33)
    at Router (http://localhost:5173/node_modules/.vite/deps/react-router-dom.js?v=c76998c8:4523:15)
    at BrowserRouter (http://localhost:5173/node_modules/.vite/deps/react-router-dom.js?v=c76998c8:5261:5) @ http://localhost:5173/node_modules/.vite/deps/chunk-XPR23Y44.js?v=b7d368d5:518
[   76636ms] [ERROR] Warning: Encountered two children with the same key, `%s`. Keys should be unique so that components maintain their identity across updates. Non-unique keys may cause children to be duplicated and/or omitted — the behavior is unsupported and could change in a future version.%s Smart Watch 
    at div
    at Breadcrumb (http://localhost:5173/src/components/Shared.jsx:649:30)
    at div
    at ProductDetail (http://localhost:5173/src/pages/ProductDetail.jsx:29:20)
    at RenderedRoute (http://localhost:5173/node_modules/.vite/deps/react-router-dom.js?v=c76998c8:4110:5)
    at Outlet (http://localhost:5173/node_modules/.vite/deps/react-router-dom.js?v=c76998c8:4516:26)
    at main
    at div
    at Layout (http://localhost:5173/src/components/Layout.jsx:626:27)
    at RenderedRoute (http://localhost:5173/node_modules/.vite/deps/react-router-dom.js?v=c76998c8:4110:5)
    at Routes (http://localhost:5173/node_modules/.vite/deps/react-router-dom.js?v=c76998c8:4580:5)
    at App
    at StoreProvider (http://localhost:5173/src/context/StoreContext.jsx:29:33)
    at Router (http://localhost:5173/node_modules/.vite/deps/react-router-dom.js?v=c76998c8:4523:15)
    at BrowserRouter (http://localhost:5173/node_modules/.vite/deps/react-router-dom.js?v=c76998c8:5261:5) @ http://localhost:5173/node_modules/.vite/deps/chunk-XPR23Y44.js?v=b7d368d5:518
[   77709ms] [INFO] %cDownload the React DevTools for a better development experience: https://reactjs.org/link/react-devtools font-weight:bold @ http://localhost:5173/node_modules/.vite/deps/chunk-XPR23Y44.js?v=b7d368d5:21548
[   77731ms] [WARNING] ⚠️ React Router Future Flag Warning: React Router will begin wrapping state updates in `React.startTransition` in v7. You can use the `v7_startTransition` future flag to opt-in early. For more information, see https://reactrouter.com/v6/upgrading/future#v7_starttransition. @ http://localhost:5173/node_modules/.vite/deps/react-router-dom.js?v=c76998c8:4414
[   77731ms] [WARNING] ⚠️ React Router Future Flag Warning: Relative route resolution within Splat routes is changing in v7. You can use the `v7_relativeSplatPath` future flag to opt-in early. For more information, see https://reactrouter.com/v6/upgrading/future#v7_relativesplatpath. @ http://localhost:5173/node_modules/.vite/deps/react-router-dom.js?v=c76998c8:4414
[   79279ms] [INFO] %cDownload the React DevTools for a better development experience: https://reactjs.org/link/react-devtools font-weight:bold @ http://localhost:5173/node_modules/.vite/deps/chunk-XPR23Y44.js?v=b7d368d5:21548
[   79299ms] [WARNING] ⚠️ React Router Future Flag Warning: React Router will begin wrapping state updates in `React.startTransition` in v7. You can use the `v7_startTransition` future flag to opt-in early. For more information, see https://reactrouter.com/v6/upgrading/future#v7_starttransition. @ http://localhost:5173/node_modules/.vite/deps/react-router-dom.js?v=c76998c8:4414
[   79299ms] [WARNING] ⚠️ React Router Future Flag Warning: Relative route resolution within Splat routes is changing in v7. You can use the `v7_relativeSplatPath` future flag to opt-in early. For more information, see https://reactrouter.com/v6/upgrading/future#v7_relativesplatpath. @ http://localhost:5173/node_modules/.vite/deps/react-router-dom.js?v=c76998c8:4414
[   80855ms] [INFO] %cDownload the React DevTools for a better development experience: https://reactjs.org/link/react-devtools font-weight:bold @ http://localhost:5173/node_modules/.vite/deps/chunk-XPR23Y44.js?v=b7d368d5:21548
[   80878ms] [WARNING] ⚠️ React Router Future Flag Warning: React Router will begin wrapping state updates in `React.startTransition` in v7. You can use the `v7_startTransition` future flag to opt-in early. For more information, see https://reactrouter.com/v6/upgrading/future#v7_starttransition. @ http://localhost:5173/node_modules/.vite/deps/react-router-dom.js?v=c76998c8:4414
[   80878ms] [WARNING] ⚠️ React Router Future Flag Warning: Relative route resolution within Splat routes is changing in v7. You can use the `v7_relativeSplatPath` future flag to opt-in early. For more information, see https://reactrouter.com/v6/upgrading/future#v7_relativesplatpath. @ http://localhost:5173/node_modules/.vite/deps/react-router-dom.js?v=c76998c8:4414
[   82450ms] [INFO] %cDownload the React DevTools for a better development experience: https://reactjs.org/link/react-devtools font-weight:bold @ http://localhost:5173/node_modules/.vite/deps/chunk-XPR23Y44.js?v=b7d368d5:21548
[   82479ms] [WARNING] ⚠️ React Router Future Flag Warning: React Router will begin wrapping state updates in `React.startTransition` in v7. You can use the `v7_startTransition` future flag to opt-in early. For more information, see https://reactrouter.com/v6/upgrading/future#v7_starttransition. @ http://localhost:5173/node_modules/.vite/deps/react-router-dom.js?v=c76998c8:4414
[   82479ms] [WARNING] ⚠️ React Router Future Flag Warning: Relative route resolution within Splat routes is changing in v7. You can use the `v7_relativeSplatPath` future flag to opt-in early. For more information, see https://reactrouter.com/v6/upgrading/future#v7_relativesplatpath. @ http://localhost:5173/node_modules/.vite/deps/react-router-dom.js?v=c76998c8:4414
[   84046ms] [INFO] %cDownload the React DevTools for a better development experience: https://reactjs.org/link/react-devtools font-weight:bold @ http://localhost:5173/node_modules/.vite/deps/chunk-XPR23Y44.js?v=b7d368d5:21548
[   84078ms] [WARNING] ⚠️ React Router Future Flag Warning: React Router will begin wrapping state updates in `React.startTransition` in v7. You can use the `v7_startTransition` future flag to opt-in early. For more information, see https://reactrouter.com/v6/upgrading/future#v7_starttransition. @ http://localhost:5173/node_modules/.vite/deps/react-router-dom.js?v=c76998c8:4414
[   84079ms] [WARNING] ⚠️ React Router Future Flag Warning: Relative route resolution within Splat routes is changing in v7. You can use the `v7_relativeSplatPath` future flag to opt-in early. For more information, see https://reactrouter.com/v6/upgrading/future#v7_relativesplatpath. @ http://localhost:5173/node_modules/.vite/deps/react-router-dom.js?v=c76998c8:4414
[   85638ms] [INFO] %cDownload the React DevTools for a better development experience: https://reactjs.org/link/react-devtools font-weight:bold @ http://localhost:5173/node_modules/.vite/deps/chunk-XPR23Y44.js?v=b7d368d5:21548
[   85662ms] [WARNING] ⚠️ React Router Future Flag Warning: React Router will begin wrapping state updates in `React.startTransition` in v7. You can use the `v7_startTransition` future flag to opt-in early. For more information, see https://reactrouter.com/v6/upgrading/future#v7_starttransition. @ http://localhost:5173/node_modules/.vite/deps/react-router-dom.js?v=c76998c8:4414
[   85662ms] [WARNING] ⚠️ React Router Future Flag Warning: Relative route resolution within Splat routes is changing in v7. You can use the `v7_relativeSplatPath` future flag to opt-in early. For more information, see https://reactrouter.com/v6/upgrading/future#v7_relativesplatpath. @ http://localhost:5173/node_modules/.vite/deps/react-router-dom.js?v=c76998c8:4414
[   87222ms] [INFO] %cDownload the React DevTools for a better development experience: https://reactjs.org/link/react-devtools font-weight:bold @ http://localhost:5173/node_modules/.vite/deps/chunk-XPR23Y44.js?v=b7d368d5:21548
[   87244ms] [WARNING] ⚠️ React Router Future Flag Warning: React Router will begin wrapping state updates in `React.startTransition` in v7. You can use the `v7_startTransition` future flag to opt-in early. For more information, see https://reactrouter.com/v6/upgrading/future#v7_starttransition. @ http://localhost:5173/node_modules/.vite/deps/react-router-dom.js?v=c76998c8:4414
[   87245ms] [WARNING] ⚠️ React Router Future Flag Warning: Relative route resolution within Splat routes is changing in v7. You can use the `v7_relativeSplatPath` future flag to opt-in early. For more information, see https://reactrouter.com/v6/upgrading/future#v7_relativesplatpath. @ http://localhost:5173/node_modules/.vite/deps/react-router-dom.js?v=c76998c8:4414
[   88808ms] [INFO] %cDownload the React DevTools for a better development experience: https://reactjs.org/link/react-devtools font-weight:bold @ http://localhost:5173/node_modules/.vite/deps/chunk-XPR23Y44.js?v=b7d368d5:21548
[   88837ms] [WARNING] ⚠️ React Router Future Flag Warning: React Router will begin wrapping state updates in `React.startTransition` in v7. You can use the `v7_startTransition` future flag to opt-in early. For more information, see https://reactrouter.com/v6/upgrading/future#v7_starttransition. @ http://localhost:5173/node_modules/.vite/deps/react-router-dom.js?v=c76998c8:4414
[   88838ms] [WARNING] ⚠️ React Router Future Flag Warning: Relative route resolution within Splat routes is changing in v7. You can use the `v7_relativeSplatPath` future flag to opt-in early. For more information, see https://reactrouter.com/v6/upgrading/future#v7_relativesplatpath. @ http://localhost:5173/node_modules/.vite/deps/react-router-dom.js?v=c76998c8:4414
[   90440ms] [INFO] %cDownload the React DevTools for a better development experience: https://reactjs.org/link/react-devtools font-weight:bold @ http://localhost:5173/node_modules/.vite/deps/chunk-XPR23Y44.js?v=b7d368d5:21548
[   90474ms] [WARNING] ⚠️ React Router Future Flag Warning: React Router will begin wrapping state updates in `React.startTransition` in v7. You can use the `v7_startTransition` future flag to opt-in early. For more information, see https://reactrouter.com/v6/upgrading/future#v7_starttransition. @ http://localhost:5173/node_modules/.vite/deps/react-router-dom.js?v=c76998c8:4414
[   90474ms] [WARNING] ⚠️ React Router Future Flag Warning: Relative route resolution within Splat routes is changing in v7. You can use the `v7_relativeSplatPath` future flag to opt-in early. For more information, see https://reactrouter.com/v6/upgrading/future#v7_relativesplatpath. @ http://localhost:5173/node_modules/.vite/deps/react-router-dom.js?v=c76998c8:4414
[   92071ms] [INFO] %cDownload the React DevTools for a better development experience: https://reactjs.org/link/react-devtools font-weight:bold @ http://localhost:5173/node_modules/.vite/deps/chunk-XPR23Y44.js?v=b7d368d5:21548
[   92101ms] [WARNING] ⚠️ React Router Future Flag Warning: React Router will begin wrapping state updates in `React.startTransition` in v7. You can use the `v7_startTransition` future flag to opt-in early. For more information, see https://reactrouter.com/v6/upgrading/future#v7_starttransition. @ http://localhost:5173/node_modules/.vite/deps/react-router-dom.js?v=c76998c8:4414
[   92101ms] [WARNING] ⚠️ React Router Future Flag Warning: Relative route resolution within Splat routes is changing in v7. You can use the `v7_relativeSplatPath` future flag to opt-in early. For more information, see https://reactrouter.com/v6/upgrading/future#v7_relativesplatpath. @ http://localhost:5173/node_modules/.vite/deps/react-router-dom.js?v=c76998c8:4414
[   93717ms] [INFO] %cDownload the React DevTools for a better development experience: https://reactjs.org/link/react-devtools font-weight:bold @ http://localhost:5173/node_modules/.vite/deps/chunk-XPR23Y44.js?v=b7d368d5:21548
[   93761ms] [WARNING] ⚠️ React Router Future Flag Warning: React Router will begin wrapping state updates in `React.startTransition` in v7. You can use the `v7_startTransition` future flag to opt-in early. For more information, see https://reactrouter.com/v6/upgrading/future#v7_starttransition. @ http://localhost:5173/node_modules/.vite/deps/react-router-dom.js?v=c76998c8:4414
[   93761ms] [WARNING] ⚠️ React Router Future Flag Warning: Relative route resolution within Splat routes is changing in v7. You can use the `v7_relativeSplatPath` future flag to opt-in early. For more information, see https://reactrouter.com/v6/upgrading/future#v7_relativesplatpath. @ http://localhost:5173/node_modules/.vite/deps/react-router-dom.js?v=c76998c8:4414
[   93863ms] [VERBOSE] [DOM] Input elements should have autocomplete attributes (suggested: "current-password"): (More info: https://goo.gl/9p2vKq) %o @ http://localhost:5173/login:0
[   95319ms] [INFO] %cDownload the React DevTools for a better development experience: https://reactjs.org/link/react-devtools font-weight:bold @ http://localhost:5173/node_modules/.vite/deps/chunk-XPR23Y44.js?v=b7d368d5:21548
[   95357ms] [WARNING] ⚠️ React Router Future Flag Warning: React Router will begin wrapping state updates in `React.startTransition` in v7. You can use the `v7_startTransition` future flag to opt-in early. For more information, see https://reactrouter.com/v6/upgrading/future#v7_starttransition. @ http://localhost:5173/node_modules/.vite/deps/react-router-dom.js?v=c76998c8:4414
[   95357ms] [WARNING] ⚠️ React Router Future Flag Warning: Relative route resolution within Splat routes is changing in v7. You can use the `v7_relativeSplatPath` future flag to opt-in early. For more information, see https://reactrouter.com/v6/upgrading/future#v7_relativesplatpath. @ http://localhost:5173/node_modules/.vite/deps/react-router-dom.js?v=c76998c8:4414
[   95440ms] [VERBOSE] [DOM] Input elements should have autocomplete attributes (suggested: "current-password"): (More info: https://goo.gl/9p2vKq) %o @ http://localhost:5173/login:0
[   96907ms] [INFO] %cDownload the React DevTools for a better development experience: https://reactjs.org/link/react-devtools font-weight:bold @ http://localhost:5173/node_modules/.vite/deps/chunk-XPR23Y44.js?v=b7d368d5:21548
[   96930ms] [WARNING] ⚠️ React Router Future Flag Warning: React Router will begin wrapping state updates in `React.startTransition` in v7. You can use the `v7_startTransition` future flag to opt-in early. For more information, see https://reactrouter.com/v6/upgrading/future#v7_starttransition. @ http://localhost:5173/node_modules/.vite/deps/react-router-dom.js?v=c76998c8:4414
[   96930ms] [WARNING] ⚠️ React Router Future Flag Warning: Relative route resolution within Splat routes is changing in v7. You can use the `v7_relativeSplatPath` future flag to opt-in early. For more information, see https://reactrouter.com/v6/upgrading/future#v7_relativesplatpath. @ http://localhost:5173/node_modules/.vite/deps/react-router-dom.js?v=c76998c8:4414
[   97027ms] [VERBOSE] [DOM] Input elements should have autocomplete attributes (suggested: "current-password"): (More info: https://goo.gl/9p2vKq) %o @ http://localhost:5173/login:0
[   98500ms] [INFO] %cDownload the React DevTools for a better development experience: https://reactjs.org/link/react-devtools font-weight:bold @ http://localhost:5173/node_modules/.vite/deps/chunk-XPR23Y44.js?v=b7d368d5:21548
[   98523ms] [WARNING] ⚠️ React Router Future Flag Warning: React Router will begin wrapping state updates in `React.startTransition` in v7. You can use the `v7_startTransition` future flag to opt-in early. For more information, see https://reactrouter.com/v6/upgrading/future#v7_starttransition. @ http://localhost:5173/node_modules/.vite/deps/react-router-dom.js?v=c76998c8:4414
[   98524ms] [WARNING] ⚠️ React Router Future Flag Warning: Relative route resolution within Splat routes is changing in v7. You can use the `v7_relativeSplatPath` future flag to opt-in early. For more information, see https://reactrouter.com/v6/upgrading/future#v7_relativesplatpath. @ http://localhost:5173/node_modules/.vite/deps/react-router-dom.js?v=c76998c8:4414
[   98627ms] [VERBOSE] [DOM] Input elements should have autocomplete attributes (suggested: "current-password"): (More info: https://goo.gl/9p2vKq) %o @ http://localhost:5173/login:0
[  100079ms] [INFO] %cDownload the React DevTools for a better development experience: https://reactjs.org/link/react-devtools font-weight:bold @ http://localhost:5173/node_modules/.vite/deps/chunk-XPR23Y44.js?v=b7d368d5:21548
[  100097ms] [WARNING] ⚠️ React Router Future Flag Warning: React Router will begin wrapping state updates in `React.startTransition` in v7. You can use the `v7_startTransition` future flag to opt-in early. For more information, see https://reactrouter.com/v6/upgrading/future#v7_starttransition. @ http://localhost:5173/node_modules/.vite/deps/react-router-dom.js?v=c76998c8:4414
[  100098ms] [WARNING] ⚠️ React Router Future Flag Warning: Relative route resolution within Splat routes is changing in v7. You can use the `v7_relativeSplatPath` future flag to opt-in early. For more information, see https://reactrouter.com/v6/upgrading/future#v7_relativesplatpath. @ http://localhost:5173/node_modules/.vite/deps/react-router-dom.js?v=c76998c8:4414
[  100211ms] [VERBOSE] [DOM] Input elements should have autocomplete attributes (suggested: "current-password"): (More info: https://goo.gl/9p2vKq) %o @ http://localhost:5173/login:0
[  101671ms] [INFO] %cDownload the React DevTools for a better development experience: https://reactjs.org/link/react-devtools font-weight:bold @ http://localhost:5173/node_modules/.vite/deps/chunk-XPR23Y44.js?v=b7d368d5:21548
[  101698ms] [WARNING] ⚠️ React Router Future Flag Warning: React Router will begin wrapping state updates in `React.startTransition` in v7. You can use the `v7_startTransition` future flag to opt-in early. For more information, see https://reactrouter.com/v6/upgrading/future#v7_starttransition. @ http://localhost:5173/node_modules/.vite/deps/react-router-dom.js?v=c76998c8:4414
[  101698ms] [WARNING] ⚠️ React Router Future Flag Warning: Relative route resolution within Splat routes is changing in v7. You can use the `v7_relativeSplatPath` future flag to opt-in early. For more information, see https://reactrouter.com/v6/upgrading/future#v7_relativesplatpath. @ http://localhost:5173/node_modules/.vite/deps/react-router-dom.js?v=c76998c8:4414
[  101790ms] [VERBOSE] [DOM] Input elements should have autocomplete attributes (suggested: "current-password"): (More info: https://goo.gl/9p2vKq) %o @ http://localhost:5173/login:0
[  103306ms] [INFO] %cDownload the React DevTools for a better development experience: https://reactjs.org/link/react-devtools font-weight:bold @ http://localhost:5173/node_modules/.vite/deps/chunk-XPR23Y44.js?v=b7d368d5:21548
[  103333ms] [WARNING] ⚠️ React Router Future Flag Warning: React Router will begin wrapping state updates in `React.startTransition` in v7. You can use the `v7_startTransition` future flag to opt-in early. For more information, see https://reactrouter.com/v6/upgrading/future#v7_starttransition. @ http://localhost:5173/node_modules/.vite/deps/react-router-dom.js?v=c76998c8:4414
[  103333ms] [WARNING] ⚠️ React Router Future Flag Warning: Relative route resolution within Splat routes is changing in v7. You can use the `v7_relativeSplatPath` future flag to opt-in early. For more information, see https://reactrouter.com/v6/upgrading/future#v7_relativesplatpath. @ http://localhost:5173/node_modules/.vite/deps/react-router-dom.js?v=c76998c8:4414
[  103439ms] [VERBOSE] [DOM] Input elements should have autocomplete attributes (suggested: "current-password"): (More info: https://goo.gl/9p2vKq) %o @ http://localhost:5173/login:0
[  104897ms] [INFO] %cDownload the React DevTools for a better development experience: https://reactjs.org/link/react-devtools font-weight:bold @ http://localhost:5173/node_modules/.vite/deps/chunk-XPR23Y44.js?v=b7d368d5:21548
[  104918ms] [WARNING] ⚠️ React Router Future Flag Warning: React Router will begin wrapping state updates in `React.startTransition` in v7. You can use the `v7_startTransition` future flag to opt-in early. For more information, see https://reactrouter.com/v6/upgrading/future#v7_starttransition. @ http://localhost:5173/node_modules/.vite/deps/react-router-dom.js?v=c76998c8:4414
[  104918ms] [WARNING] ⚠️ React Router Future Flag Warning: Relative route resolution within Splat routes is changing in v7. You can use the `v7_relativeSplatPath` future flag to opt-in early. For more information, see https://reactrouter.com/v6/upgrading/future#v7_relativesplatpath. @ http://localhost:5173/node_modules/.vite/deps/react-router-dom.js?v=c76998c8:4414
[  105015ms] [VERBOSE] [DOM] Input elements should have autocomplete attributes (suggested: "current-password"): (More info: https://goo.gl/9p2vKq) %o @ http://localhost:5173/login:0
[  106536ms] [INFO] %cDownload the React DevTools for a better development experience: https://reactjs.org/link/react-devtools font-weight:bold @ http://localhost:5173/node_modules/.vite/deps/chunk-XPR23Y44.js?v=b7d368d5:21548
[  106573ms] [WARNING] ⚠️ React Router Future Flag Warning: React Router will begin wrapping state updates in `React.startTransition` in v7. You can use the `v7_startTransition` future flag to opt-in early. For more information, see https://reactrouter.com/v6/upgrading/future#v7_starttransition. @ http://localhost:5173/node_modules/.vite/deps/react-router-dom.js?v=c76998c8:4414
[  106574ms] [WARNING] ⚠️ React Router Future Flag Warning: Relative route resolution within Splat routes is changing in v7. You can use the `v7_relativeSplatPath` future flag to opt-in early. For more information, see https://reactrouter.com/v6/upgrading/future#v7_relativesplatpath. @ http://localhost:5173/node_modules/.vite/deps/react-router-dom.js?v=c76998c8:4414
[  106679ms] [VERBOSE] [DOM] Input elements should have autocomplete attributes (suggested: "current-password"): (More info: https://goo.gl/9p2vKq) %o @ http://localhost:5173/login:0
[  108220ms] [INFO] %cDownload the React DevTools for a better development experience: https://reactjs.org/link/react-devtools font-weight:bold @ http://localhost:5173/node_modules/.vite/deps/chunk-XPR23Y44.js?v=b7d368d5:21548
[  108291ms] [WARNING] ⚠️ React Router Future Flag Warning: React Router will begin wrapping state updates in `React.startTransition` in v7. You can use the `v7_startTransition` future flag to opt-in early. For more information, see https://reactrouter.com/v6/upgrading/future#v7_starttransition. @ http://localhost:5173/node_modules/.vite/deps/react-router-dom.js?v=c76998c8:4414
[  108291ms] [WARNING] ⚠️ React Router Future Flag Warning: Relative route resolution within Splat routes is changing in v7. You can use the `v7_relativeSplatPath` future flag to opt-in early. For more information, see https://reactrouter.com/v6/upgrading/future#v7_relativesplatpath. @ http://localhost:5173/node_modules/.vite/deps/react-router-dom.js?v=c76998c8:4414
[  108379ms] [VERBOSE] [DOM] Input elements should have autocomplete attributes (suggested: "current-password"): (More info: https://goo.gl/9p2vKq) %o @ http://localhost:5173/login:0
[  109874ms] [INFO] %cDownload the React DevTools for a better development experience: https://reactjs.org/link/react-devtools font-weight:bold @ http://localhost:5173/node_modules/.vite/deps/chunk-XPR23Y44.js?v=b7d368d5:21548
[  109914ms] [WARNING] ⚠️ React Router Future Flag Warning: React Router will begin wrapping state updates in `React.startTransition` in v7. You can use the `v7_startTransition` future flag to opt-in early. For more information, see https://reactrouter.com/v6/upgrading/future#v7_starttransition. @ http://localhost:5173/node_modules/.vite/deps/react-router-dom.js?v=c76998c8:4414
[  109915ms] [WARNING] ⚠️ React Router Future Flag Warning: Relative route resolution within Splat routes is changing in v7. You can use the `v7_relativeSplatPath` future flag to opt-in early. For more information, see https://reactrouter.com/v6/upgrading/future#v7_relativesplatpath. @ http://localhost:5173/node_modules/.vite/deps/react-router-dom.js?v=c76998c8:4414
[  111465ms] [INFO] %cDownload the React DevTools for a better development experience: https://reactjs.org/link/react-devtools font-weight:bold @ http://localhost:5173/node_modules/.vite/deps/chunk-XPR23Y44.js?v=b7d368d5:21548
[  111489ms] [WARNING] ⚠️ React Router Future Flag Warning: React Router will begin wrapping state updates in `React.startTransition` in v7. You can use the `v7_startTransition` future flag to opt-in early. For more information, see https://reactrouter.com/v6/upgrading/future#v7_starttransition. @ http://localhost:5173/node_modules/.vite/deps/react-router-dom.js?v=c76998c8:4414
[  111489ms] [WARNING] ⚠️ React Router Future Flag Warning: Relative route resolution within Splat routes is changing in v7. You can use the `v7_relativeSplatPath` future flag to opt-in early. For more information, see https://reactrouter.com/v6/upgrading/future#v7_relativesplatpath. @ http://localhost:5173/node_modules/.vite/deps/react-router-dom.js?v=c76998c8:4414
[  113049ms] [INFO] %cDownload the React DevTools for a better development experience: https://reactjs.org/link/react-devtools font-weight:bold @ http://localhost:5173/node_modules/.vite/deps/chunk-XPR23Y44.js?v=b7d368d5:21548
[  113075ms] [WARNING] ⚠️ React Router Future Flag Warning: React Router will begin wrapping state updates in `React.startTransition` in v7. You can use the `v7_startTransition` future flag to opt-in early. For more information, see https://reactrouter.com/v6/upgrading/future#v7_starttransition. @ http://localhost:5173/node_modules/.vite/deps/react-router-dom.js?v=c76998c8:4414
[  113075ms] [WARNING] ⚠️ React Router Future Flag Warning: Relative route resolution within Splat routes is changing in v7. You can use the `v7_relativeSplatPath` future flag to opt-in early. For more information, see https://reactrouter.com/v6/upgrading/future#v7_relativesplatpath. @ http://localhost:5173/node_modules/.vite/deps/react-router-dom.js?v=c76998c8:4414
[  114641ms] [INFO] %cDownload the React DevTools for a better development experience: https://reactjs.org/link/react-devtools font-weight:bold @ http://localhost:5173/node_modules/.vite/deps/chunk-XPR23Y44.js?v=b7d368d5:21548
[  114673ms] [WARNING] ⚠️ React Router Future Flag Warning: React Router will begin wrapping state updates in `React.startTransition` in v7. You can use the `v7_startTransition` future flag to opt-in early. For more information, see https://reactrouter.com/v6/upgrading/future#v7_starttransition. @ http://localhost:5173/node_modules/.vite/deps/react-router-dom.js?v=c76998c8:4414
[  114674ms] [WARNING] ⚠️ React Router Future Flag Warning: Relative route resolution within Splat routes is changing in v7. You can use the `v7_relativeSplatPath` future flag to opt-in early. For more information, see https://reactrouter.com/v6/upgrading/future#v7_relativesplatpath. @ http://localhost:5173/node_modules/.vite/deps/react-router-dom.js?v=c76998c8:4414
[  116397ms] [INFO] %cDownload the React DevTools for a better development experience: https://reactjs.org/link/react-devtools font-weight:bold @ http://localhost:5173/node_modules/.vite/deps/chunk-XPR23Y44.js?v=b7d368d5:21548
[  116460ms] [WARNING] ⚠️ React Router Future Flag Warning: React Router will begin wrapping state updates in `React.startTransition` in v7. You can use the `v7_startTransition` future flag to opt-in early. For more information, see https://reactrouter.com/v6/upgrading/future#v7_starttransition. @ http://localhost:5173/node_modules/.vite/deps/react-router-dom.js?v=c76998c8:4414
[  116461ms] [WARNING] ⚠️ React Router Future Flag Warning: Relative route resolution within Splat routes is changing in v7. You can use the `v7_relativeSplatPath` future flag to opt-in early. For more information, see https://reactrouter.com/v6/upgrading/future#v7_relativesplatpath. @ http://localhost:5173/node_modules/.vite/deps/react-router-dom.js?v=c76998c8:4414
[  118004ms] [INFO] %cDownload the React DevTools for a better development experience: https://reactjs.org/link/react-devtools font-weight:bold @ http://localhost:5173/node_modules/.vite/deps/chunk-XPR23Y44.js?v=b7d368d5:21548
[  118026ms] [WARNING] ⚠️ React Router Future Flag Warning: React Router will begin wrapping state updates in `React.startTransition` in v7. You can use the `v7_startTransition` future flag to opt-in early. For more information, see https://reactrouter.com/v6/upgrading/future#v7_starttransition. @ http://localhost:5173/node_modules/.vite/deps/react-router-dom.js?v=c76998c8:4414
[  118026ms] [WARNING] ⚠️ React Router Future Flag Warning: Relative route resolution within Splat routes is changing in v7. You can use the `v7_relativeSplatPath` future flag to opt-in early. For more information, see https://reactrouter.com/v6/upgrading/future#v7_relativesplatpath. @ http://localhost:5173/node_modules/.vite/deps/react-router-dom.js?v=c76998c8:4414
[  119594ms] [INFO] %cDownload the React DevTools for a better development experience: https://reactjs.org/link/react-devtools font-weight:bold @ http://localhost:5173/node_modules/.vite/deps/chunk-XPR23Y44.js?v=b7d368d5:21548
[  119622ms] [WARNING] ⚠️ React Router Future Flag Warning: React Router will begin wrapping state updates in `React.startTransition` in v7. You can use the `v7_startTransition` future flag to opt-in early. For more information, see https://reactrouter.com/v6/upgrading/future#v7_starttransition. @ http://localhost:5173/node_modules/.vite/deps/react-router-dom.js?v=c76998c8:4414
[  119623ms] [WARNING] ⚠️ React Router Future Flag Warning: Relative route resolution within Splat routes is changing in v7. You can use the `v7_relativeSplatPath` future flag to opt-in early. For more information, see https://reactrouter.com/v6/upgrading/future#v7_relativesplatpath. @ http://localhost:5173/node_modules/.vite/deps/react-router-dom.js?v=c76998c8:4414
[  121178ms] [INFO] %cDownload the React DevTools for a better development experience: https://reactjs.org/link/react-devtools font-weight:bold @ http://localhost:5173/node_modules/.vite/deps/chunk-XPR23Y44.js?v=b7d368d5:21548
[  121210ms] [WARNING] ⚠️ React Router Future Flag Warning: React Router will begin wrapping state updates in `React.startTransition` in v7. You can use the `v7_startTransition` future flag to opt-in early. For more information, see https://reactrouter.com/v6/upgrading/future#v7_starttransition. @ http://localhost:5173/node_modules/.vite/deps/react-router-dom.js?v=c76998c8:4414
[  121210ms] [WARNING] ⚠️ React Router Future Flag Warning: Relative route resolution within Splat routes is changing in v7. You can use the `v7_relativeSplatPath` future flag to opt-in early. For more information, see https://reactrouter.com/v6/upgrading/future#v7_relativesplatpath. @ http://localhost:5173/node_modules/.vite/deps/react-router-dom.js?v=c76998c8:4414
[  122763ms] [INFO] %cDownload the React DevTools for a better development experience: https://reactjs.org/link/react-devtools font-weight:bold @ http://localhost:5173/node_modules/.vite/deps/chunk-XPR23Y44.js?v=b7d368d5:21548
[  122784ms] [WARNING] ⚠️ React Router Future Flag Warning: React Router will begin wrapping state updates in `React.startTransition` in v7. You can use the `v7_startTransition` future flag to opt-in early. For more information, see https://reactrouter.com/v6/upgrading/future#v7_starttransition. @ http://localhost:5173/node_modules/.vite/deps/react-router-dom.js?v=c76998c8:4414
[  122784ms] [WARNING] ⚠️ React Router Future Flag Warning: Relative route resolution within Splat routes is changing in v7. You can use the `v7_relativeSplatPath` future flag to opt-in early. For more information, see https://reactrouter.com/v6/upgrading/future#v7_relativesplatpath. @ http://localhost:5173/node_modules/.vite/deps/react-router-dom.js?v=c76998c8:4414
[  124450ms] [INFO] %cDownload the React DevTools for a better development experience: https://reactjs.org/link/react-devtools font-weight:bold @ http://localhost:5173/node_modules/.vite/deps/chunk-XPR23Y44.js?v=b7d368d5:21548
[  124488ms] [WARNING] ⚠️ React Router Future Flag Warning: React Router will begin wrapping state updates in `React.startTransition` in v7. You can use the `v7_startTransition` future flag to opt-in early. For more information, see https://reactrouter.com/v6/upgrading/future#v7_starttransition. @ http://localhost:5173/node_modules/.vite/deps/react-router-dom.js?v=c76998c8:4414
[  124488ms] [WARNING] ⚠️ React Router Future Flag Warning: Relative route resolution within Splat routes is changing in v7. You can use the `v7_relativeSplatPath` future flag to opt-in early. For more information, see https://reactrouter.com/v6/upgrading/future#v7_relativesplatpath. @ http://localhost:5173/node_modules/.vite/deps/react-router-dom.js?v=c76998c8:4414
[  151087ms] [INFO] %cDownload the React DevTools for a better development experience: https://reactjs.org/link/react-devtools font-weight:bold @ http://localhost:5173/node_modules/.vite/deps/chunk-XPR23Y44.js?v=b7d368d5:21548
[  151120ms] [WARNING] ⚠️ React Router Future Flag Warning: React Router will begin wrapping state updates in `React.startTransition` in v7. You can use the `v7_startTransition` future flag to opt-in early. For more information, see https://reactrouter.com/v6/upgrading/future#v7_starttransition. @ http://localhost:5173/node_modules/.vite/deps/react-router-dom.js?v=c76998c8:4414
[  151120ms] [WARNING] ⚠️ React Router Future Flag Warning: Relative route resolution within Splat routes is changing in v7. You can use the `v7_relativeSplatPath` future flag to opt-in early. For more information, see https://reactrouter.com/v6/upgrading/future#v7_relativesplatpath. @ http://localhost:5173/node_modules/.vite/deps/react-router-dom.js?v=c76998c8:4414
[  152069ms] [INFO] %cDownload the React DevTools for a better development experience: https://reactjs.org/link/react-devtools font-weight:bold @ http://localhost:5173/node_modules/.vite/deps/chunk-XPR23Y44.js?v=b7d368d5:21548
[  152101ms] [WARNING] ⚠️ React Router Future Flag Warning: React Router will begin wrapping state updates in `React.startTransition` in v7. You can use the `v7_startTransition` future flag to opt-in early. For more information, see https://reactrouter.com/v6/upgrading/future#v7_starttransition. @ http://localhost:5173/node_modules/.vite/deps/react-router-dom.js?v=c76998c8:4414
[  152101ms] [WARNING] ⚠️ React Router Future Flag Warning: Relative route resolution within Splat routes is changing in v7. You can use the `v7_relativeSplatPath` future flag to opt-in early. For more information, see https://reactrouter.com/v6/upgrading/future#v7_relativesplatpath. @ http://localhost:5173/node_modules/.vite/deps/react-router-dom.js?v=c76998c8:4414
[  153115ms] [INFO] %cDownload the React DevTools for a better development experience: https://reactjs.org/link/react-devtools font-weight:bold @ http://localhost:5173/node_modules/.vite/deps/chunk-XPR23Y44.js?v=b7d368d5:21548
[  153153ms] [WARNING] ⚠️ React Router Future Flag Warning: React Router will begin wrapping state updates in `React.startTransition` in v7. You can use the `v7_startTransition` future flag to opt-in early. For more information, see https://reactrouter.com/v6/upgrading/future#v7_starttransition. @ http://localhost:5173/node_modules/.vite/deps/react-router-dom.js?v=c76998c8:4414
[  153154ms] [WARNING] ⚠️ React Router Future Flag Warning: Relative route resolution within Splat routes is changing in v7. You can use the `v7_relativeSplatPath` future flag to opt-in early. For more information, see https://reactrouter.com/v6/upgrading/future#v7_relativesplatpath. @ http://localhost:5173/node_modules/.vite/deps/react-router-dom.js?v=c76998c8:4414
[  154122ms] [INFO] %cDownload the React DevTools for a better development experience: https://reactjs.org/link/react-devtools font-weight:bold @ http://localhost:5173/node_modules/.vite/deps/chunk-XPR23Y44.js?v=b7d368d5:21548
[  154152ms] [WARNING] ⚠️ React Router Future Flag Warning: React Router will begin wrapping state updates in `React.startTransition` in v7. You can use the `v7_startTransition` future flag to opt-in early. For more information, see https://reactrouter.com/v6/upgrading/future#v7_starttransition. @ http://localhost:5173/node_modules/.vite/deps/react-router-dom.js?v=c76998c8:4414
[  154152ms] [WARNING] ⚠️ React Router Future Flag Warning: Relative route resolution within Splat routes is changing in v7. You can use the `v7_relativeSplatPath` future flag to opt-in early. For more information, see https://reactrouter.com/v6/upgrading/future#v7_relativesplatpath. @ http://localhost:5173/node_modules/.vite/deps/react-router-dom.js?v=c76998c8:4414
[  155119ms] [INFO] %cDownload the React DevTools for a better development experience: https://reactjs.org/link/react-devtools font-weight:bold @ http://localhost:5173/node_modules/.vite/deps/chunk-XPR23Y44.js?v=b7d368d5:21548
[  155157ms] [WARNING] ⚠️ React Router Future Flag Warning: React Router will begin wrapping state updates in `React.startTransition` in v7. You can use the `v7_startTransition` future flag to opt-in early. For more information, see https://reactrouter.com/v6/upgrading/future#v7_starttransition. @ http://localhost:5173/node_modules/.vite/deps/react-router-dom.js?v=c76998c8:4414
[  155157ms] [WARNING] ⚠️ React Router Future Flag Warning: Relative route resolution within Splat routes is changing in v7. You can use the `v7_relativeSplatPath` future flag to opt-in early. For more information, see https://reactrouter.com/v6/upgrading/future#v7_relativesplatpath. @ http://localhost:5173/node_modules/.vite/deps/react-router-dom.js?v=c76998c8:4414
[  156142ms] [INFO] %cDownload the React DevTools for a better development experience: https://reactjs.org/link/react-devtools font-weight:bold @ http://localhost:5173/node_modules/.vite/deps/chunk-XPR23Y44.js?v=b7d368d5:21548
[  156174ms] [WARNING] ⚠️ React Router Future Flag Warning: React Router will begin wrapping state updates in `React.startTransition` in v7. You can use the `v7_startTransition` future flag to opt-in early. For more information, see https://reactrouter.com/v6/upgrading/future#v7_starttransition. @ http://localhost:5173/node_modules/.vite/deps/react-router-dom.js?v=c76998c8:4414
[  156175ms] [WARNING] ⚠️ React Router Future Flag Warning: Relative route resolution within Splat routes is changing in v7. You can use the `v7_relativeSplatPath` future flag to opt-in early. For more information, see https://reactrouter.com/v6/upgrading/future#v7_relativesplatpath. @ http://localhost:5173/node_modules/.vite/deps/react-router-dom.js?v=c76998c8:4414
[  157168ms] [INFO] %cDownload the React DevTools for a better development experience: https://reactjs.org/link/react-devtools font-weight:bold @ http://localhost:5173/node_modules/.vite/deps/chunk-XPR23Y44.js?v=b7d368d5:21548
[  157218ms] [WARNING] ⚠️ React Router Future Flag Warning: React Router will begin wrapping state updates in `React.startTransition` in v7. You can use the `v7_startTransition` future flag to opt-in early. For more information, see https://reactrouter.com/v6/upgrading/future#v7_starttransition. @ http://localhost:5173/node_modules/.vite/deps/react-router-dom.js?v=c76998c8:4414
[  157218ms] [WARNING] ⚠️ React Router Future Flag Warning: Relative route resolution within Splat routes is changing in v7. You can use the `v7_relativeSplatPath` future flag to opt-in early. For more information, see https://reactrouter.com/v6/upgrading/future#v7_relativesplatpath. @ http://localhost:5173/node_modules/.vite/deps/react-router-dom.js?v=c76998c8:4414
[  158191ms] [INFO] %cDownload the React DevTools for a better development experience: https://reactjs.org/link/react-devtools font-weight:bold @ http://localhost:5173/node_modules/.vite/deps/chunk-XPR23Y44.js?v=b7d368d5:21548
[  158216ms] [WARNING] ⚠️ React Router Future Flag Warning: React Router will begin wrapping state updates in `React.startTransition` in v7. You can use the `v7_startTransition` future flag to opt-in early. For more information, see https://reactrouter.com/v6/upgrading/future#v7_starttransition. @ http://localhost:5173/node_modules/.vite/deps/react-router-dom.js?v=c76998c8:4414
[  158216ms] [WARNING] ⚠️ React Router Future Flag Warning: Relative route resolution within Splat routes is changing in v7. You can use the `v7_relativeSplatPath` future flag to opt-in early. For more information, see https://reactrouter.com/v6/upgrading/future#v7_relativesplatpath. @ http://localhost:5173/node_modules/.vite/deps/react-router-dom.js?v=c76998c8:4414
[  159183ms] [INFO] %cDownload the React DevTools for a better development experience: https://reactjs.org/link/react-devtools font-weight:bold @ http://localhost:5173/node_modules/.vite/deps/chunk-XPR23Y44.js?v=b7d368d5:21548
[  159212ms] [WARNING] ⚠️ React Router Future Flag Warning: React Router will begin wrapping state updates in `React.startTransition` in v7. You can use the `v7_startTransition` future flag to opt-in early. For more information, see https://reactrouter.com/v6/upgrading/future#v7_starttransition. @ http://localhost:5173/node_modules/.vite/deps/react-router-dom.js?v=c76998c8:4414
[  159212ms] [WARNING] ⚠️ React Router Future Flag Warning: Relative route resolution within Splat routes is changing in v7. You can use the `v7_relativeSplatPath` future flag to opt-in early. For more information, see https://reactrouter.com/v6/upgrading/future#v7_relativesplatpath. @ http://localhost:5173/node_modules/.vite/deps/react-router-dom.js?v=c76998c8:4414
[  160221ms] [INFO] %cDownload the React DevTools for a better development experience: https://reactjs.org/link/react-devtools font-weight:bold @ http://localhost:5173/node_modules/.vite/deps/chunk-XPR23Y44.js?v=b7d368d5:21548
[  160249ms] [WARNING] ⚠️ React Router Future Flag Warning: React Router will begin wrapping state updates in `React.startTransition` in v7. You can use the `v7_startTransition` future flag to opt-in early. For more information, see https://reactrouter.com/v6/upgrading/future#v7_starttransition. @ http://localhost:5173/node_modules/.vite/deps/react-router-dom.js?v=c76998c8:4414
[  160249ms] [WARNING] ⚠️ React Router Future Flag Warning: Relative route resolution within Splat routes is changing in v7. You can use the `v7_relativeSplatPath` future flag to opt-in early. For more information, see https://reactrouter.com/v6/upgrading/future#v7_relativesplatpath. @ http://localhost:5173/node_modules/.vite/deps/react-router-dom.js?v=c76998c8:4414
[  161259ms] [INFO] %cDownload the React DevTools for a better development experience: https://reactjs.org/link/react-devtools font-weight:bold @ http://localhost:5173/node_modules/.vite/deps/chunk-XPR23Y44.js?v=b7d368d5:21548
[  161287ms] [WARNING] ⚠️ React Router Future Flag Warning: React Router will begin wrapping state updates in `React.startTransition` in v7. You can use the `v7_startTransition` future flag to opt-in early. For more information, see https://reactrouter.com/v6/upgrading/future#v7_starttransition. @ http://localhost:5173/node_modules/.vite/deps/react-router-dom.js?v=c76998c8:4414
[  161287ms] [WARNING] ⚠️ React Router Future Flag Warning: Relative route resolution within Splat routes is changing in v7. You can use the `v7_relativeSplatPath` future flag to opt-in early. For more information, see https://reactrouter.com/v6/upgrading/future#v7_relativesplatpath. @ http://localhost:5173/node_modules/.vite/deps/react-router-dom.js?v=c76998c8:4414
[  162314ms] [INFO] %cDownload the React DevTools for a better development experience: https://reactjs.org/link/react-devtools font-weight:bold @ http://localhost:5173/node_modules/.vite/deps/chunk-XPR23Y44.js?v=b7d368d5:21548
[  162338ms] [WARNING] ⚠️ React Router Future Flag Warning: React Router will begin wrapping state updates in `React.startTransition` in v7. You can use the `v7_startTransition` future flag to opt-in early. For more information, see https://reactrouter.com/v6/upgrading/future#v7_starttransition. @ http://localhost:5173/node_modules/.vite/deps/react-router-dom.js?v=c76998c8:4414
[  162338ms] [WARNING] ⚠️ React Router Future Flag Warning: Relative route resolution within Splat routes is changing in v7. You can use the `v7_relativeSplatPath` future flag to opt-in early. For more information, see https://reactrouter.com/v6/upgrading/future#v7_relativesplatpath. @ http://localhost:5173/node_modules/.vite/deps/react-router-dom.js?v=c76998c8:4414
[  163349ms] [INFO] %cDownload the React DevTools for a better development experience: https://reactjs.org/link/react-devtools font-weight:bold @ http://localhost:5173/node_modules/.vite/deps/chunk-XPR23Y44.js?v=b7d368d5:21548
[  163373ms] [WARNING] ⚠️ React Router Future Flag Warning: React Router will begin wrapping state updates in `React.startTransition` in v7. You can use the `v7_startTransition` future flag to opt-in early. For more information, see https://reactrouter.com/v6/upgrading/future#v7_starttransition. @ http://localhost:5173/node_modules/.vite/deps/react-router-dom.js?v=c76998c8:4414
[  163374ms] [WARNING] ⚠️ React Router Future Flag Warning: Relative route resolution within Splat routes is changing in v7. You can use the `v7_relativeSplatPath` future flag to opt-in early. For more information, see https://reactrouter.com/v6/upgrading/future#v7_relativesplatpath. @ http://localhost:5173/node_modules/.vite/deps/react-router-dom.js?v=c76998c8:4414
[  164404ms] [INFO] %cDownload the React DevTools for a better development experience: https://reactjs.org/link/react-devtools font-weight:bold @ http://localhost:5173/node_modules/.vite/deps/chunk-XPR23Y44.js?v=b7d368d5:21548
[  164430ms] [WARNING] ⚠️ React Router Future Flag Warning: React Router will begin wrapping state updates in `React.startTransition` in v7. You can use the `v7_startTransition` future flag to opt-in early. For more information, see https://reactrouter.com/v6/upgrading/future#v7_starttransition. @ http://localhost:5173/node_modules/.vite/deps/react-router-dom.js?v=c76998c8:4414
[  164431ms] [WARNING] ⚠️ React Router Future Flag Warning: Relative route resolution within Splat routes is changing in v7. You can use the `v7_relativeSplatPath` future flag to opt-in early. For more information, see https://reactrouter.com/v6/upgrading/future#v7_relativesplatpath. @ http://localhost:5173/node_modules/.vite/deps/react-router-dom.js?v=c76998c8:4414
[  165447ms] [INFO] %cDownload the React DevTools for a better development experience: https://reactjs.org/link/react-devtools font-weight:bold @ http://localhost:5173/node_modules/.vite/deps/chunk-XPR23Y44.js?v=b7d368d5:21548
[  165474ms] [WARNING] ⚠️ React Router Future Flag Warning: React Router will begin wrapping state updates in `React.startTransition` in v7. You can use the `v7_startTransition` future flag to opt-in early. For more information, see https://reactrouter.com/v6/upgrading/future#v7_starttransition. @ http://localhost:5173/node_modules/.vite/deps/react-router-dom.js?v=c76998c8:4414
[  165474ms] [WARNING] ⚠️ React Router Future Flag Warning: Relative route resolution within Splat routes is changing in v7. You can use the `v7_relativeSplatPath` future flag to opt-in early. For more information, see https://reactrouter.com/v6/upgrading/future#v7_relativesplatpath. @ http://localhost:5173/node_modules/.vite/deps/react-router-dom.js?v=c76998c8:4414
[  166485ms] [INFO] %cDownload the React DevTools for a better development experience: https://reactjs.org/link/react-devtools font-weight:bold @ http://localhost:5173/node_modules/.vite/deps/chunk-XPR23Y44.js?v=b7d368d5:21548
[  166511ms] [WARNING] ⚠️ React Router Future Flag Warning: React Router will begin wrapping state updates in `React.startTransition` in v7. You can use the `v7_startTransition` future flag to opt-in early. For more information, see https://reactrouter.com/v6/upgrading/future#v7_starttransition. @ http://localhost:5173/node_modules/.vite/deps/react-router-dom.js?v=c76998c8:4414
[  166512ms] [WARNING] ⚠️ React Router Future Flag Warning: Relative route resolution within Splat routes is changing in v7. You can use the `v7_relativeSplatPath` future flag to opt-in early. For more information, see https://reactrouter.com/v6/upgrading/future#v7_relativesplatpath. @ http://localhost:5173/node_modules/.vite/deps/react-router-dom.js?v=c76998c8:4414
[  167507ms] [INFO] %cDownload the React DevTools for a better development experience: https://reactjs.org/link/react-devtools font-weight:bold @ http://localhost:5173/node_modules/.vite/deps/chunk-XPR23Y44.js?v=b7d368d5:21548
[  167531ms] [WARNING] ⚠️ React Router Future Flag Warning: React Router will begin wrapping state updates in `React.startTransition` in v7. You can use the `v7_startTransition` future flag to opt-in early. For more information, see https://reactrouter.com/v6/upgrading/future#v7_starttransition. @ http://localhost:5173/node_modules/.vite/deps/react-router-dom.js?v=c76998c8:4414
[  167532ms] [WARNING] ⚠️ React Router Future Flag Warning: Relative route resolution within Splat routes is changing in v7. You can use the `v7_relativeSplatPath` future flag to opt-in early. For more information, see https://reactrouter.com/v6/upgrading/future#v7_relativesplatpath. @ http://localhost:5173/node_modules/.vite/deps/react-router-dom.js?v=c76998c8:4414
[  168584ms] [INFO] %cDownload the React DevTools for a better development experience: https://reactjs.org/link/react-devtools font-weight:bold @ http://localhost:5173/node_modules/.vite/deps/chunk-XPR23Y44.js?v=b7d368d5:21548
[  168623ms] [WARNING] ⚠️ React Router Future Flag Warning: React Router will begin wrapping state updates in `React.startTransition` in v7. You can use the `v7_startTransition` future flag to opt-in early. For more information, see https://reactrouter.com/v6/upgrading/future#v7_starttransition. @ http://localhost:5173/node_modules/.vite/deps/react-router-dom.js?v=c76998c8:4414
[  168624ms] [WARNING] ⚠️ React Router Future Flag Warning: Relative route resolution within Splat routes is changing in v7. You can use the `v7_relativeSplatPath` future flag to opt-in early. For more information, see https://reactrouter.com/v6/upgrading/future#v7_relativesplatpath. @ http://localhost:5173/node_modules/.vite/deps/react-router-dom.js?v=c76998c8:4414
[  169639ms] [INFO] %cDownload the React DevTools for a better development experience: https://reactjs.org/link/react-devtools font-weight:bold @ http://localhost:5173/node_modules/.vite/deps/chunk-XPR23Y44.js?v=b7d368d5:21548
[  169662ms] [WARNING] ⚠️ React Router Future Flag Warning: React Router will begin wrapping state updates in `React.startTransition` in v7. You can use the `v7_startTransition` future flag to opt-in early. For more information, see https://reactrouter.com/v6/upgrading/future#v7_starttransition. @ http://localhost:5173/node_modules/.vite/deps/react-router-dom.js?v=c76998c8:4414
[  169663ms] [WARNING] ⚠️ React Router Future Flag Warning: Relative route resolution within Splat routes is changing in v7. You can use the `v7_relativeSplatPath` future flag to opt-in early. For more information, see https://reactrouter.com/v6/upgrading/future#v7_relativesplatpath. @ http://localhost:5173/node_modules/.vite/deps/react-router-dom.js?v=c76998c8:4414
[  170690ms] [INFO] %cDownload the React DevTools for a better development experience: https://reactjs.org/link/react-devtools font-weight:bold @ http://localhost:5173/node_modules/.vite/deps/chunk-XPR23Y44.js?v=b7d368d5:21548
[  170714ms] [WARNING] ⚠️ React Router Future Flag Warning: React Router will begin wrapping state updates in `React.startTransition` in v7. You can use the `v7_startTransition` future flag to opt-in early. For more information, see https://reactrouter.com/v6/upgrading/future#v7_starttransition. @ http://localhost:5173/node_modules/.vite/deps/react-router-dom.js?v=c76998c8:4414
[  170715ms] [WARNING] ⚠️ React Router Future Flag Warning: Relative route resolution within Splat routes is changing in v7. You can use the `v7_relativeSplatPath` future flag to opt-in early. For more information, see https://reactrouter.com/v6/upgrading/future#v7_relativesplatpath. @ http://localhost:5173/node_modules/.vite/deps/react-router-dom.js?v=c76998c8:4414
[  171737ms] [INFO] %cDownload the React DevTools for a better development experience: https://reactjs.org/link/react-devtools font-weight:bold @ http://localhost:5173/node_modules/.vite/deps/chunk-XPR23Y44.js?v=b7d368d5:21548
[  171758ms] [WARNING] ⚠️ React Router Future Flag Warning: React Router will begin wrapping state updates in `React.startTransition` in v7. You can use the `v7_startTransition` future flag to opt-in early. For more information, see https://reactrouter.com/v6/upgrading/future#v7_starttransition. @ http://localhost:5173/node_modules/.vite/deps/react-router-dom.js?v=c76998c8:4414
[  171758ms] [WARNING] ⚠️ React Router Future Flag Warning: Relative route resolution within Splat routes is changing in v7. You can use the `v7_relativeSplatPath` future flag to opt-in early. For more information, see https://reactrouter.com/v6/upgrading/future#v7_relativesplatpath. @ http://localhost:5173/node_modules/.vite/deps/react-router-dom.js?v=c76998c8:4414
[  172779ms] [INFO] %cDownload the React DevTools for a better development experience: https://reactjs.org/link/react-devtools font-weight:bold @ http://localhost:5173/node_modules/.vite/deps/chunk-XPR23Y44.js?v=b7d368d5:21548
[  172799ms] [WARNING] ⚠️ React Router Future Flag Warning: React Router will begin wrapping state updates in `React.startTransition` in v7. You can use the `v7_startTransition` future flag to opt-in early. For more information, see https://reactrouter.com/v6/upgrading/future#v7_starttransition. @ http://localhost:5173/node_modules/.vite/deps/react-router-dom.js?v=c76998c8:4414
[  172800ms] [WARNING] ⚠️ React Router Future Flag Warning: Relative route resolution within Splat routes is changing in v7. You can use the `v7_relativeSplatPath` future flag to opt-in early. For more information, see https://reactrouter.com/v6/upgrading/future#v7_relativesplatpath. @ http://localhost:5173/node_modules/.vite/deps/react-router-dom.js?v=c76998c8:4414
[  173899ms] [INFO] %cDownload the React DevTools for a better development experience: https://reactjs.org/link/react-devtools font-weight:bold @ http://localhost:5173/node_modules/.vite/deps/chunk-XPR23Y44.js?v=b7d368d5:21548
[  173937ms] [WARNING] ⚠️ React Router Future Flag Warning: React Router will begin wrapping state updates in `React.startTransition` in v7. You can use the `v7_startTransition` future flag to opt-in early. For more information, see https://reactrouter.com/v6/upgrading/future#v7_starttransition. @ http://localhost:5173/node_modules/.vite/deps/react-router-dom.js?v=c76998c8:4414
[  173937ms] [WARNING] ⚠️ React Router Future Flag Warning: Relative route resolution within Splat routes is changing in v7. You can use the `v7_relativeSplatPath` future flag to opt-in early. For more information, see https://reactrouter.com/v6/upgrading/future#v7_relativesplatpath. @ http://localhost:5173/node_modules/.vite/deps/react-router-dom.js?v=c76998c8:4414
[  174892ms] [INFO] %cDownload the React DevTools for a better development experience: https://reactjs.org/link/react-devtools font-weight:bold @ http://localhost:5173/node_modules/.vite/deps/chunk-XPR23Y44.js?v=b7d368d5:21548
[  174919ms] [WARNING] ⚠️ React Router Future Flag Warning: React Router will begin wrapping state updates in `React.startTransition` in v7. You can use the `v7_startTransition` future flag to opt-in early. For more information, see https://reactrouter.com/v6/upgrading/future#v7_starttransition. @ http://localhost:5173/node_modules/.vite/deps/react-router-dom.js?v=c76998c8:4414
[  174919ms] [WARNING] ⚠️ React Router Future Flag Warning: Relative route resolution within Splat routes is changing in v7. You can use the `v7_relativeSplatPath` future flag to opt-in early. For more information, see https://reactrouter.com/v6/upgrading/future#v7_relativesplatpath. @ http://localhost:5173/node_modules/.vite/deps/react-router-dom.js?v=c76998c8:4414
[  175913ms] [INFO] %cDownload the React DevTools for a better development experience: https://reactjs.org/link/react-devtools font-weight:bold @ http://localhost:5173/node_modules/.vite/deps/chunk-XPR23Y44.js?v=b7d368d5:21548
[  176007ms] [WARNING] ⚠️ React Router Future Flag Warning: React Router will begin wrapping state updates in `React.startTransition` in v7. You can use the `v7_startTransition` future flag to opt-in early. For more information, see https://reactrouter.com/v6/upgrading/future#v7_starttransition. @ http://localhost:5173/node_modules/.vite/deps/react-router-dom.js?v=c76998c8:4414
[  176007ms] [WARNING] ⚠️ React Router Future Flag Warning: Relative route resolution within Splat routes is changing in v7. You can use the `v7_relativeSplatPath` future flag to opt-in early. For more information, see https://reactrouter.com/v6/upgrading/future#v7_relativesplatpath. @ http://localhost:5173/node_modules/.vite/deps/react-router-dom.js?v=c76998c8:4414
[  176906ms] [INFO] %cDownload the React DevTools for a better development experience: https://reactjs.org/link/react-devtools font-weight:bold @ http://localhost:5173/node_modules/.vite/deps/chunk-XPR23Y44.js?v=b7d368d5:21548
[  176939ms] [WARNING] ⚠️ React Router Future Flag Warning: React Router will begin wrapping state updates in `React.startTransition` in v7. You can use the `v7_startTransition` future flag to opt-in early. For more information, see https://reactrouter.com/v6/upgrading/future#v7_starttransition. @ http://localhost:5173/node_modules/.vite/deps/react-router-dom.js?v=c76998c8:4414
[  176939ms] [WARNING] ⚠️ React Router Future Flag Warning: Relative route resolution within Splat routes is changing in v7. You can use the `v7_relativeSplatPath` future flag to opt-in early. For more information, see https://reactrouter.com/v6/upgrading/future#v7_relativesplatpath. @ http://localhost:5173/node_modules/.vite/deps/react-router-dom.js?v=c76998c8:4414
[  177955ms] [INFO] %cDownload the React DevTools for a better development experience: https://reactjs.org/link/react-devtools font-weight:bold @ http://localhost:5173/node_modules/.vite/deps/chunk-XPR23Y44.js?v=b7d368d5:21548
[  177984ms] [WARNING] ⚠️ React Router Future Flag Warning: React Router will begin wrapping state updates in `React.startTransition` in v7. You can use the `v7_startTransition` future flag to opt-in early. For more information, see https://reactrouter.com/v6/upgrading/future#v7_starttransition. @ http://localhost:5173/node_modules/.vite/deps/react-router-dom.js?v=c76998c8:4414
[  177984ms] [WARNING] ⚠️ React Router Future Flag Warning: Relative route resolution within Splat routes is changing in v7. You can use the `v7_relativeSplatPath` future flag to opt-in early. For more information, see https://reactrouter.com/v6/upgrading/future#v7_relativesplatpath. @ http://localhost:5173/node_modules/.vite/deps/react-router-dom.js?v=c76998c8:4414
[  178996ms] [INFO] %cDownload the React DevTools for a better development experience: https://reactjs.org/link/react-devtools font-weight:bold @ http://localhost:5173/node_modules/.vite/deps/chunk-XPR23Y44.js?v=b7d368d5:21548
[  179033ms] [WARNING] ⚠️ React Router Future Flag Warning: React Router will begin wrapping state updates in `React.startTransition` in v7. You can use the `v7_startTransition` future flag to opt-in early. For more information, see https://reactrouter.com/v6/upgrading/future#v7_starttransition. @ http://localhost:5173/node_modules/.vite/deps/react-router-dom.js?v=c76998c8:4414
[  179033ms] [WARNING] ⚠️ React Router Future Flag Warning: Relative route resolution within Splat routes is changing in v7. You can use the `v7_relativeSplatPath` future flag to opt-in early. For more information, see https://reactrouter.com/v6/upgrading/future#v7_relativesplatpath. @ http://localhost:5173/node_modules/.vite/deps/react-router-dom.js?v=c76998c8:4414
[  179995ms] [INFO] %cDownload the React DevTools for a better development experience: https://reactjs.org/link/react-devtools font-weight:bold @ http://localhost:5173/node_modules/.vite/deps/chunk-XPR23Y44.js?v=b7d368d5:21548
[  180026ms] [WARNING] ⚠️ React Router Future Flag Warning: React Router will begin wrapping state updates in `React.startTransition` in v7. You can use the `v7_startTransition` future flag to opt-in early. For more information, see https://reactrouter.com/v6/upgrading/future#v7_starttransition. @ http://localhost:5173/node_modules/.vite/deps/react-router-dom.js?v=c76998c8:4414
[  180026ms] [WARNING] ⚠️ React Router Future Flag Warning: Relative route resolution within Splat routes is changing in v7. You can use the `v7_relativeSplatPath` future flag to opt-in early. For more information, see https://reactrouter.com/v6/upgrading/future#v7_relativesplatpath. @ http://localhost:5173/node_modules/.vite/deps/react-router-dom.js?v=c76998c8:4414
[  180984ms] [INFO] %cDownload the React DevTools for a better development experience: https://reactjs.org/link/react-devtools font-weight:bold @ http://localhost:5173/node_modules/.vite/deps/chunk-XPR23Y44.js?v=b7d368d5:21548
[  181011ms] [WARNING] ⚠️ React Router Future Flag Warning: React Router will begin wrapping state updates in `React.startTransition` in v7. You can use the `v7_startTransition` future flag to opt-in early. For more information, see https://reactrouter.com/v6/upgrading/future#v7_starttransition. @ http://localhost:5173/node_modules/.vite/deps/react-router-dom.js?v=c76998c8:4414
[  181011ms] [WARNING] ⚠️ React Router Future Flag Warning: Relative route resolution within Splat routes is changing in v7. You can use the `v7_relativeSplatPath` future flag to opt-in early. For more information, see https://reactrouter.com/v6/upgrading/future#v7_relativesplatpath. @ http://localhost:5173/node_modules/.vite/deps/react-router-dom.js?v=c76998c8:4414
[  182038ms] [INFO] %cDownload the React DevTools for a better development experience: https://reactjs.org/link/react-devtools font-weight:bold @ http://localhost:5173/node_modules/.vite/deps/chunk-XPR23Y44.js?v=b7d368d5:21548
[  182070ms] [WARNING] ⚠️ React Router Future Flag Warning: React Router will begin wrapping state updates in `React.startTransition` in v7. You can use the `v7_startTransition` future flag to opt-in early. For more information, see https://reactrouter.com/v6/upgrading/future#v7_starttransition. @ http://localhost:5173/node_modules/.vite/deps/react-router-dom.js?v=c76998c8:4414
[  182070ms] [WARNING] ⚠️ React Router Future Flag Warning: Relative route resolution within Splat routes is changing in v7. You can use the `v7_relativeSplatPath` future flag to opt-in early. For more information, see https://reactrouter.com/v6/upgrading/future#v7_relativesplatpath. @ http://localhost:5173/node_modules/.vite/deps/react-router-dom.js?v=c76998c8:4414
[  183121ms] [INFO] %cDownload the React DevTools for a better development experience: https://reactjs.org/link/react-devtools font-weight:bold @ http://localhost:5173/node_modules/.vite/deps/chunk-XPR23Y44.js?v=b7d368d5:21548
[  183148ms] [WARNING] ⚠️ React Router Future Flag Warning: React Router will begin wrapping state updates in `React.startTransition` in v7. You can use the `v7_startTransition` future flag to opt-in early. For more information, see https://reactrouter.com/v6/upgrading/future#v7_starttransition. @ http://localhost:5173/node_modules/.vite/deps/react-router-dom.js?v=c76998c8:4414
[  183148ms] [WARNING] ⚠️ React Router Future Flag Warning: Relative route resolution within Splat routes is changing in v7. You can use the `v7_relativeSplatPath` future flag to opt-in early. For more information, see https://reactrouter.com/v6/upgrading/future#v7_relativesplatpath. @ http://localhost:5173/node_modules/.vite/deps/react-router-dom.js?v=c76998c8:4414
[  184151ms] [INFO] %cDownload the React DevTools for a better development experience: https://reactjs.org/link/react-devtools font-weight:bold @ http://localhost:5173/node_modules/.vite/deps/chunk-XPR23Y44.js?v=b7d368d5:21548
[  184171ms] [WARNING] ⚠️ React Router Future Flag Warning: React Router will begin wrapping state updates in `React.startTransition` in v7. You can use the `v7_startTransition` future flag to opt-in early. For more information, see https://reactrouter.com/v6/upgrading/future#v7_starttransition. @ http://localhost:5173/node_modules/.vite/deps/react-router-dom.js?v=c76998c8:4414
[  184171ms] [WARNING] ⚠️ React Router Future Flag Warning: Relative route resolution within Splat routes is changing in v7. You can use the `v7_relativeSplatPath` future flag to opt-in early. For more information, see https://reactrouter.com/v6/upgrading/future#v7_relativesplatpath. @ http://localhost:5173/node_modules/.vite/deps/react-router-dom.js?v=c76998c8:4414
[  184292ms] [ERROR] Warning: Encountered two children with the same key, `%s`. Keys should be unique so that components maintain their identity across updates. Non-unique keys may cause children to be duplicated and/or omitted — the behavior is unsupported and could change in a future version.%s Smart Watch 
    at div
    at Breadcrumb (http://localhost:5173/src/components/Shared.jsx:649:30)
    at div
    at ProductDetail (http://localhost:5173/src/pages/ProductDetail.jsx:29:20)
    at RenderedRoute (http://localhost:5173/node_modules/.vite/deps/react-router-dom.js?v=c76998c8:4110:5)
    at Outlet (http://localhost:5173/node_modules/.vite/deps/react-router-dom.js?v=c76998c8:4516:26)
    at main
    at div
    at Layout (http://localhost:5173/src/components/Layout.jsx:626:27)
    at RenderedRoute (http://localhost:5173/node_modules/.vite/deps/react-router-dom.js?v=c76998c8:4110:5)
    at Routes (http://localhost:5173/node_modules/.vite/deps/react-router-dom.js?v=c76998c8:4580:5)
    at App
    at StoreProvider (http://localhost:5173/src/context/StoreContext.jsx:29:33)
    at Router (http://localhost:5173/node_modules/.vite/deps/react-router-dom.js?v=c76998c8:4523:15)
    at BrowserRouter (http://localhost:5173/node_modules/.vite/deps/react-router-dom.js?v=c76998c8:5261:5) @ http://localhost:5173/node_modules/.vite/deps/chunk-XPR23Y44.js?v=b7d368d5:518
[  184406ms] [ERROR] Warning: Encountered two children with the same key, `%s`. Keys should be unique so that components maintain their identity across updates. Non-unique keys may cause children to be duplicated and/or omitted — the behavior is unsupported and could change in a future version.%s Smart Watch 
    at div
    at Breadcrumb (http://localhost:5173/src/components/Shared.jsx:649:30)
    at div
    at ProductDetail (http://localhost:5173/src/pages/ProductDetail.jsx:29:20)
    at RenderedRoute (http://localhost:5173/node_modules/.vite/deps/react-router-dom.js?v=c76998c8:4110:5)
    at Outlet (http://localhost:5173/node_modules/.vite/deps/react-router-dom.js?v=c76998c8:4516:26)
    at main
    at div
    at Layout (http://localhost:5173/src/components/Layout.jsx:626:27)
    at RenderedRoute (http://localhost:5173/node_modules/.vite/deps/react-router-dom.js?v=c76998c8:4110:5)
    at Routes (http://localhost:5173/node_modules/.vite/deps/react-router-dom.js?v=c76998c8:4580:5)
    at App
    at StoreProvider (http://localhost:5173/src/context/StoreContext.jsx:29:33)
    at Router (http://localhost:5173/node_modules/.vite/deps/react-router-dom.js?v=c76998c8:4523:15)
    at BrowserRouter (http://localhost:5173/node_modules/.vite/deps/react-router-dom.js?v=c76998c8:5261:5) @ http://localhost:5173/node_modules/.vite/deps/chunk-XPR23Y44.js?v=b7d368d5:518
[  185166ms] [INFO] %cDownload the React DevTools for a better development experience: https://reactjs.org/link/react-devtools font-weight:bold @ http://localhost:5173/node_modules/.vite/deps/chunk-XPR23Y44.js?v=b7d368d5:21548
[  185189ms] [WARNING] ⚠️ React Router Future Flag Warning: React Router will begin wrapping state updates in `React.startTransition` in v7. You can use the `v7_startTransition` future flag to opt-in early. For more information, see https://reactrouter.com/v6/upgrading/future#v7_starttransition. @ http://localhost:5173/node_modules/.vite/deps/react-router-dom.js?v=c76998c8:4414
[  185189ms] [WARNING] ⚠️ React Router Future Flag Warning: Relative route resolution within Splat routes is changing in v7. You can use the `v7_relativeSplatPath` future flag to opt-in early. For more information, see https://reactrouter.com/v6/upgrading/future#v7_relativesplatpath. @ http://localhost:5173/node_modules/.vite/deps/react-router-dom.js?v=c76998c8:4414
[  185306ms] [ERROR] Warning: Encountered two children with the same key, `%s`. Keys should be unique so that components maintain their identity across updates. Non-unique keys may cause children to be duplicated and/or omitted — the behavior is unsupported and could change in a future version.%s Smart Watch 
    at div
    at Breadcrumb (http://localhost:5173/src/components/Shared.jsx:649:30)
    at div
    at ProductDetail (http://localhost:5173/src/pages/ProductDetail.jsx:29:20)
    at RenderedRoute (http://localhost:5173/node_modules/.vite/deps/react-router-dom.js?v=c76998c8:4110:5)
    at Outlet (http://localhost:5173/node_modules/.vite/deps/react-router-dom.js?v=c76998c8:4516:26)
    at main
    at div
    at Layout (http://localhost:5173/src/components/Layout.jsx:626:27)
    at RenderedRoute (http://localhost:5173/node_modules/.vite/deps/react-router-dom.js?v=c76998c8:4110:5)
    at Routes (http://localhost:5173/node_modules/.vite/deps/react-router-dom.js?v=c76998c8:4580:5)
    at App
    at StoreProvider (http://localhost:5173/src/context/StoreContext.jsx:29:33)
    at Router (http://localhost:5173/node_modules/.vite/deps/react-router-dom.js?v=c76998c8:4523:15)
    at BrowserRouter (http://localhost:5173/node_modules/.vite/deps/react-router-dom.js?v=c76998c8:5261:5) @ http://localhost:5173/node_modules/.vite/deps/chunk-XPR23Y44.js?v=b7d368d5:518
[  185416ms] [ERROR] Warning: Encountered two children with the same key, `%s`. Keys should be unique so that components maintain their identity across updates. Non-unique keys may cause children to be duplicated and/or omitted — the behavior is unsupported and could change in a future version.%s Smart Watch 
    at div
    at Breadcrumb (http://localhost:5173/src/components/Shared.jsx:649:30)
    at div
    at ProductDetail (http://localhost:5173/src/pages/ProductDetail.jsx:29:20)
    at RenderedRoute (http://localhost:5173/node_modules/.vite/deps/react-router-dom.js?v=c76998c8:4110:5)
    at Outlet (http://localhost:5173/node_modules/.vite/deps/react-router-dom.js?v=c76998c8:4516:26)
    at main
    at div
    at Layout (http://localhost:5173/src/components/Layout.jsx:626:27)
    at RenderedRoute (http://localhost:5173/node_modules/.vite/deps/react-router-dom.js?v=c76998c8:4110:5)
    at Routes (http://localhost:5173/node_modules/.vite/deps/react-router-dom.js?v=c76998c8:4580:5)
    at App
    at StoreProvider (http://localhost:5173/src/context/StoreContext.jsx:29:33)
    at Router (http://localhost:5173/node_modules/.vite/deps/react-router-dom.js?v=c76998c8:4523:15)
    at BrowserRouter (http://localhost:5173/node_modules/.vite/deps/react-router-dom.js?v=c76998c8:5261:5) @ http://localhost:5173/node_modules/.vite/deps/chunk-XPR23Y44.js?v=b7d368d5:518
[  186183ms] [INFO] %cDownload the React DevTools for a better development experience: https://reactjs.org/link/react-devtools font-weight:bold @ http://localhost:5173/node_modules/.vite/deps/chunk-XPR23Y44.js?v=b7d368d5:21548
[  186204ms] [WARNING] ⚠️ React Router Future Flag Warning: React Router will begin wrapping state updates in `React.startTransition` in v7. You can use the `v7_startTransition` future flag to opt-in early. For more information, see https://reactrouter.com/v6/upgrading/future#v7_starttransition. @ http://localhost:5173/node_modules/.vite/deps/react-router-dom.js?v=c76998c8:4414
[  186204ms] [WARNING] ⚠️ React Router Future Flag Warning: Relative route resolution within Splat routes is changing in v7. You can use the `v7_relativeSplatPath` future flag to opt-in early. For more information, see https://reactrouter.com/v6/upgrading/future#v7_relativesplatpath. @ http://localhost:5173/node_modules/.vite/deps/react-router-dom.js?v=c76998c8:4414
[  186323ms] [ERROR] Warning: Encountered two children with the same key, `%s`. Keys should be unique so that components maintain their identity across updates. Non-unique keys may cause children to be duplicated and/or omitted — the behavior is unsupported and could change in a future version.%s Smart Watch 
    at div
    at Breadcrumb (http://localhost:5173/src/components/Shared.jsx:649:30)
    at div
    at ProductDetail (http://localhost:5173/src/pages/ProductDetail.jsx:29:20)
    at RenderedRoute (http://localhost:5173/node_modules/.vite/deps/react-router-dom.js?v=c76998c8:4110:5)
    at Outlet (http://localhost:5173/node_modules/.vite/deps/react-router-dom.js?v=c76998c8:4516:26)
    at main
    at div
    at Layout (http://localhost:5173/src/components/Layout.jsx:626:27)
    at RenderedRoute (http://localhost:5173/node_modules/.vite/deps/react-router-dom.js?v=c76998c8:4110:5)
    at Routes (http://localhost:5173/node_modules/.vite/deps/react-router-dom.js?v=c76998c8:4580:5)
    at App
    at StoreProvider (http://localhost:5173/src/context/StoreContext.jsx:29:33)
    at Router (http://localhost:5173/node_modules/.vite/deps/react-router-dom.js?v=c76998c8:4523:15)
    at BrowserRouter (http://localhost:5173/node_modules/.vite/deps/react-router-dom.js?v=c76998c8:5261:5) @ http://localhost:5173/node_modules/.vite/deps/chunk-XPR23Y44.js?v=b7d368d5:518
[  186434ms] [ERROR] Warning: Encountered two children with the same key, `%s`. Keys should be unique so that components maintain their identity across updates. Non-unique keys may cause children to be duplicated and/or omitted — the behavior is unsupported and could change in a future version.%s Smart Watch 
    at div
    at Breadcrumb (http://localhost:5173/src/components/Shared.jsx:649:30)
    at div
    at ProductDetail (http://localhost:5173/src/pages/ProductDetail.jsx:29:20)
    at RenderedRoute (http://localhost:5173/node_modules/.vite/deps/react-router-dom.js?v=c76998c8:4110:5)
    at Outlet (http://localhost:5173/node_modules/.vite/deps/react-router-dom.js?v=c76998c8:4516:26)
    at main
    at div
    at Layout (http://localhost:5173/src/components/Layout.jsx:626:27)
    at RenderedRoute (http://localhost:5173/node_modules/.vite/deps/react-router-dom.js?v=c76998c8:4110:5)
    at Routes (http://localhost:5173/node_modules/.vite/deps/react-router-dom.js?v=c76998c8:4580:5)
    at App
    at StoreProvider (http://localhost:5173/src/context/StoreContext.jsx:29:33)
    at Router (http://localhost:5173/node_modules/.vite/deps/react-router-dom.js?v=c76998c8:4523:15)
    at BrowserRouter (http://localhost:5173/node_modules/.vite/deps/react-router-dom.js?v=c76998c8:5261:5) @ http://localhost:5173/node_modules/.vite/deps/chunk-XPR23Y44.js?v=b7d368d5:518
[  187157ms] [INFO] %cDownload the React DevTools for a better development experience: https://reactjs.org/link/react-devtools font-weight:bold @ http://localhost:5173/node_modules/.vite/deps/chunk-XPR23Y44.js?v=b7d368d5:21548
[  187182ms] [WARNING] ⚠️ React Router Future Flag Warning: React Router will begin wrapping state updates in `React.startTransition` in v7. You can use the `v7_startTransition` future flag to opt-in early. For more information, see https://reactrouter.com/v6/upgrading/future#v7_starttransition. @ http://localhost:5173/node_modules/.vite/deps/react-router-dom.js?v=c76998c8:4414
[  187183ms] [WARNING] ⚠️ React Router Future Flag Warning: Relative route resolution within Splat routes is changing in v7. You can use the `v7_relativeSplatPath` future flag to opt-in early. For more information, see https://reactrouter.com/v6/upgrading/future#v7_relativesplatpath. @ http://localhost:5173/node_modules/.vite/deps/react-router-dom.js?v=c76998c8:4414
[  187321ms] [ERROR] Warning: Encountered two children with the same key, `%s`. Keys should be unique so that components maintain their identity across updates. Non-unique keys may cause children to be duplicated and/or omitted — the behavior is unsupported and could change in a future version.%s Smart Watch 
    at div
    at Breadcrumb (http://localhost:5173/src/components/Shared.jsx:649:30)
    at div
    at ProductDetail (http://localhost:5173/src/pages/ProductDetail.jsx:29:20)
    at RenderedRoute (http://localhost:5173/node_modules/.vite/deps/react-router-dom.js?v=c76998c8:4110:5)
    at Outlet (http://localhost:5173/node_modules/.vite/deps/react-router-dom.js?v=c76998c8:4516:26)
    at main
    at div
    at Layout (http://localhost:5173/src/components/Layout.jsx:626:27)
    at RenderedRoute (http://localhost:5173/node_modules/.vite/deps/react-router-dom.js?v=c76998c8:4110:5)
    at Routes (http://localhost:5173/node_modules/.vite/deps/react-router-dom.js?v=c76998c8:4580:5)
    at App
    at StoreProvider (http://localhost:5173/src/context/StoreContext.jsx:29:33)
    at Router (http://localhost:5173/node_modules/.vite/deps/react-router-dom.js?v=c76998c8:4523:15)
    at BrowserRouter (http://localhost:5173/node_modules/.vite/deps/react-router-dom.js?v=c76998c8:5261:5) @ http://localhost:5173/node_modules/.vite/deps/chunk-XPR23Y44.js?v=b7d368d5:518
[  187955ms] [ERROR] Warning: Encountered two children with the same key, `%s`. Keys should be unique so that components maintain their identity across updates. Non-unique keys may cause children to be duplicated and/or omitted — the behavior is unsupported and could change in a future version.%s Smart Watch 
    at div
    at Breadcrumb (http://localhost:5173/src/components/Shared.jsx:649:30)
    at div
    at ProductDetail (http://localhost:5173/src/pages/ProductDetail.jsx:29:20)
    at RenderedRoute (http://localhost:5173/node_modules/.vite/deps/react-router-dom.js?v=c76998c8:4110:5)
    at Outlet (http://localhost:5173/node_modules/.vite/deps/react-router-dom.js?v=c76998c8:4516:26)
    at main
    at div
    at Layout (http://localhost:5173/src/components/Layout.jsx:626:27)
    at RenderedRoute (http://localhost:5173/node_modules/.vite/deps/react-router-dom.js?v=c76998c8:4110:5)
    at Routes (http://localhost:5173/node_modules/.vite/deps/react-router-dom.js?v=c76998c8:4580:5)
    at App
    at StoreProvider (http://localhost:5173/src/context/StoreContext.jsx:29:33)
    at Router (http://localhost:5173/node_modules/.vite/deps/react-router-dom.js?v=c76998c8:4523:15)
    at BrowserRouter (http://localhost:5173/node_modules/.vite/deps/react-router-dom.js?v=c76998c8:5261:5) @ http://localhost:5173/node_modules/.vite/deps/chunk-XPR23Y44.js?v=b7d368d5:518
[  188145ms] [INFO] %cDownload the React DevTools for a better development experience: https://reactjs.org/link/react-devtools font-weight:bold @ http://localhost:5173/node_modules/.vite/deps/chunk-XPR23Y44.js?v=b7d368d5:21548
[  188170ms] [WARNING] ⚠️ React Router Future Flag Warning: React Router will begin wrapping state updates in `React.startTransition` in v7. You can use the `v7_startTransition` future flag to opt-in early. For more information, see https://reactrouter.com/v6/upgrading/future#v7_starttransition. @ http://localhost:5173/node_modules/.vite/deps/react-router-dom.js?v=c76998c8:4414
[  188170ms] [WARNING] ⚠️ React Router Future Flag Warning: Relative route resolution within Splat routes is changing in v7. You can use the `v7_relativeSplatPath` future flag to opt-in early. For more information, see https://reactrouter.com/v6/upgrading/future#v7_relativesplatpath. @ http://localhost:5173/node_modules/.vite/deps/react-router-dom.js?v=c76998c8:4414
[  188547ms] [ERROR] Warning: Encountered two children with the same key, `%s`. Keys should be unique so that components maintain their identity across updates. Non-unique keys may cause children to be duplicated and/or omitted — the behavior is unsupported and could change in a future version.%s Smart Watch 
    at div
    at Breadcrumb (http://localhost:5173/src/components/Shared.jsx:649:30)
    at div
    at ProductDetail (http://localhost:5173/src/pages/ProductDetail.jsx:29:20)
    at RenderedRoute (http://localhost:5173/node_modules/.vite/deps/react-router-dom.js?v=c76998c8:4110:5)
    at Outlet (http://localhost:5173/node_modules/.vite/deps/react-router-dom.js?v=c76998c8:4516:26)
    at main
    at div
    at Layout (http://localhost:5173/src/components/Layout.jsx:626:27)
    at RenderedRoute (http://localhost:5173/node_modules/.vite/deps/react-router-dom.js?v=c76998c8:4110:5)
    at Routes (http://localhost:5173/node_modules/.vite/deps/react-router-dom.js?v=c76998c8:4580:5)
    at App
    at StoreProvider (http://localhost:5173/src/context/StoreContext.jsx:29:33)
    at Router (http://localhost:5173/node_modules/.vite/deps/react-router-dom.js?v=c76998c8:4523:15)
    at BrowserRouter (http://localhost:5173/node_modules/.vite/deps/react-router-dom.js?v=c76998c8:5261:5) @ http://localhost:5173/node_modules/.vite/deps/chunk-XPR23Y44.js?v=b7d368d5:518
[  188656ms] [ERROR] Warning: Encountered two children with the same key, `%s`. Keys should be unique so that components maintain their identity across updates. Non-unique keys may cause children to be duplicated and/or omitted — the behavior is unsupported and could change in a future version.%s Smart Watch 
    at div
    at Breadcrumb (http://localhost:5173/src/components/Shared.jsx:649:30)
    at div
    at ProductDetail (http://localhost:5173/src/pages/ProductDetail.jsx:29:20)
    at RenderedRoute (http://localhost:5173/node_modules/.vite/deps/react-router-dom.js?v=c76998c8:4110:5)
    at Outlet (http://localhost:5173/node_modules/.vite/deps/react-router-dom.js?v=c76998c8:4516:26)
    at main
    at div
    at Layout (http://localhost:5173/src/components/Layout.jsx:626:27)
    at RenderedRoute (http://localhost:5173/node_modules/.vite/deps/react-router-dom.js?v=c76998c8:4110:5)
    at Routes (http://localhost:5173/node_modules/.vite/deps/react-router-dom.js?v=c76998c8:4580:5)
    at App
    at StoreProvider (http://localhost:5173/src/context/StoreContext.jsx:29:33)
    at Router (http://localhost:5173/node_modules/.vite/deps/react-router-dom.js?v=c76998c8:4523:15)
    at BrowserRouter (http://localhost:5173/node_modules/.vite/deps/react-router-dom.js?v=c76998c8:5261:5) @ http://localhost:5173/node_modules/.vite/deps/chunk-XPR23Y44.js?v=b7d368d5:518
[  189148ms] [INFO] %cDownload the React DevTools for a better development experience: https://reactjs.org/link/react-devtools font-weight:bold @ http://localhost:5173/node_modules/.vite/deps/chunk-XPR23Y44.js?v=b7d368d5:21548
[  189169ms] [WARNING] ⚠️ React Router Future Flag Warning: React Router will begin wrapping state updates in `React.startTransition` in v7. You can use the `v7_startTransition` future flag to opt-in early. For more information, see https://reactrouter.com/v6/upgrading/future#v7_starttransition. @ http://localhost:5173/node_modules/.vite/deps/react-router-dom.js?v=c76998c8:4414
[  189169ms] [WARNING] ⚠️ React Router Future Flag Warning: Relative route resolution within Splat routes is changing in v7. You can use the `v7_relativeSplatPath` future flag to opt-in early. For more information, see https://reactrouter.com/v6/upgrading/future#v7_relativesplatpath. @ http://localhost:5173/node_modules/.vite/deps/react-router-dom.js?v=c76998c8:4414
[  189544ms] [ERROR] Warning: Encountered two children with the same key, `%s`. Keys should be unique so that components maintain their identity across updates. Non-unique keys may cause children to be duplicated and/or omitted — the behavior is unsupported and could change in a future version.%s Smart Watch 
    at div
    at Breadcrumb (http://localhost:5173/src/components/Shared.jsx:649:30)
    at div
    at ProductDetail (http://localhost:5173/src/pages/ProductDetail.jsx:29:20)
    at RenderedRoute (http://localhost:5173/node_modules/.vite/deps/react-router-dom.js?v=c76998c8:4110:5)
    at Outlet (http://localhost:5173/node_modules/.vite/deps/react-router-dom.js?v=c76998c8:4516:26)
    at main
    at div
    at Layout (http://localhost:5173/src/components/Layout.jsx:626:27)
    at RenderedRoute (http://localhost:5173/node_modules/.vite/deps/react-router-dom.js?v=c76998c8:4110:5)
    at Routes (http://localhost:5173/node_modules/.vite/deps/react-router-dom.js?v=c76998c8:4580:5)
    at App
    at StoreProvider (http://localhost:5173/src/context/StoreContext.jsx:29:33)
    at Router (http://localhost:5173/node_modules/.vite/deps/react-router-dom.js?v=c76998c8:4523:15)
    at BrowserRouter (http://localhost:5173/node_modules/.vite/deps/react-router-dom.js?v=c76998c8:5261:5) @ http://localhost:5173/node_modules/.vite/deps/chunk-XPR23Y44.js?v=b7d368d5:518
[  189655ms] [ERROR] Warning: Encountered two children with the same key, `%s`. Keys should be unique so that components maintain their identity across updates. Non-unique keys may cause children to be duplicated and/or omitted — the behavior is unsupported and could change in a future version.%s Smart Watch 
    at div
    at Breadcrumb (http://localhost:5173/src/components/Shared.jsx:649:30)
    at div
    at ProductDetail (http://localhost:5173/src/pages/ProductDetail.jsx:29:20)
    at RenderedRoute (http://localhost:5173/node_modules/.vite/deps/react-router-dom.js?v=c76998c8:4110:5)
    at Outlet (http://localhost:5173/node_modules/.vite/deps/react-router-dom.js?v=c76998c8:4516:26)
    at main
    at div
    at Layout (http://localhost:5173/src/components/Layout.jsx:626:27)
    at RenderedRoute (http://localhost:5173/node_modules/.vite/deps/react-router-dom.js?v=c76998c8:4110:5)
    at Routes (http://localhost:5173/node_modules/.vite/deps/react-router-dom.js?v=c76998c8:4580:5)
    at App
    at StoreProvider (http://localhost:5173/src/context/StoreContext.jsx:29:33)
    at Router (http://localhost:5173/node_modules/.vite/deps/react-router-dom.js?v=c76998c8:4523:15)
    at BrowserRouter (http://localhost:5173/node_modules/.vite/deps/react-router-dom.js?v=c76998c8:5261:5) @ http://localhost:5173/node_modules/.vite/deps/chunk-XPR23Y44.js?v=b7d368d5:518
[  190131ms] [INFO] %cDownload the React DevTools for a better development experience: https://reactjs.org/link/react-devtools font-weight:bold @ http://localhost:5173/node_modules/.vite/deps/chunk-XPR23Y44.js?v=b7d368d5:21548
[  190151ms] [WARNING] ⚠️ React Router Future Flag Warning: React Router will begin wrapping state updates in `React.startTransition` in v7. You can use the `v7_startTransition` future flag to opt-in early. For more information, see https://reactrouter.com/v6/upgrading/future#v7_starttransition. @ http://localhost:5173/node_modules/.vite/deps/react-router-dom.js?v=c76998c8:4414
[  190151ms] [WARNING] ⚠️ React Router Future Flag Warning: Relative route resolution within Splat routes is changing in v7. You can use the `v7_relativeSplatPath` future flag to opt-in early. For more information, see https://reactrouter.com/v6/upgrading/future#v7_relativesplatpath. @ http://localhost:5173/node_modules/.vite/deps/react-router-dom.js?v=c76998c8:4414
[  190269ms] [ERROR] Warning: Encountered two children with the same key, `%s`. Keys should be unique so that components maintain their identity across updates. Non-unique keys may cause children to be duplicated and/or omitted — the behavior is unsupported and could change in a future version.%s Smart Watch 
    at div
    at Breadcrumb (http://localhost:5173/src/components/Shared.jsx:649:30)
    at div
    at ProductDetail (http://localhost:5173/src/pages/ProductDetail.jsx:29:20)
    at RenderedRoute (http://localhost:5173/node_modules/.vite/deps/react-router-dom.js?v=c76998c8:4110:5)
    at Outlet (http://localhost:5173/node_modules/.vite/deps/react-router-dom.js?v=c76998c8:4516:26)
    at main
    at div
    at Layout (http://localhost:5173/src/components/Layout.jsx:626:27)
    at RenderedRoute (http://localhost:5173/node_modules/.vite/deps/react-router-dom.js?v=c76998c8:4110:5)
    at Routes (http://localhost:5173/node_modules/.vite/deps/react-router-dom.js?v=c76998c8:4580:5)
    at App
    at StoreProvider (http://localhost:5173/src/context/StoreContext.jsx:29:33)
    at Router (http://localhost:5173/node_modules/.vite/deps/react-router-dom.js?v=c76998c8:4523:15)
    at BrowserRouter (http://localhost:5173/node_modules/.vite/deps/react-router-dom.js?v=c76998c8:5261:5) @ http://localhost:5173/node_modules/.vite/deps/chunk-XPR23Y44.js?v=b7d368d5:518
[  190379ms] [ERROR] Warning: Encountered two children with the same key, `%s`. Keys should be unique so that components maintain their identity across updates. Non-unique keys may cause children to be duplicated and/or omitted — the behavior is unsupported and could change in a future version.%s Smart Watch 
    at div
    at Breadcrumb (http://localhost:5173/src/components/Shared.jsx:649:30)
    at div
    at ProductDetail (http://localhost:5173/src/pages/ProductDetail.jsx:29:20)
    at RenderedRoute (http://localhost:5173/node_modules/.vite/deps/react-router-dom.js?v=c76998c8:4110:5)
    at Outlet (http://localhost:5173/node_modules/.vite/deps/react-router-dom.js?v=c76998c8:4516:26)
    at main
    at div
    at Layout (http://localhost:5173/src/components/Layout.jsx:626:27)
    at RenderedRoute (http://localhost:5173/node_modules/.vite/deps/react-router-dom.js?v=c76998c8:4110:5)
    at Routes (http://localhost:5173/node_modules/.vite/deps/react-router-dom.js?v=c76998c8:4580:5)
    at App
    at StoreProvider (http://localhost:5173/src/context/StoreContext.jsx:29:33)
    at Router (http://localhost:5173/node_modules/.vite/deps/react-router-dom.js?v=c76998c8:4523:15)
    at BrowserRouter (http://localhost:5173/node_modules/.vite/deps/react-router-dom.js?v=c76998c8:5261:5) @ http://localhost:5173/node_modules/.vite/deps/chunk-XPR23Y44.js?v=b7d368d5:518
[  191114ms] [INFO] %cDownload the React DevTools for a better development experience: https://reactjs.org/link/react-devtools font-weight:bold @ http://localhost:5173/node_modules/.vite/deps/chunk-XPR23Y44.js?v=b7d368d5:21548
[  191135ms] [WARNING] ⚠️ React Router Future Flag Warning: React Router will begin wrapping state updates in `React.startTransition` in v7. You can use the `v7_startTransition` future flag to opt-in early. For more information, see https://reactrouter.com/v6/upgrading/future#v7_starttransition. @ http://localhost:5173/node_modules/.vite/deps/react-router-dom.js?v=c76998c8:4414
[  191135ms] [WARNING] ⚠️ React Router Future Flag Warning: Relative route resolution within Splat routes is changing in v7. You can use the `v7_relativeSplatPath` future flag to opt-in early. For more information, see https://reactrouter.com/v6/upgrading/future#v7_relativesplatpath. @ http://localhost:5173/node_modules/.vite/deps/react-router-dom.js?v=c76998c8:4414
[  191254ms] [ERROR] Warning: Encountered two children with the same key, `%s`. Keys should be unique so that components maintain their identity across updates. Non-unique keys may cause children to be duplicated and/or omitted — the behavior is unsupported and could change in a future version.%s Smart Watch 
    at div
    at Breadcrumb (http://localhost:5173/src/components/Shared.jsx:649:30)
    at div
    at ProductDetail (http://localhost:5173/src/pages/ProductDetail.jsx:29:20)
    at RenderedRoute (http://localhost:5173/node_modules/.vite/deps/react-router-dom.js?v=c76998c8:4110:5)
    at Outlet (http://localhost:5173/node_modules/.vite/deps/react-router-dom.js?v=c76998c8:4516:26)
    at main
    at div
    at Layout (http://localhost:5173/src/components/Layout.jsx:626:27)
    at RenderedRoute (http://localhost:5173/node_modules/.vite/deps/react-router-dom.js?v=c76998c8:4110:5)
    at Routes (http://localhost:5173/node_modules/.vite/deps/react-router-dom.js?v=c76998c8:4580:5)
    at App
    at StoreProvider (http://localhost:5173/src/context/StoreContext.jsx:29:33)
    at Router (http://localhost:5173/node_modules/.vite/deps/react-router-dom.js?v=c76998c8:4523:15)
    at BrowserRouter (http://localhost:5173/node_modules/.vite/deps/react-router-dom.js?v=c76998c8:5261:5) @ http://localhost:5173/node_modules/.vite/deps/chunk-XPR23Y44.js?v=b7d368d5:518
[  191365ms] [ERROR] Warning: Encountered two children with the same key, `%s`. Keys should be unique so that components maintain their identity across updates. Non-unique keys may cause children to be duplicated and/or omitted — the behavior is unsupported and could change in a future version.%s Smart Watch 
    at div
    at Breadcrumb (http://localhost:5173/src/components/Shared.jsx:649:30)
    at div
    at ProductDetail (http://localhost:5173/src/pages/ProductDetail.jsx:29:20)
    at RenderedRoute (http://localhost:5173/node_modules/.vite/deps/react-router-dom.js?v=c76998c8:4110:5)
    at Outlet (http://localhost:5173/node_modules/.vite/deps/react-router-dom.js?v=c76998c8:4516:26)
    at main
    at div
    at Layout (http://localhost:5173/src/components/Layout.jsx:626:27)
    at RenderedRoute (http://localhost:5173/node_modules/.vite/deps/react-router-dom.js?v=c76998c8:4110:5)
    at Routes (http://localhost:5173/node_modules/.vite/deps/react-router-dom.js?v=c76998c8:4580:5)
    at App
    at StoreProvider (http://localhost:5173/src/context/StoreContext.jsx:29:33)
    at Router (http://localhost:5173/node_modules/.vite/deps/react-router-dom.js?v=c76998c8:4523:15)
    at BrowserRouter (http://localhost:5173/node_modules/.vite/deps/react-router-dom.js?v=c76998c8:5261:5) @ http://localhost:5173/node_modules/.vite/deps/chunk-XPR23Y44.js?v=b7d368d5:518
[  192083ms] [INFO] %cDownload the React DevTools for a better development experience: https://reactjs.org/link/react-devtools font-weight:bold @ http://localhost:5173/node_modules/.vite/deps/chunk-XPR23Y44.js?v=b7d368d5:21548
[  192104ms] [WARNING] ⚠️ React Router Future Flag Warning: React Router will begin wrapping state updates in `React.startTransition` in v7. You can use the `v7_startTransition` future flag to opt-in early. For more information, see https://reactrouter.com/v6/upgrading/future#v7_starttransition. @ http://localhost:5173/node_modules/.vite/deps/react-router-dom.js?v=c76998c8:4414
[  192104ms] [WARNING] ⚠️ React Router Future Flag Warning: Relative route resolution within Splat routes is changing in v7. You can use the `v7_relativeSplatPath` future flag to opt-in early. For more information, see https://reactrouter.com/v6/upgrading/future#v7_relativesplatpath. @ http://localhost:5173/node_modules/.vite/deps/react-router-dom.js?v=c76998c8:4414
[  192225ms] [ERROR] Warning: Encountered two children with the same key, `%s`. Keys should be unique so that components maintain their identity across updates. Non-unique keys may cause children to be duplicated and/or omitted — the behavior is unsupported and could change in a future version.%s Smart Watch 
    at div
    at Breadcrumb (http://localhost:5173/src/components/Shared.jsx:649:30)
    at div
    at ProductDetail (http://localhost:5173/src/pages/ProductDetail.jsx:29:20)
    at RenderedRoute (http://localhost:5173/node_modules/.vite/deps/react-router-dom.js?v=c76998c8:4110:5)
    at Outlet (http://localhost:5173/node_modules/.vite/deps/react-router-dom.js?v=c76998c8:4516:26)
    at main
    at div
    at Layout (http://localhost:5173/src/components/Layout.jsx:626:27)
    at RenderedRoute (http://localhost:5173/node_modules/.vite/deps/react-router-dom.js?v=c76998c8:4110:5)
    at Routes (http://localhost:5173/node_modules/.vite/deps/react-router-dom.js?v=c76998c8:4580:5)
    at App
    at StoreProvider (http://localhost:5173/src/context/StoreContext.jsx:29:33)
    at Router (http://localhost:5173/node_modules/.vite/deps/react-router-dom.js?v=c76998c8:4523:15)
    at BrowserRouter (http://localhost:5173/node_modules/.vite/deps/react-router-dom.js?v=c76998c8:5261:5) @ http://localhost:5173/node_modules/.vite/deps/chunk-XPR23Y44.js?v=b7d368d5:518
[  192335ms] [ERROR] Warning: Encountered two children with the same key, `%s`. Keys should be unique so that components maintain their identity across updates. Non-unique keys may cause children to be duplicated and/or omitted — the behavior is unsupported and could change in a future version.%s Smart Watch 
    at div
    at Breadcrumb (http://localhost:5173/src/components/Shared.jsx:649:30)
    at div
    at ProductDetail (http://localhost:5173/src/pages/ProductDetail.jsx:29:20)
    at RenderedRoute (http://localhost:5173/node_modules/.vite/deps/react-router-dom.js?v=c76998c8:4110:5)
    at Outlet (http://localhost:5173/node_modules/.vite/deps/react-router-dom.js?v=c76998c8:4516:26)
    at main
    at div
    at Layout (http://localhost:5173/src/components/Layout.jsx:626:27)
    at RenderedRoute (http://localhost:5173/node_modules/.vite/deps/react-router-dom.js?v=c76998c8:4110:5)
    at Routes (http://localhost:5173/node_modules/.vite/deps/react-router-dom.js?v=c76998c8:4580:5)
    at App
    at StoreProvider (http://localhost:5173/src/context/StoreContext.jsx:29:33)
    at Router (http://localhost:5173/node_modules/.vite/deps/react-router-dom.js?v=c76998c8:4523:15)
    at BrowserRouter (http://localhost:5173/node_modules/.vite/deps/react-router-dom.js?v=c76998c8:5261:5) @ http://localhost:5173/node_modules/.vite/deps/chunk-XPR23Y44.js?v=b7d368d5:518
[  193060ms] [INFO] %cDownload the React DevTools for a better development experience: https://reactjs.org/link/react-devtools font-weight:bold @ http://localhost:5173/node_modules/.vite/deps/chunk-XPR23Y44.js?v=b7d368d5:21548
[  193085ms] [WARNING] ⚠️ React Router Future Flag Warning: React Router will begin wrapping state updates in `React.startTransition` in v7. You can use the `v7_startTransition` future flag to opt-in early. For more information, see https://reactrouter.com/v6/upgrading/future#v7_starttransition. @ http://localhost:5173/node_modules/.vite/deps/react-router-dom.js?v=c76998c8:4414
[  193085ms] [WARNING] ⚠️ React Router Future Flag Warning: Relative route resolution within Splat routes is changing in v7. You can use the `v7_relativeSplatPath` future flag to opt-in early. For more information, see https://reactrouter.com/v6/upgrading/future#v7_relativesplatpath. @ http://localhost:5173/node_modules/.vite/deps/react-router-dom.js?v=c76998c8:4414
[  193204ms] [ERROR] Warning: Encountered two children with the same key, `%s`. Keys should be unique so that components maintain their identity across updates. Non-unique keys may cause children to be duplicated and/or omitted — the behavior is unsupported and could change in a future version.%s Smart Watch 
    at div
    at Breadcrumb (http://localhost:5173/src/components/Shared.jsx:649:30)
    at div
    at ProductDetail (http://localhost:5173/src/pages/ProductDetail.jsx:29:20)
    at RenderedRoute (http://localhost:5173/node_modules/.vite/deps/react-router-dom.js?v=c76998c8:4110:5)
    at Outlet (http://localhost:5173/node_modules/.vite/deps/react-router-dom.js?v=c76998c8:4516:26)
    at main
    at div
    at Layout (http://localhost:5173/src/components/Layout.jsx:626:27)
    at RenderedRoute (http://localhost:5173/node_modules/.vite/deps/react-router-dom.js?v=c76998c8:4110:5)
    at Routes (http://localhost:5173/node_modules/.vite/deps/react-router-dom.js?v=c76998c8:4580:5)
    at App
    at StoreProvider (http://localhost:5173/src/context/StoreContext.jsx:29:33)
    at Router (http://localhost:5173/node_modules/.vite/deps/react-router-dom.js?v=c76998c8:4523:15)
    at BrowserRouter (http://localhost:5173/node_modules/.vite/deps/react-router-dom.js?v=c76998c8:5261:5) @ http://localhost:5173/node_modules/.vite/deps/chunk-XPR23Y44.js?v=b7d368d5:518
[  193315ms] [ERROR] Warning: Encountered two children with the same key, `%s`. Keys should be unique so that components maintain their identity across updates. Non-unique keys may cause children to be duplicated and/or omitted — the behavior is unsupported and could change in a future version.%s Smart Watch 
    at div
    at Breadcrumb (http://localhost:5173/src/components/Shared.jsx:649:30)
    at div
    at ProductDetail (http://localhost:5173/src/pages/ProductDetail.jsx:29:20)
    at RenderedRoute (http://localhost:5173/node_modules/.vite/deps/react-router-dom.js?v=c76998c8:4110:5)
    at Outlet (http://localhost:5173/node_modules/.vite/deps/react-router-dom.js?v=c76998c8:4516:26)
    at main
    at div
    at Layout (http://localhost:5173/src/components/Layout.jsx:626:27)
    at RenderedRoute (http://localhost:5173/node_modules/.vite/deps/react-router-dom.js?v=c76998c8:4110:5)
    at Routes (http://localhost:5173/node_modules/.vite/deps/react-router-dom.js?v=c76998c8:4580:5)
    at App
    at StoreProvider (http://localhost:5173/src/context/StoreContext.jsx:29:33)
    at Router (http://localhost:5173/node_modules/.vite/deps/react-router-dom.js?v=c76998c8:4523:15)
    at BrowserRouter (http://localhost:5173/node_modules/.vite/deps/react-router-dom.js?v=c76998c8:5261:5) @ http://localhost:5173/node_modules/.vite/deps/chunk-XPR23Y44.js?v=b7d368d5:518
[  194049ms] [INFO] %cDownload the React DevTools for a better development experience: https://reactjs.org/link/react-devtools font-weight:bold @ http://localhost:5173/node_modules/.vite/deps/chunk-XPR23Y44.js?v=b7d368d5:21548
[  194066ms] [WARNING] ⚠️ React Router Future Flag Warning: React Router will begin wrapping state updates in `React.startTransition` in v7. You can use the `v7_startTransition` future flag to opt-in early. For more information, see https://reactrouter.com/v6/upgrading/future#v7_starttransition. @ http://localhost:5173/node_modules/.vite/deps/react-router-dom.js?v=c76998c8:4414
[  194066ms] [WARNING] ⚠️ React Router Future Flag Warning: Relative route resolution within Splat routes is changing in v7. You can use the `v7_relativeSplatPath` future flag to opt-in early. For more information, see https://reactrouter.com/v6/upgrading/future#v7_relativesplatpath. @ http://localhost:5173/node_modules/.vite/deps/react-router-dom.js?v=c76998c8:4414
[  194183ms] [ERROR] Warning: Encountered two children with the same key, `%s`. Keys should be unique so that components maintain their identity across updates. Non-unique keys may cause children to be duplicated and/or omitted — the behavior is unsupported and could change in a future version.%s Smart Watch 
    at div
    at Breadcrumb (http://localhost:5173/src/components/Shared.jsx:649:30)
    at div
    at ProductDetail (http://localhost:5173/src/pages/ProductDetail.jsx:29:20)
    at RenderedRoute (http://localhost:5173/node_modules/.vite/deps/react-router-dom.js?v=c76998c8:4110:5)
    at Outlet (http://localhost:5173/node_modules/.vite/deps/react-router-dom.js?v=c76998c8:4516:26)
    at main
    at div
    at Layout (http://localhost:5173/src/components/Layout.jsx:626:27)
    at RenderedRoute (http://localhost:5173/node_modules/.vite/deps/react-router-dom.js?v=c76998c8:4110:5)
    at Routes (http://localhost:5173/node_modules/.vite/deps/react-router-dom.js?v=c76998c8:4580:5)
    at App
    at StoreProvider (http://localhost:5173/src/context/StoreContext.jsx:29:33)
    at Router (http://localhost:5173/node_modules/.vite/deps/react-router-dom.js?v=c76998c8:4523:15)
    at BrowserRouter (http://localhost:5173/node_modules/.vite/deps/react-router-dom.js?v=c76998c8:5261:5) @ http://localhost:5173/node_modules/.vite/deps/chunk-XPR23Y44.js?v=b7d368d5:518
[  194294ms] [ERROR] Warning: Encountered two children with the same key, `%s`. Keys should be unique so that components maintain their identity across updates. Non-unique keys may cause children to be duplicated and/or omitted — the behavior is unsupported and could change in a future version.%s Smart Watch 
    at div
    at Breadcrumb (http://localhost:5173/src/components/Shared.jsx:649:30)
    at div
    at ProductDetail (http://localhost:5173/src/pages/ProductDetail.jsx:29:20)
    at RenderedRoute (http://localhost:5173/node_modules/.vite/deps/react-router-dom.js?v=c76998c8:4110:5)
    at Outlet (http://localhost:5173/node_modules/.vite/deps/react-router-dom.js?v=c76998c8:4516:26)
    at main
    at div
    at Layout (http://localhost:5173/src/components/Layout.jsx:626:27)
    at RenderedRoute (http://localhost:5173/node_modules/.vite/deps/react-router-dom.js?v=c76998c8:4110:5)
    at Routes (http://localhost:5173/node_modules/.vite/deps/react-router-dom.js?v=c76998c8:4580:5)
    at App
    at StoreProvider (http://localhost:5173/src/context/StoreContext.jsx:29:33)
    at Router (http://localhost:5173/node_modules/.vite/deps/react-router-dom.js?v=c76998c8:4523:15)
    at BrowserRouter (http://localhost:5173/node_modules/.vite/deps/react-router-dom.js?v=c76998c8:5261:5) @ http://localhost:5173/node_modules/.vite/deps/chunk-XPR23Y44.js?v=b7d368d5:518
[  195019ms] [INFO] %cDownload the React DevTools for a better development experience: https://reactjs.org/link/react-devtools font-weight:bold @ http://localhost:5173/node_modules/.vite/deps/chunk-XPR23Y44.js?v=b7d368d5:21548
[  195039ms] [WARNING] ⚠️ React Router Future Flag Warning: React Router will begin wrapping state updates in `React.startTransition` in v7. You can use the `v7_startTransition` future flag to opt-in early. For more information, see https://reactrouter.com/v6/upgrading/future#v7_starttransition. @ http://localhost:5173/node_modules/.vite/deps/react-router-dom.js?v=c76998c8:4414
[  195039ms] [WARNING] ⚠️ React Router Future Flag Warning: Relative route resolution within Splat routes is changing in v7. You can use the `v7_relativeSplatPath` future flag to opt-in early. For more information, see https://reactrouter.com/v6/upgrading/future#v7_relativesplatpath. @ http://localhost:5173/node_modules/.vite/deps/react-router-dom.js?v=c76998c8:4414
[  195158ms] [ERROR] Warning: Encountered two children with the same key, `%s`. Keys should be unique so that components maintain their identity across updates. Non-unique keys may cause children to be duplicated and/or omitted — the behavior is unsupported and could change in a future version.%s Smart Watch 
    at div
    at Breadcrumb (http://localhost:5173/src/components/Shared.jsx:649:30)
    at div
    at ProductDetail (http://localhost:5173/src/pages/ProductDetail.jsx:29:20)
    at RenderedRoute (http://localhost:5173/node_modules/.vite/deps/react-router-dom.js?v=c76998c8:4110:5)
    at Outlet (http://localhost:5173/node_modules/.vite/deps/react-router-dom.js?v=c76998c8:4516:26)
    at main
    at div
    at Layout (http://localhost:5173/src/components/Layout.jsx:626:27)
    at RenderedRoute (http://localhost:5173/node_modules/.vite/deps/react-router-dom.js?v=c76998c8:4110:5)
    at Routes (http://localhost:5173/node_modules/.vite/deps/react-router-dom.js?v=c76998c8:4580:5)
    at App
    at StoreProvider (http://localhost:5173/src/context/StoreContext.jsx:29:33)
    at Router (http://localhost:5173/node_modules/.vite/deps/react-router-dom.js?v=c76998c8:4523:15)
    at BrowserRouter (http://localhost:5173/node_modules/.vite/deps/react-router-dom.js?v=c76998c8:5261:5) @ http://localhost:5173/node_modules/.vite/deps/chunk-XPR23Y44.js?v=b7d368d5:518
[  195269ms] [ERROR] Warning: Encountered two children with the same key, `%s`. Keys should be unique so that components maintain their identity across updates. Non-unique keys may cause children to be duplicated and/or omitted — the behavior is unsupported and could change in a future version.%s Smart Watch 
    at div
    at Breadcrumb (http://localhost:5173/src/components/Shared.jsx:649:30)
    at div
    at ProductDetail (http://localhost:5173/src/pages/ProductDetail.jsx:29:20)
    at RenderedRoute (http://localhost:5173/node_modules/.vite/deps/react-router-dom.js?v=c76998c8:4110:5)
    at Outlet (http://localhost:5173/node_modules/.vite/deps/react-router-dom.js?v=c76998c8:4516:26)
    at main
    at div
    at Layout (http://localhost:5173/src/components/Layout.jsx:626:27)
    at RenderedRoute (http://localhost:5173/node_modules/.vite/deps/react-router-dom.js?v=c76998c8:4110:5)
    at Routes (http://localhost:5173/node_modules/.vite/deps/react-router-dom.js?v=c76998c8:4580:5)
    at App
    at StoreProvider (http://localhost:5173/src/context/StoreContext.jsx:29:33)
    at Router (http://localhost:5173/node_modules/.vite/deps/react-router-dom.js?v=c76998c8:4523:15)
    at BrowserRouter (http://localhost:5173/node_modules/.vite/deps/react-router-dom.js?v=c76998c8:5261:5) @ http://localhost:5173/node_modules/.vite/deps/chunk-XPR23Y44.js?v=b7d368d5:518
[  195991ms] [INFO] %cDownload the React DevTools for a better development experience: https://reactjs.org/link/react-devtools font-weight:bold @ http://localhost:5173/node_modules/.vite/deps/chunk-XPR23Y44.js?v=b7d368d5:21548
[  196019ms] [WARNING] ⚠️ React Router Future Flag Warning: React Router will begin wrapping state updates in `React.startTransition` in v7. You can use the `v7_startTransition` future flag to opt-in early. For more information, see https://reactrouter.com/v6/upgrading/future#v7_starttransition. @ http://localhost:5173/node_modules/.vite/deps/react-router-dom.js?v=c76998c8:4414
[  196019ms] [WARNING] ⚠️ React Router Future Flag Warning: Relative route resolution within Splat routes is changing in v7. You can use the `v7_relativeSplatPath` future flag to opt-in early. For more information, see https://reactrouter.com/v6/upgrading/future#v7_relativesplatpath. @ http://localhost:5173/node_modules/.vite/deps/react-router-dom.js?v=c76998c8:4414
[  196136ms] [ERROR] Warning: Encountered two children with the same key, `%s`. Keys should be unique so that components maintain their identity across updates. Non-unique keys may cause children to be duplicated and/or omitted — the behavior is unsupported and could change in a future version.%s Smart Watch 
    at div
    at Breadcrumb (http://localhost:5173/src/components/Shared.jsx:649:30)
    at div
    at ProductDetail (http://localhost:5173/src/pages/ProductDetail.jsx:29:20)
    at RenderedRoute (http://localhost:5173/node_modules/.vite/deps/react-router-dom.js?v=c76998c8:4110:5)
    at Outlet (http://localhost:5173/node_modules/.vite/deps/react-router-dom.js?v=c76998c8:4516:26)
    at main
    at div
    at Layout (http://localhost:5173/src/components/Layout.jsx:626:27)
    at RenderedRoute (http://localhost:5173/node_modules/.vite/deps/react-router-dom.js?v=c76998c8:4110:5)
    at Routes (http://localhost:5173/node_modules/.vite/deps/react-router-dom.js?v=c76998c8:4580:5)
    at App
    at StoreProvider (http://localhost:5173/src/context/StoreContext.jsx:29:33)
    at Router (http://localhost:5173/node_modules/.vite/deps/react-router-dom.js?v=c76998c8:4523:15)
    at BrowserRouter (http://localhost:5173/node_modules/.vite/deps/react-router-dom.js?v=c76998c8:5261:5) @ http://localhost:5173/node_modules/.vite/deps/chunk-XPR23Y44.js?v=b7d368d5:518
[  196248ms] [ERROR] Warning: Encountered two children with the same key, `%s`. Keys should be unique so that components maintain their identity across updates. Non-unique keys may cause children to be duplicated and/or omitted — the behavior is unsupported and could change in a future version.%s Smart Watch 
    at div
    at Breadcrumb (http://localhost:5173/src/components/Shared.jsx:649:30)
    at div
    at ProductDetail (http://localhost:5173/src/pages/ProductDetail.jsx:29:20)
    at RenderedRoute (http://localhost:5173/node_modules/.vite/deps/react-router-dom.js?v=c76998c8:4110:5)
    at Outlet (http://localhost:5173/node_modules/.vite/deps/react-router-dom.js?v=c76998c8:4516:26)
    at main
    at div
    at Layout (http://localhost:5173/src/components/Layout.jsx:626:27)
    at RenderedRoute (http://localhost:5173/node_modules/.vite/deps/react-router-dom.js?v=c76998c8:4110:5)
    at Routes (http://localhost:5173/node_modules/.vite/deps/react-router-dom.js?v=c76998c8:4580:5)
    at App
    at StoreProvider (http://localhost:5173/src/context/StoreContext.jsx:29:33)
    at Router (http://localhost:5173/node_modules/.vite/deps/react-router-dom.js?v=c76998c8:4523:15)
    at BrowserRouter (http://localhost:5173/node_modules/.vite/deps/react-router-dom.js?v=c76998c8:5261:5) @ http://localhost:5173/node_modules/.vite/deps/chunk-XPR23Y44.js?v=b7d368d5:518
[  196955ms] [INFO] %cDownload the React DevTools for a better development experience: https://reactjs.org/link/react-devtools font-weight:bold @ http://localhost:5173/node_modules/.vite/deps/chunk-XPR23Y44.js?v=b7d368d5:21548
[  196972ms] [WARNING] ⚠️ React Router Future Flag Warning: React Router will begin wrapping state updates in `React.startTransition` in v7. You can use the `v7_startTransition` future flag to opt-in early. For more information, see https://reactrouter.com/v6/upgrading/future#v7_starttransition. @ http://localhost:5173/node_modules/.vite/deps/react-router-dom.js?v=c76998c8:4414
[  196972ms] [WARNING] ⚠️ React Router Future Flag Warning: Relative route resolution within Splat routes is changing in v7. You can use the `v7_relativeSplatPath` future flag to opt-in early. For more information, see https://reactrouter.com/v6/upgrading/future#v7_relativesplatpath. @ http://localhost:5173/node_modules/.vite/deps/react-router-dom.js?v=c76998c8:4414
[  197090ms] [ERROR] Warning: Encountered two children with the same key, `%s`. Keys should be unique so that components maintain their identity across updates. Non-unique keys may cause children to be duplicated and/or omitted — the behavior is unsupported and could change in a future version.%s Smart Watch 
    at div
    at Breadcrumb (http://localhost:5173/src/components/Shared.jsx:649:30)
    at div
    at ProductDetail (http://localhost:5173/src/pages/ProductDetail.jsx:29:20)
    at RenderedRoute (http://localhost:5173/node_modules/.vite/deps/react-router-dom.js?v=c76998c8:4110:5)
    at Outlet (http://localhost:5173/node_modules/.vite/deps/react-router-dom.js?v=c76998c8:4516:26)
    at main
    at div
    at Layout (http://localhost:5173/src/components/Layout.jsx:626:27)
    at RenderedRoute (http://localhost:5173/node_modules/.vite/deps/react-router-dom.js?v=c76998c8:4110:5)
    at Routes (http://localhost:5173/node_modules/.vite/deps/react-router-dom.js?v=c76998c8:4580:5)
    at App
    at StoreProvider (http://localhost:5173/src/context/StoreContext.jsx:29:33)
    at Router (http://localhost:5173/node_modules/.vite/deps/react-router-dom.js?v=c76998c8:4523:15)
    at BrowserRouter (http://localhost:5173/node_modules/.vite/deps/react-router-dom.js?v=c76998c8:5261:5) @ http://localhost:5173/node_modules/.vite/deps/chunk-XPR23Y44.js?v=b7d368d5:518
[  197201ms] [ERROR] Warning: Encountered two children with the same key, `%s`. Keys should be unique so that components maintain their identity across updates. Non-unique keys may cause children to be duplicated and/or omitted — the behavior is unsupported and could change in a future version.%s Smart Watch 
    at div
    at Breadcrumb (http://localhost:5173/src/components/Shared.jsx:649:30)
    at div
    at ProductDetail (http://localhost:5173/src/pages/ProductDetail.jsx:29:20)
    at RenderedRoute (http://localhost:5173/node_modules/.vite/deps/react-router-dom.js?v=c76998c8:4110:5)
    at Outlet (http://localhost:5173/node_modules/.vite/deps/react-router-dom.js?v=c76998c8:4516:26)
    at main
    at div
    at Layout (http://localhost:5173/src/components/Layout.jsx:626:27)
    at RenderedRoute (http://localhost:5173/node_modules/.vite/deps/react-router-dom.js?v=c76998c8:4110:5)
    at Routes (http://localhost:5173/node_modules/.vite/deps/react-router-dom.js?v=c76998c8:4580:5)
    at App
    at StoreProvider (http://localhost:5173/src/context/StoreContext.jsx:29:33)
    at Router (http://localhost:5173/node_modules/.vite/deps/react-router-dom.js?v=c76998c8:4523:15)
    at BrowserRouter (http://localhost:5173/node_modules/.vite/deps/react-router-dom.js?v=c76998c8:5261:5) @ http://localhost:5173/node_modules/.vite/deps/chunk-XPR23Y44.js?v=b7d368d5:518
[  197920ms] [INFO] %cDownload the React DevTools for a better development experience: https://reactjs.org/link/react-devtools font-weight:bold @ http://localhost:5173/node_modules/.vite/deps/chunk-XPR23Y44.js?v=b7d368d5:21548
[  197952ms] [WARNING] ⚠️ React Router Future Flag Warning: React Router will begin wrapping state updates in `React.startTransition` in v7. You can use the `v7_startTransition` future flag to opt-in early. For more information, see https://reactrouter.com/v6/upgrading/future#v7_starttransition. @ http://localhost:5173/node_modules/.vite/deps/react-router-dom.js?v=c76998c8:4414
[  197952ms] [WARNING] ⚠️ React Router Future Flag Warning: Relative route resolution within Splat routes is changing in v7. You can use the `v7_relativeSplatPath` future flag to opt-in early. For more information, see https://reactrouter.com/v6/upgrading/future#v7_relativesplatpath. @ http://localhost:5173/node_modules/.vite/deps/react-router-dom.js?v=c76998c8:4414
[  198069ms] [ERROR] Warning: Encountered two children with the same key, `%s`. Keys should be unique so that components maintain their identity across updates. Non-unique keys may cause children to be duplicated and/or omitted — the behavior is unsupported and could change in a future version.%s Smart Watch 
    at div
    at Breadcrumb (http://localhost:5173/src/components/Shared.jsx:649:30)
    at div
    at ProductDetail (http://localhost:5173/src/pages/ProductDetail.jsx:29:20)
    at RenderedRoute (http://localhost:5173/node_modules/.vite/deps/react-router-dom.js?v=c76998c8:4110:5)
    at Outlet (http://localhost:5173/node_modules/.vite/deps/react-router-dom.js?v=c76998c8:4516:26)
    at main
    at div
    at Layout (http://localhost:5173/src/components/Layout.jsx:626:27)
    at RenderedRoute (http://localhost:5173/node_modules/.vite/deps/react-router-dom.js?v=c76998c8:4110:5)
    at Routes (http://localhost:5173/node_modules/.vite/deps/react-router-dom.js?v=c76998c8:4580:5)
    at App
    at StoreProvider (http://localhost:5173/src/context/StoreContext.jsx:29:33)
    at Router (http://localhost:5173/node_modules/.vite/deps/react-router-dom.js?v=c76998c8:4523:15)
    at BrowserRouter (http://localhost:5173/node_modules/.vite/deps/react-router-dom.js?v=c76998c8:5261:5) @ http://localhost:5173/node_modules/.vite/deps/chunk-XPR23Y44.js?v=b7d368d5:518
[  198180ms] [ERROR] Warning: Encountered two children with the same key, `%s`. Keys should be unique so that components maintain their identity across updates. Non-unique keys may cause children to be duplicated and/or omitted — the behavior is unsupported and could change in a future version.%s Smart Watch 
    at div
    at Breadcrumb (http://localhost:5173/src/components/Shared.jsx:649:30)
    at div
    at ProductDetail (http://localhost:5173/src/pages/ProductDetail.jsx:29:20)
    at RenderedRoute (http://localhost:5173/node_modules/.vite/deps/react-router-dom.js?v=c76998c8:4110:5)
    at Outlet (http://localhost:5173/node_modules/.vite/deps/react-router-dom.js?v=c76998c8:4516:26)
    at main
    at div
    at Layout (http://localhost:5173/src/components/Layout.jsx:626:27)
    at RenderedRoute (http://localhost:5173/node_modules/.vite/deps/react-router-dom.js?v=c76998c8:4110:5)
    at Routes (http://localhost:5173/node_modules/.vite/deps/react-router-dom.js?v=c76998c8:4580:5)
    at App
    at StoreProvider (http://localhost:5173/src/context/StoreContext.jsx:29:33)
    at Router (http://localhost:5173/node_modules/.vite/deps/react-router-dom.js?v=c76998c8:4523:15)
    at BrowserRouter (http://localhost:5173/node_modules/.vite/deps/react-router-dom.js?v=c76998c8:5261:5) @ http://localhost:5173/node_modules/.vite/deps/chunk-XPR23Y44.js?v=b7d368d5:518
[  198891ms] [INFO] %cDownload the React DevTools for a better development experience: https://reactjs.org/link/react-devtools font-weight:bold @ http://localhost:5173/node_modules/.vite/deps/chunk-XPR23Y44.js?v=b7d368d5:21548
[  198914ms] [WARNING] ⚠️ React Router Future Flag Warning: React Router will begin wrapping state updates in `React.startTransition` in v7. You can use the `v7_startTransition` future flag to opt-in early. For more information, see https://reactrouter.com/v6/upgrading/future#v7_starttransition. @ http://localhost:5173/node_modules/.vite/deps/react-router-dom.js?v=c76998c8:4414
[  198914ms] [WARNING] ⚠️ React Router Future Flag Warning: Relative route resolution within Splat routes is changing in v7. You can use the `v7_relativeSplatPath` future flag to opt-in early. For more information, see https://reactrouter.com/v6/upgrading/future#v7_relativesplatpath. @ http://localhost:5173/node_modules/.vite/deps/react-router-dom.js?v=c76998c8:4414
[  199032ms] [ERROR] Warning: Encountered two children with the same key, `%s`. Keys should be unique so that components maintain their identity across updates. Non-unique keys may cause children to be duplicated and/or omitted — the behavior is unsupported and could change in a future version.%s Smart Watch 
    at div
    at Breadcrumb (http://localhost:5173/src/components/Shared.jsx:649:30)
    at div
    at ProductDetail (http://localhost:5173/src/pages/ProductDetail.jsx:29:20)
    at RenderedRoute (http://localhost:5173/node_modules/.vite/deps/react-router-dom.js?v=c76998c8:4110:5)
    at Outlet (http://localhost:5173/node_modules/.vite/deps/react-router-dom.js?v=c76998c8:4516:26)
    at main
    at div
    at Layout (http://localhost:5173/src/components/Layout.jsx:626:27)
    at RenderedRoute (http://localhost:5173/node_modules/.vite/deps/react-router-dom.js?v=c76998c8:4110:5)
    at Routes (http://localhost:5173/node_modules/.vite/deps/react-router-dom.js?v=c76998c8:4580:5)
    at App
    at StoreProvider (http://localhost:5173/src/context/StoreContext.jsx:29:33)
    at Router (http://localhost:5173/node_modules/.vite/deps/react-router-dom.js?v=c76998c8:4523:15)
    at BrowserRouter (http://localhost:5173/node_modules/.vite/deps/react-router-dom.js?v=c76998c8:5261:5) @ http://localhost:5173/node_modules/.vite/deps/chunk-XPR23Y44.js?v=b7d368d5:518
[  199145ms] [ERROR] Warning: Encountered two children with the same key, `%s`. Keys should be unique so that components maintain their identity across updates. Non-unique keys may cause children to be duplicated and/or omitted — the behavior is unsupported and could change in a future version.%s Smart Watch 
    at div
    at Breadcrumb (http://localhost:5173/src/components/Shared.jsx:649:30)
    at div
    at ProductDetail (http://localhost:5173/src/pages/ProductDetail.jsx:29:20)
    at RenderedRoute (http://localhost:5173/node_modules/.vite/deps/react-router-dom.js?v=c76998c8:4110:5)
    at Outlet (http://localhost:5173/node_modules/.vite/deps/react-router-dom.js?v=c76998c8:4516:26)
    at main
    at div
    at Layout (http://localhost:5173/src/components/Layout.jsx:626:27)
    at RenderedRoute (http://localhost:5173/node_modules/.vite/deps/react-router-dom.js?v=c76998c8:4110:5)
    at Routes (http://localhost:5173/node_modules/.vite/deps/react-router-dom.js?v=c76998c8:4580:5)
    at App
    at StoreProvider (http://localhost:5173/src/context/StoreContext.jsx:29:33)
    at Router (http://localhost:5173/node_modules/.vite/deps/react-router-dom.js?v=c76998c8:4523:15)
    at BrowserRouter (http://localhost:5173/node_modules/.vite/deps/react-router-dom.js?v=c76998c8:5261:5) @ http://localhost:5173/node_modules/.vite/deps/chunk-XPR23Y44.js?v=b7d368d5:518
[  199879ms] [INFO] %cDownload the React DevTools for a better development experience: https://reactjs.org/link/react-devtools font-weight:bold @ http://localhost:5173/node_modules/.vite/deps/chunk-XPR23Y44.js?v=b7d368d5:21548
[  199914ms] [WARNING] ⚠️ React Router Future Flag Warning: React Router will begin wrapping state updates in `React.startTransition` in v7. You can use the `v7_startTransition` future flag to opt-in early. For more information, see https://reactrouter.com/v6/upgrading/future#v7_starttransition. @ http://localhost:5173/node_modules/.vite/deps/react-router-dom.js?v=c76998c8:4414
[  199914ms] [WARNING] ⚠️ React Router Future Flag Warning: Relative route resolution within Splat routes is changing in v7. You can use the `v7_relativeSplatPath` future flag to opt-in early. For more information, see https://reactrouter.com/v6/upgrading/future#v7_relativesplatpath. @ http://localhost:5173/node_modules/.vite/deps/react-router-dom.js?v=c76998c8:4414
[  200921ms] [INFO] %cDownload the React DevTools for a better development experience: https://reactjs.org/link/react-devtools font-weight:bold @ http://localhost:5173/node_modules/.vite/deps/chunk-XPR23Y44.js?v=b7d368d5:21548
[  200949ms] [WARNING] ⚠️ React Router Future Flag Warning: React Router will begin wrapping state updates in `React.startTransition` in v7. You can use the `v7_startTransition` future flag to opt-in early. For more information, see https://reactrouter.com/v6/upgrading/future#v7_starttransition. @ http://localhost:5173/node_modules/.vite/deps/react-router-dom.js?v=c76998c8:4414
[  200949ms] [WARNING] ⚠️ React Router Future Flag Warning: Relative route resolution within Splat routes is changing in v7. You can use the `v7_relativeSplatPath` future flag to opt-in early. For more information, see https://reactrouter.com/v6/upgrading/future#v7_relativesplatpath. @ http://localhost:5173/node_modules/.vite/deps/react-router-dom.js?v=c76998c8:4414
[  201910ms] [INFO] %cDownload the React DevTools for a better development experience: https://reactjs.org/link/react-devtools font-weight:bold @ http://localhost:5173/node_modules/.vite/deps/chunk-XPR23Y44.js?v=b7d368d5:21548
[  201939ms] [WARNING] ⚠️ React Router Future Flag Warning: React Router will begin wrapping state updates in `React.startTransition` in v7. You can use the `v7_startTransition` future flag to opt-in early. For more information, see https://reactrouter.com/v6/upgrading/future#v7_starttransition. @ http://localhost:5173/node_modules/.vite/deps/react-router-dom.js?v=c76998c8:4414
[  201939ms] [WARNING] ⚠️ React Router Future Flag Warning: Relative route resolution within Splat routes is changing in v7. You can use the `v7_relativeSplatPath` future flag to opt-in early. For more information, see https://reactrouter.com/v6/upgrading/future#v7_relativesplatpath. @ http://localhost:5173/node_modules/.vite/deps/react-router-dom.js?v=c76998c8:4414
[  202883ms] [INFO] %cDownload the React DevTools for a better development experience: https://reactjs.org/link/react-devtools font-weight:bold @ http://localhost:5173/node_modules/.vite/deps/chunk-XPR23Y44.js?v=b7d368d5:21548
[  202904ms] [WARNING] ⚠️ React Router Future Flag Warning: React Router will begin wrapping state updates in `React.startTransition` in v7. You can use the `v7_startTransition` future flag to opt-in early. For more information, see https://reactrouter.com/v6/upgrading/future#v7_starttransition. @ http://localhost:5173/node_modules/.vite/deps/react-router-dom.js?v=c76998c8:4414
[  202904ms] [WARNING] ⚠️ React Router Future Flag Warning: Relative route resolution within Splat routes is changing in v7. You can use the `v7_relativeSplatPath` future flag to opt-in early. For more information, see https://reactrouter.com/v6/upgrading/future#v7_relativesplatpath. @ http://localhost:5173/node_modules/.vite/deps/react-router-dom.js?v=c76998c8:4414
[  203862ms] [INFO] %cDownload the React DevTools for a better development experience: https://reactjs.org/link/react-devtools font-weight:bold @ http://localhost:5173/node_modules/.vite/deps/chunk-XPR23Y44.js?v=b7d368d5:21548
[  203884ms] [WARNING] ⚠️ React Router Future Flag Warning: React Router will begin wrapping state updates in `React.startTransition` in v7. You can use the `v7_startTransition` future flag to opt-in early. For more information, see https://reactrouter.com/v6/upgrading/future#v7_starttransition. @ http://localhost:5173/node_modules/.vite/deps/react-router-dom.js?v=c76998c8:4414
[  203884ms] [WARNING] ⚠️ React Router Future Flag Warning: Relative route resolution within Splat routes is changing in v7. You can use the `v7_relativeSplatPath` future flag to opt-in early. For more information, see https://reactrouter.com/v6/upgrading/future#v7_relativesplatpath. @ http://localhost:5173/node_modules/.vite/deps/react-router-dom.js?v=c76998c8:4414
[  204836ms] [INFO] %cDownload the React DevTools for a better development experience: https://reactjs.org/link/react-devtools font-weight:bold @ http://localhost:5173/node_modules/.vite/deps/chunk-XPR23Y44.js?v=b7d368d5:21548
[  204858ms] [WARNING] ⚠️ React Router Future Flag Warning: React Router will begin wrapping state updates in `React.startTransition` in v7. You can use the `v7_startTransition` future flag to opt-in early. For more information, see https://reactrouter.com/v6/upgrading/future#v7_starttransition. @ http://localhost:5173/node_modules/.vite/deps/react-router-dom.js?v=c76998c8:4414
[  204858ms] [WARNING] ⚠️ React Router Future Flag Warning: Relative route resolution within Splat routes is changing in v7. You can use the `v7_relativeSplatPath` future flag to opt-in early. For more information, see https://reactrouter.com/v6/upgrading/future#v7_relativesplatpath. @ http://localhost:5173/node_modules/.vite/deps/react-router-dom.js?v=c76998c8:4414
[  205830ms] [INFO] %cDownload the React DevTools for a better development experience: https://reactjs.org/link/react-devtools font-weight:bold @ http://localhost:5173/node_modules/.vite/deps/chunk-XPR23Y44.js?v=b7d368d5:21548
[  205856ms] [WARNING] ⚠️ React Router Future Flag Warning: React Router will begin wrapping state updates in `React.startTransition` in v7. You can use the `v7_startTransition` future flag to opt-in early. For more information, see https://reactrouter.com/v6/upgrading/future#v7_starttransition. @ http://localhost:5173/node_modules/.vite/deps/react-router-dom.js?v=c76998c8:4414
[  205856ms] [WARNING] ⚠️ React Router Future Flag Warning: Relative route resolution within Splat routes is changing in v7. You can use the `v7_relativeSplatPath` future flag to opt-in early. For more information, see https://reactrouter.com/v6/upgrading/future#v7_relativesplatpath. @ http://localhost:5173/node_modules/.vite/deps/react-router-dom.js?v=c76998c8:4414
[  207017ms] [INFO] %cDownload the React DevTools for a better development experience: https://reactjs.org/link/react-devtools font-weight:bold @ http://localhost:5173/node_modules/.vite/deps/chunk-XPR23Y44.js?v=b7d368d5:21548
[  207040ms] [WARNING] ⚠️ React Router Future Flag Warning: React Router will begin wrapping state updates in `React.startTransition` in v7. You can use the `v7_startTransition` future flag to opt-in early. For more information, see https://reactrouter.com/v6/upgrading/future#v7_starttransition. @ http://localhost:5173/node_modules/.vite/deps/react-router-dom.js?v=c76998c8:4414
[  207040ms] [WARNING] ⚠️ React Router Future Flag Warning: Relative route resolution within Splat routes is changing in v7. You can use the `v7_relativeSplatPath` future flag to opt-in early. For more information, see https://reactrouter.com/v6/upgrading/future#v7_relativesplatpath. @ http://localhost:5173/node_modules/.vite/deps/react-router-dom.js?v=c76998c8:4414
[  207991ms] [INFO] %cDownload the React DevTools for a better development experience: https://reactjs.org/link/react-devtools font-weight:bold @ http://localhost:5173/node_modules/.vite/deps/chunk-XPR23Y44.js?v=b7d368d5:21548
[  208013ms] [WARNING] ⚠️ React Router Future Flag Warning: React Router will begin wrapping state updates in `React.startTransition` in v7. You can use the `v7_startTransition` future flag to opt-in early. For more information, see https://reactrouter.com/v6/upgrading/future#v7_starttransition. @ http://localhost:5173/node_modules/.vite/deps/react-router-dom.js?v=c76998c8:4414
[  208013ms] [WARNING] ⚠️ React Router Future Flag Warning: Relative route resolution within Splat routes is changing in v7. You can use the `v7_relativeSplatPath` future flag to opt-in early. For more information, see https://reactrouter.com/v6/upgrading/future#v7_relativesplatpath. @ http://localhost:5173/node_modules/.vite/deps/react-router-dom.js?v=c76998c8:4414
[  208967ms] [INFO] %cDownload the React DevTools for a better development experience: https://reactjs.org/link/react-devtools font-weight:bold @ http://localhost:5173/node_modules/.vite/deps/chunk-XPR23Y44.js?v=b7d368d5:21548
[  208986ms] [WARNING] ⚠️ React Router Future Flag Warning: React Router will begin wrapping state updates in `React.startTransition` in v7. You can use the `v7_startTransition` future flag to opt-in early. For more information, see https://reactrouter.com/v6/upgrading/future#v7_starttransition. @ http://localhost:5173/node_modules/.vite/deps/react-router-dom.js?v=c76998c8:4414
[  208986ms] [WARNING] ⚠️ React Router Future Flag Warning: Relative route resolution within Splat routes is changing in v7. You can use the `v7_relativeSplatPath` future flag to opt-in early. For more information, see https://reactrouter.com/v6/upgrading/future#v7_relativesplatpath. @ http://localhost:5173/node_modules/.vite/deps/react-router-dom.js?v=c76998c8:4414
[  209942ms] [INFO] %cDownload the React DevTools for a better development experience: https://reactjs.org/link/react-devtools font-weight:bold @ http://localhost:5173/node_modules/.vite/deps/chunk-XPR23Y44.js?v=b7d368d5:21548
[  209965ms] [WARNING] ⚠️ React Router Future Flag Warning: React Router will begin wrapping state updates in `React.startTransition` in v7. You can use the `v7_startTransition` future flag to opt-in early. For more information, see https://reactrouter.com/v6/upgrading/future#v7_starttransition. @ http://localhost:5173/node_modules/.vite/deps/react-router-dom.js?v=c76998c8:4414
[  209965ms] [WARNING] ⚠️ React Router Future Flag Warning: Relative route resolution within Splat routes is changing in v7. You can use the `v7_relativeSplatPath` future flag to opt-in early. For more information, see https://reactrouter.com/v6/upgrading/future#v7_relativesplatpath. @ http://localhost:5173/node_modules/.vite/deps/react-router-dom.js?v=c76998c8:4414
[  210912ms] [INFO] %cDownload the React DevTools for a better development experience: https://reactjs.org/link/react-devtools font-weight:bold @ http://localhost:5173/node_modules/.vite/deps/chunk-XPR23Y44.js?v=b7d368d5:21548
[  210943ms] [WARNING] ⚠️ React Router Future Flag Warning: React Router will begin wrapping state updates in `React.startTransition` in v7. You can use the `v7_startTransition` future flag to opt-in early. For more information, see https://reactrouter.com/v6/upgrading/future#v7_starttransition. @ http://localhost:5173/node_modules/.vite/deps/react-router-dom.js?v=c76998c8:4414
[  210943ms] [WARNING] ⚠️ React Router Future Flag Warning: Relative route resolution within Splat routes is changing in v7. You can use the `v7_relativeSplatPath` future flag to opt-in early. For more information, see https://reactrouter.com/v6/upgrading/future#v7_relativesplatpath. @ http://localhost:5173/node_modules/.vite/deps/react-router-dom.js?v=c76998c8:4414
[  211894ms] [INFO] %cDownload the React DevTools for a better development experience: https://reactjs.org/link/react-devtools font-weight:bold @ http://localhost:5173/node_modules/.vite/deps/chunk-XPR23Y44.js?v=b7d368d5:21548
[  211924ms] [WARNING] ⚠️ React Router Future Flag Warning: React Router will begin wrapping state updates in `React.startTransition` in v7. You can use the `v7_startTransition` future flag to opt-in early. For more information, see https://reactrouter.com/v6/upgrading/future#v7_starttransition. @ http://localhost:5173/node_modules/.vite/deps/react-router-dom.js?v=c76998c8:4414
[  211924ms] [WARNING] ⚠️ React Router Future Flag Warning: Relative route resolution within Splat routes is changing in v7. You can use the `v7_relativeSplatPath` future flag to opt-in early. For more information, see https://reactrouter.com/v6/upgrading/future#v7_relativesplatpath. @ http://localhost:5173/node_modules/.vite/deps/react-router-dom.js?v=c76998c8:4414
[  212869ms] [INFO] %cDownload the React DevTools for a better development experience: https://reactjs.org/link/react-devtools font-weight:bold @ http://localhost:5173/node_modules/.vite/deps/chunk-XPR23Y44.js?v=b7d368d5:21548
[  212891ms] [WARNING] ⚠️ React Router Future Flag Warning: React Router will begin wrapping state updates in `React.startTransition` in v7. You can use the `v7_startTransition` future flag to opt-in early. For more information, see https://reactrouter.com/v6/upgrading/future#v7_starttransition. @ http://localhost:5173/node_modules/.vite/deps/react-router-dom.js?v=c76998c8:4414
[  212891ms] [WARNING] ⚠️ React Router Future Flag Warning: Relative route resolution within Splat routes is changing in v7. You can use the `v7_relativeSplatPath` future flag to opt-in early. For more information, see https://reactrouter.com/v6/upgrading/future#v7_relativesplatpath. @ http://localhost:5173/node_modules/.vite/deps/react-router-dom.js?v=c76998c8:4414
[  213891ms] [INFO] %cDownload the React DevTools for a better development experience: https://reactjs.org/link/react-devtools font-weight:bold @ http://localhost:5173/node_modules/.vite/deps/chunk-XPR23Y44.js?v=b7d368d5:21548
[  213922ms] [WARNING] ⚠️ React Router Future Flag Warning: React Router will begin wrapping state updates in `React.startTransition` in v7. You can use the `v7_startTransition` future flag to opt-in early. For more information, see https://reactrouter.com/v6/upgrading/future#v7_starttransition. @ http://localhost:5173/node_modules/.vite/deps/react-router-dom.js?v=c76998c8:4414
[  213922ms] [WARNING] ⚠️ React Router Future Flag Warning: Relative route resolution within Splat routes is changing in v7. You can use the `v7_relativeSplatPath` future flag to opt-in early. For more information, see https://reactrouter.com/v6/upgrading/future#v7_relativesplatpath. @ http://localhost:5173/node_modules/.vite/deps/react-router-dom.js?v=c76998c8:4414
[  214895ms] [INFO] %cDownload the React DevTools for a better development experience: https://reactjs.org/link/react-devtools font-weight:bold @ http://localhost:5173/node_modules/.vite/deps/chunk-XPR23Y44.js?v=b7d368d5:21548
[  214927ms] [WARNING] ⚠️ React Router Future Flag Warning: React Router will begin wrapping state updates in `React.startTransition` in v7. You can use the `v7_startTransition` future flag to opt-in early. For more information, see https://reactrouter.com/v6/upgrading/future#v7_starttransition. @ http://localhost:5173/node_modules/.vite/deps/react-router-dom.js?v=c76998c8:4414
[  214927ms] [WARNING] ⚠️ React Router Future Flag Warning: Relative route resolution within Splat routes is changing in v7. You can use the `v7_relativeSplatPath` future flag to opt-in early. For more information, see https://reactrouter.com/v6/upgrading/future#v7_relativesplatpath. @ http://localhost:5173/node_modules/.vite/deps/react-router-dom.js?v=c76998c8:4414
[  215897ms] [INFO] %cDownload the React DevTools for a better development experience: https://reactjs.org/link/react-devtools font-weight:bold @ http://localhost:5173/node_modules/.vite/deps/chunk-XPR23Y44.js?v=b7d368d5:21548
[  215922ms] [WARNING] ⚠️ React Router Future Flag Warning: React Router will begin wrapping state updates in `React.startTransition` in v7. You can use the `v7_startTransition` future flag to opt-in early. For more information, see https://reactrouter.com/v6/upgrading/future#v7_starttransition. @ http://localhost:5173/node_modules/.vite/deps/react-router-dom.js?v=c76998c8:4414
[  215922ms] [WARNING] ⚠️ React Router Future Flag Warning: Relative route resolution within Splat routes is changing in v7. You can use the `v7_relativeSplatPath` future flag to opt-in early. For more information, see https://reactrouter.com/v6/upgrading/future#v7_relativesplatpath. @ http://localhost:5173/node_modules/.vite/deps/react-router-dom.js?v=c76998c8:4414
[  216031ms] [VERBOSE] [DOM] Input elements should have autocomplete attributes (suggested: "current-password"): (More info: https://goo.gl/9p2vKq) %o @ http://localhost:5173/login:0
[  216885ms] [INFO] %cDownload the React DevTools for a better development experience: https://reactjs.org/link/react-devtools font-weight:bold @ http://localhost:5173/node_modules/.vite/deps/chunk-XPR23Y44.js?v=b7d368d5:21548
[  216916ms] [WARNING] ⚠️ React Router Future Flag Warning: React Router will begin wrapping state updates in `React.startTransition` in v7. You can use the `v7_startTransition` future flag to opt-in early. For more information, see https://reactrouter.com/v6/upgrading/future#v7_starttransition. @ http://localhost:5173/node_modules/.vite/deps/react-router-dom.js?v=c76998c8:4414
[  216916ms] [WARNING] ⚠️ React Router Future Flag Warning: Relative route resolution within Splat routes is changing in v7. You can use the `v7_relativeSplatPath` future flag to opt-in early. For more information, see https://reactrouter.com/v6/upgrading/future#v7_relativesplatpath. @ http://localhost:5173/node_modules/.vite/deps/react-router-dom.js?v=c76998c8:4414
[  217039ms] [VERBOSE] [DOM] Input elements should have autocomplete attributes (suggested: "current-password"): (More info: https://goo.gl/9p2vKq) %o @ http://localhost:5173/login:0
[  217884ms] [INFO] %cDownload the React DevTools for a better development experience: https://reactjs.org/link/react-devtools font-weight:bold @ http://localhost:5173/node_modules/.vite/deps/chunk-XPR23Y44.js?v=b7d368d5:21548
[  217909ms] [WARNING] ⚠️ React Router Future Flag Warning: React Router will begin wrapping state updates in `React.startTransition` in v7. You can use the `v7_startTransition` future flag to opt-in early. For more information, see https://reactrouter.com/v6/upgrading/future#v7_starttransition. @ http://localhost:5173/node_modules/.vite/deps/react-router-dom.js?v=c76998c8:4414
[  217909ms] [WARNING] ⚠️ React Router Future Flag Warning: Relative route resolution within Splat routes is changing in v7. You can use the `v7_relativeSplatPath` future flag to opt-in early. For more information, see https://reactrouter.com/v6/upgrading/future#v7_relativesplatpath. @ http://localhost:5173/node_modules/.vite/deps/react-router-dom.js?v=c76998c8:4414
[  218020ms] [VERBOSE] [DOM] Input elements should have autocomplete attributes (suggested: "current-password"): (More info: https://goo.gl/9p2vKq) %o @ http://localhost:5173/login:0
[  218865ms] [INFO] %cDownload the React DevTools for a better development experience: https://reactjs.org/link/react-devtools font-weight:bold @ http://localhost:5173/node_modules/.vite/deps/chunk-XPR23Y44.js?v=b7d368d5:21548
[  218892ms] [WARNING] ⚠️ React Router Future Flag Warning: React Router will begin wrapping state updates in `React.startTransition` in v7. You can use the `v7_startTransition` future flag to opt-in early. For more information, see https://reactrouter.com/v6/upgrading/future#v7_starttransition. @ http://localhost:5173/node_modules/.vite/deps/react-router-dom.js?v=c76998c8:4414
[  218892ms] [WARNING] ⚠️ React Router Future Flag Warning: Relative route resolution within Splat routes is changing in v7. You can use the `v7_relativeSplatPath` future flag to opt-in early. For more information, see https://reactrouter.com/v6/upgrading/future#v7_relativesplatpath. @ http://localhost:5173/node_modules/.vite/deps/react-router-dom.js?v=c76998c8:4414
[  219013ms] [VERBOSE] [DOM] Input elements should have autocomplete attributes (suggested: "current-password"): (More info: https://goo.gl/9p2vKq) %o @ http://localhost:5173/login:0
[  219858ms] [INFO] %cDownload the React DevTools for a better development experience: https://reactjs.org/link/react-devtools font-weight:bold @ http://localhost:5173/node_modules/.vite/deps/chunk-XPR23Y44.js?v=b7d368d5:21548
[  219882ms] [WARNING] ⚠️ React Router Future Flag Warning: React Router will begin wrapping state updates in `React.startTransition` in v7. You can use the `v7_startTransition` future flag to opt-in early. For more information, see https://reactrouter.com/v6/upgrading/future#v7_starttransition. @ http://localhost:5173/node_modules/.vite/deps/react-router-dom.js?v=c76998c8:4414
[  219882ms] [WARNING] ⚠️ React Router Future Flag Warning: Relative route resolution within Splat routes is changing in v7. You can use the `v7_relativeSplatPath` future flag to opt-in early. For more information, see https://reactrouter.com/v6/upgrading/future#v7_relativesplatpath. @ http://localhost:5173/node_modules/.vite/deps/react-router-dom.js?v=c76998c8:4414
[  220002ms] [VERBOSE] [DOM] Input elements should have autocomplete attributes (suggested: "current-password"): (More info: https://goo.gl/9p2vKq) %o @ http://localhost:5173/login:0
[  220826ms] [INFO] %cDownload the React DevTools for a better development experience: https://reactjs.org/link/react-devtools font-weight:bold @ http://localhost:5173/node_modules/.vite/deps/chunk-XPR23Y44.js?v=b7d368d5:21548
[  220846ms] [WARNING] ⚠️ React Router Future Flag Warning: React Router will begin wrapping state updates in `React.startTransition` in v7. You can use the `v7_startTransition` future flag to opt-in early. For more information, see https://reactrouter.com/v6/upgrading/future#v7_starttransition. @ http://localhost:5173/node_modules/.vite/deps/react-router-dom.js?v=c76998c8:4414
[  220847ms] [WARNING] ⚠️ React Router Future Flag Warning: Relative route resolution within Splat routes is changing in v7. You can use the `v7_relativeSplatPath` future flag to opt-in early. For more information, see https://reactrouter.com/v6/upgrading/future#v7_relativesplatpath. @ http://localhost:5173/node_modules/.vite/deps/react-router-dom.js?v=c76998c8:4414
[  220967ms] [VERBOSE] [DOM] Input elements should have autocomplete attributes (suggested: "current-password"): (More info: https://goo.gl/9p2vKq) %o @ http://localhost:5173/login:0
[  221803ms] [INFO] %cDownload the React DevTools for a better development experience: https://reactjs.org/link/react-devtools font-weight:bold @ http://localhost:5173/node_modules/.vite/deps/chunk-XPR23Y44.js?v=b7d368d5:21548
[  221829ms] [WARNING] ⚠️ React Router Future Flag Warning: React Router will begin wrapping state updates in `React.startTransition` in v7. You can use the `v7_startTransition` future flag to opt-in early. For more information, see https://reactrouter.com/v6/upgrading/future#v7_starttransition. @ http://localhost:5173/node_modules/.vite/deps/react-router-dom.js?v=c76998c8:4414
[  221829ms] [WARNING] ⚠️ React Router Future Flag Warning: Relative route resolution within Splat routes is changing in v7. You can use the `v7_relativeSplatPath` future flag to opt-in early. For more information, see https://reactrouter.com/v6/upgrading/future#v7_relativesplatpath. @ http://localhost:5173/node_modules/.vite/deps/react-router-dom.js?v=c76998c8:4414
[  221944ms] [VERBOSE] [DOM] Input elements should have autocomplete attributes (suggested: "current-password"): (More info: https://goo.gl/9p2vKq) %o @ http://localhost:5173/login:0
[  222775ms] [INFO] %cDownload the React DevTools for a better development experience: https://reactjs.org/link/react-devtools font-weight:bold @ http://localhost:5173/node_modules/.vite/deps/chunk-XPR23Y44.js?v=b7d368d5:21548
[  222797ms] [WARNING] ⚠️ React Router Future Flag Warning: React Router will begin wrapping state updates in `React.startTransition` in v7. You can use the `v7_startTransition` future flag to opt-in early. For more information, see https://reactrouter.com/v6/upgrading/future#v7_starttransition. @ http://localhost:5173/node_modules/.vite/deps/react-router-dom.js?v=c76998c8:4414
[  222797ms] [WARNING] ⚠️ React Router Future Flag Warning: Relative route resolution within Splat routes is changing in v7. You can use the `v7_relativeSplatPath` future flag to opt-in early. For more information, see https://reactrouter.com/v6/upgrading/future#v7_relativesplatpath. @ http://localhost:5173/node_modules/.vite/deps/react-router-dom.js?v=c76998c8:4414
[  222905ms] [VERBOSE] [DOM] Input elements should have autocomplete attributes (suggested: "current-password"): (More info: https://goo.gl/9p2vKq) %o @ http://localhost:5173/login:0
[  223758ms] [INFO] %cDownload the React DevTools for a better development experience: https://reactjs.org/link/react-devtools font-weight:bold @ http://localhost:5173/node_modules/.vite/deps/chunk-XPR23Y44.js?v=b7d368d5:21548
[  223781ms] [WARNING] ⚠️ React Router Future Flag Warning: React Router will begin wrapping state updates in `React.startTransition` in v7. You can use the `v7_startTransition` future flag to opt-in early. For more information, see https://reactrouter.com/v6/upgrading/future#v7_starttransition. @ http://localhost:5173/node_modules/.vite/deps/react-router-dom.js?v=c76998c8:4414
[  223782ms] [WARNING] ⚠️ React Router Future Flag Warning: Relative route resolution within Splat routes is changing in v7. You can use the `v7_relativeSplatPath` future flag to opt-in early. For more information, see https://reactrouter.com/v6/upgrading/future#v7_relativesplatpath. @ http://localhost:5173/node_modules/.vite/deps/react-router-dom.js?v=c76998c8:4414
[  223897ms] [VERBOSE] [DOM] Input elements should have autocomplete attributes (suggested: "current-password"): (More info: https://goo.gl/9p2vKq) %o @ http://localhost:5173/login:0
[  224737ms] [INFO] %cDownload the React DevTools for a better development experience: https://reactjs.org/link/react-devtools font-weight:bold @ http://localhost:5173/node_modules/.vite/deps/chunk-XPR23Y44.js?v=b7d368d5:21548
[  224772ms] [WARNING] ⚠️ React Router Future Flag Warning: React Router will begin wrapping state updates in `React.startTransition` in v7. You can use the `v7_startTransition` future flag to opt-in early. For more information, see https://reactrouter.com/v6/upgrading/future#v7_starttransition. @ http://localhost:5173/node_modules/.vite/deps/react-router-dom.js?v=c76998c8:4414
[  224772ms] [WARNING] ⚠️ React Router Future Flag Warning: Relative route resolution within Splat routes is changing in v7. You can use the `v7_relativeSplatPath` future flag to opt-in early. For more information, see https://reactrouter.com/v6/upgrading/future#v7_relativesplatpath. @ http://localhost:5173/node_modules/.vite/deps/react-router-dom.js?v=c76998c8:4414
[  224887ms] [VERBOSE] [DOM] Input elements should have autocomplete attributes (suggested: "current-password"): (More info: https://goo.gl/9p2vKq) %o @ http://localhost:5173/login:0
[  225713ms] [INFO] %cDownload the React DevTools for a better development experience: https://reactjs.org/link/react-devtools font-weight:bold @ http://localhost:5173/node_modules/.vite/deps/chunk-XPR23Y44.js?v=b7d368d5:21548
[  225737ms] [WARNING] ⚠️ React Router Future Flag Warning: React Router will begin wrapping state updates in `React.startTransition` in v7. You can use the `v7_startTransition` future flag to opt-in early. For more information, see https://reactrouter.com/v6/upgrading/future#v7_starttransition. @ http://localhost:5173/node_modules/.vite/deps/react-router-dom.js?v=c76998c8:4414
[  225738ms] [WARNING] ⚠️ React Router Future Flag Warning: Relative route resolution within Splat routes is changing in v7. You can use the `v7_relativeSplatPath` future flag to opt-in early. For more information, see https://reactrouter.com/v6/upgrading/future#v7_relativesplatpath. @ http://localhost:5173/node_modules/.vite/deps/react-router-dom.js?v=c76998c8:4414
[  225847ms] [VERBOSE] [DOM] Input elements should have autocomplete attributes (suggested: "current-password"): (More info: https://goo.gl/9p2vKq) %o @ http://localhost:5173/login:0
[  226697ms] [INFO] %cDownload the React DevTools for a better development experience: https://reactjs.org/link/react-devtools font-weight:bold @ http://localhost:5173/node_modules/.vite/deps/chunk-XPR23Y44.js?v=b7d368d5:21548
[  226722ms] [WARNING] ⚠️ React Router Future Flag Warning: React Router will begin wrapping state updates in `React.startTransition` in v7. You can use the `v7_startTransition` future flag to opt-in early. For more information, see https://reactrouter.com/v6/upgrading/future#v7_starttransition. @ http://localhost:5173/node_modules/.vite/deps/react-router-dom.js?v=c76998c8:4414
[  226722ms] [WARNING] ⚠️ React Router Future Flag Warning: Relative route resolution within Splat routes is changing in v7. You can use the `v7_relativeSplatPath` future flag to opt-in early. For more information, see https://reactrouter.com/v6/upgrading/future#v7_relativesplatpath. @ http://localhost:5173/node_modules/.vite/deps/react-router-dom.js?v=c76998c8:4414
[  226848ms] [VERBOSE] [DOM] Input elements should have autocomplete attributes (suggested: "current-password"): (More info: https://goo.gl/9p2vKq) %o @ http://localhost:5173/login:0
[  227667ms] [INFO] %cDownload the React DevTools for a better development experience: https://reactjs.org/link/react-devtools font-weight:bold @ http://localhost:5173/node_modules/.vite/deps/chunk-XPR23Y44.js?v=b7d368d5:21548
[  227698ms] [WARNING] ⚠️ React Router Future Flag Warning: React Router will begin wrapping state updates in `React.startTransition` in v7. You can use the `v7_startTransition` future flag to opt-in early. For more information, see https://reactrouter.com/v6/upgrading/future#v7_starttransition. @ http://localhost:5173/node_modules/.vite/deps/react-router-dom.js?v=c76998c8:4414
[  227699ms] [WARNING] ⚠️ React Router Future Flag Warning: Relative route resolution within Splat routes is changing in v7. You can use the `v7_relativeSplatPath` future flag to opt-in early. For more information, see https://reactrouter.com/v6/upgrading/future#v7_relativesplatpath. @ http://localhost:5173/node_modules/.vite/deps/react-router-dom.js?v=c76998c8:4414
[  227823ms] [VERBOSE] [DOM] Input elements should have autocomplete attributes (suggested: "current-password"): (More info: https://goo.gl/9p2vKq) %o @ http://localhost:5173/login:0
[  228654ms] [INFO] %cDownload the React DevTools for a better development experience: https://reactjs.org/link/react-devtools font-weight:bold @ http://localhost:5173/node_modules/.vite/deps/chunk-XPR23Y44.js?v=b7d368d5:21548
[  228676ms] [WARNING] ⚠️ React Router Future Flag Warning: React Router will begin wrapping state updates in `React.startTransition` in v7. You can use the `v7_startTransition` future flag to opt-in early. For more information, see https://reactrouter.com/v6/upgrading/future#v7_starttransition. @ http://localhost:5173/node_modules/.vite/deps/react-router-dom.js?v=c76998c8:4414
[  228676ms] [WARNING] ⚠️ React Router Future Flag Warning: Relative route resolution within Splat routes is changing in v7. You can use the `v7_relativeSplatPath` future flag to opt-in early. For more information, see https://reactrouter.com/v6/upgrading/future#v7_relativesplatpath. @ http://localhost:5173/node_modules/.vite/deps/react-router-dom.js?v=c76998c8:4414
[  228789ms] [VERBOSE] [DOM] Input elements should have autocomplete attributes (suggested: "current-password"): (More info: https://goo.gl/9p2vKq) %o @ http://localhost:5173/login:0
[  229623ms] [INFO] %cDownload the React DevTools for a better development experience: https://reactjs.org/link/react-devtools font-weight:bold @ http://localhost:5173/node_modules/.vite/deps/chunk-XPR23Y44.js?v=b7d368d5:21548
[  229643ms] [WARNING] ⚠️ React Router Future Flag Warning: React Router will begin wrapping state updates in `React.startTransition` in v7. You can use the `v7_startTransition` future flag to opt-in early. For more information, see https://reactrouter.com/v6/upgrading/future#v7_starttransition. @ http://localhost:5173/node_modules/.vite/deps/react-router-dom.js?v=c76998c8:4414
[  229644ms] [WARNING] ⚠️ React Router Future Flag Warning: Relative route resolution within Splat routes is changing in v7. You can use the `v7_relativeSplatPath` future flag to opt-in early. For more information, see https://reactrouter.com/v6/upgrading/future#v7_relativesplatpath. @ http://localhost:5173/node_modules/.vite/deps/react-router-dom.js?v=c76998c8:4414
[  229768ms] [VERBOSE] [DOM] Input elements should have autocomplete attributes (suggested: "current-password"): (More info: https://goo.gl/9p2vKq) %o @ http://localhost:5173/login:0
[  230629ms] [INFO] %cDownload the React DevTools for a better development experience: https://reactjs.org/link/react-devtools font-weight:bold @ http://localhost:5173/node_modules/.vite/deps/chunk-XPR23Y44.js?v=b7d368d5:21548
[  230653ms] [WARNING] ⚠️ React Router Future Flag Warning: React Router will begin wrapping state updates in `React.startTransition` in v7. You can use the `v7_startTransition` future flag to opt-in early. For more information, see https://reactrouter.com/v6/upgrading/future#v7_starttransition. @ http://localhost:5173/node_modules/.vite/deps/react-router-dom.js?v=c76998c8:4414
[  230653ms] [WARNING] ⚠️ React Router Future Flag Warning: Relative route resolution within Splat routes is changing in v7. You can use the `v7_relativeSplatPath` future flag to opt-in early. For more information, see https://reactrouter.com/v6/upgrading/future#v7_relativesplatpath. @ http://localhost:5173/node_modules/.vite/deps/react-router-dom.js?v=c76998c8:4414
[  230770ms] [VERBOSE] [DOM] Input elements should have autocomplete attributes (suggested: "current-password"): (More info: https://goo.gl/9p2vKq) %o @ http://localhost:5173/login:0
[  231608ms] [INFO] %cDownload the React DevTools for a better development experience: https://reactjs.org/link/react-devtools font-weight:bold @ http://localhost:5173/node_modules/.vite/deps/chunk-XPR23Y44.js?v=b7d368d5:21548
[  231639ms] [WARNING] ⚠️ React Router Future Flag Warning: React Router will begin wrapping state updates in `React.startTransition` in v7. You can use the `v7_startTransition` future flag to opt-in early. For more information, see https://reactrouter.com/v6/upgrading/future#v7_starttransition. @ http://localhost:5173/node_modules/.vite/deps/react-router-dom.js?v=c76998c8:4414
[  231639ms] [WARNING] ⚠️ React Router Future Flag Warning: Relative route resolution within Splat routes is changing in v7. You can use the `v7_relativeSplatPath` future flag to opt-in early. For more information, see https://reactrouter.com/v6/upgrading/future#v7_relativesplatpath. @ http://localhost:5173/node_modules/.vite/deps/react-router-dom.js?v=c76998c8:4414
[  232595ms] [INFO] %cDownload the React DevTools for a better development experience: https://reactjs.org/link/react-devtools font-weight:bold @ http://localhost:5173/node_modules/.vite/deps/chunk-XPR23Y44.js?v=b7d368d5:21548
[  232617ms] [WARNING] ⚠️ React Router Future Flag Warning: React Router will begin wrapping state updates in `React.startTransition` in v7. You can use the `v7_startTransition` future flag to opt-in early. For more information, see https://reactrouter.com/v6/upgrading/future#v7_starttransition. @ http://localhost:5173/node_modules/.vite/deps/react-router-dom.js?v=c76998c8:4414
[  232617ms] [WARNING] ⚠️ React Router Future Flag Warning: Relative route resolution within Splat routes is changing in v7. You can use the `v7_relativeSplatPath` future flag to opt-in early. For more information, see https://reactrouter.com/v6/upgrading/future#v7_relativesplatpath. @ http://localhost:5173/node_modules/.vite/deps/react-router-dom.js?v=c76998c8:4414
[  233577ms] [INFO] %cDownload the React DevTools for a better development experience: https://reactjs.org/link/react-devtools font-weight:bold @ http://localhost:5173/node_modules/.vite/deps/chunk-XPR23Y44.js?v=b7d368d5:21548
[  233601ms] [WARNING] ⚠️ React Router Future Flag Warning: React Router will begin wrapping state updates in `React.startTransition` in v7. You can use the `v7_startTransition` future flag to opt-in early. For more information, see https://reactrouter.com/v6/upgrading/future#v7_starttransition. @ http://localhost:5173/node_modules/.vite/deps/react-router-dom.js?v=c76998c8:4414
[  233601ms] [WARNING] ⚠️ React Router Future Flag Warning: Relative route resolution within Splat routes is changing in v7. You can use the `v7_relativeSplatPath` future flag to opt-in early. For more information, see https://reactrouter.com/v6/upgrading/future#v7_relativesplatpath. @ http://localhost:5173/node_modules/.vite/deps/react-router-dom.js?v=c76998c8:4414
[  234588ms] [INFO] %cDownload the React DevTools for a better development experience: https://reactjs.org/link/react-devtools font-weight:bold @ http://localhost:5173/node_modules/.vite/deps/chunk-XPR23Y44.js?v=b7d368d5:21548
[  234615ms] [WARNING] ⚠️ React Router Future Flag Warning: React Router will begin wrapping state updates in `React.startTransition` in v7. You can use the `v7_startTransition` future flag to opt-in early. For more information, see https://reactrouter.com/v6/upgrading/future#v7_starttransition. @ http://localhost:5173/node_modules/.vite/deps/react-router-dom.js?v=c76998c8:4414
[  234616ms] [WARNING] ⚠️ React Router Future Flag Warning: Relative route resolution within Splat routes is changing in v7. You can use the `v7_relativeSplatPath` future flag to opt-in early. For more information, see https://reactrouter.com/v6/upgrading/future#v7_relativesplatpath. @ http://localhost:5173/node_modules/.vite/deps/react-router-dom.js?v=c76998c8:4414
[  235563ms] [INFO] %cDownload the React DevTools for a better development experience: https://reactjs.org/link/react-devtools font-weight:bold @ http://localhost:5173/node_modules/.vite/deps/chunk-XPR23Y44.js?v=b7d368d5:21548
[  235585ms] [WARNING] ⚠️ React Router Future Flag Warning: React Router will begin wrapping state updates in `React.startTransition` in v7. You can use the `v7_startTransition` future flag to opt-in early. For more information, see https://reactrouter.com/v6/upgrading/future#v7_starttransition. @ http://localhost:5173/node_modules/.vite/deps/react-router-dom.js?v=c76998c8:4414
[  235585ms] [WARNING] ⚠️ React Router Future Flag Warning: Relative route resolution within Splat routes is changing in v7. You can use the `v7_relativeSplatPath` future flag to opt-in early. For more information, see https://reactrouter.com/v6/upgrading/future#v7_relativesplatpath. @ http://localhost:5173/node_modules/.vite/deps/react-router-dom.js?v=c76998c8:4414
[  236530ms] [INFO] %cDownload the React DevTools for a better development experience: https://reactjs.org/link/react-devtools font-weight:bold @ http://localhost:5173/node_modules/.vite/deps/chunk-XPR23Y44.js?v=b7d368d5:21548
[  236551ms] [WARNING] ⚠️ React Router Future Flag Warning: React Router will begin wrapping state updates in `React.startTransition` in v7. You can use the `v7_startTransition` future flag to opt-in early. For more information, see https://reactrouter.com/v6/upgrading/future#v7_starttransition. @ http://localhost:5173/node_modules/.vite/deps/react-router-dom.js?v=c76998c8:4414
[  236551ms] [WARNING] ⚠️ React Router Future Flag Warning: Relative route resolution within Splat routes is changing in v7. You can use the `v7_relativeSplatPath` future flag to opt-in early. For more information, see https://reactrouter.com/v6/upgrading/future#v7_relativesplatpath. @ http://localhost:5173/node_modules/.vite/deps/react-router-dom.js?v=c76998c8:4414
[  237498ms] [INFO] %cDownload the React DevTools for a better development experience: https://reactjs.org/link/react-devtools font-weight:bold @ http://localhost:5173/node_modules/.vite/deps/chunk-XPR23Y44.js?v=b7d368d5:21548
[  237519ms] [WARNING] ⚠️ React Router Future Flag Warning: React Router will begin wrapping state updates in `React.startTransition` in v7. You can use the `v7_startTransition` future flag to opt-in early. For more information, see https://reactrouter.com/v6/upgrading/future#v7_starttransition. @ http://localhost:5173/node_modules/.vite/deps/react-router-dom.js?v=c76998c8:4414
[  237520ms] [WARNING] ⚠️ React Router Future Flag Warning: Relative route resolution within Splat routes is changing in v7. You can use the `v7_relativeSplatPath` future flag to opt-in early. For more information, see https://reactrouter.com/v6/upgrading/future#v7_relativesplatpath. @ http://localhost:5173/node_modules/.vite/deps/react-router-dom.js?v=c76998c8:4414
[  238477ms] [INFO] %cDownload the React DevTools for a better development experience: https://reactjs.org/link/react-devtools font-weight:bold @ http://localhost:5173/node_modules/.vite/deps/chunk-XPR23Y44.js?v=b7d368d5:21548
[  238504ms] [WARNING] ⚠️ React Router Future Flag Warning: React Router will begin wrapping state updates in `React.startTransition` in v7. You can use the `v7_startTransition` future flag to opt-in early. For more information, see https://reactrouter.com/v6/upgrading/future#v7_starttransition. @ http://localhost:5173/node_modules/.vite/deps/react-router-dom.js?v=c76998c8:4414
[  238504ms] [WARNING] ⚠️ React Router Future Flag Warning: Relative route resolution within Splat routes is changing in v7. You can use the `v7_relativeSplatPath` future flag to opt-in early. For more information, see https://reactrouter.com/v6/upgrading/future#v7_relativesplatpath. @ http://localhost:5173/node_modules/.vite/deps/react-router-dom.js?v=c76998c8:4414
[  239464ms] [INFO] %cDownload the React DevTools for a better development experience: https://reactjs.org/link/react-devtools font-weight:bold @ http://localhost:5173/node_modules/.vite/deps/chunk-XPR23Y44.js?v=b7d368d5:21548
[  239497ms] [WARNING] ⚠️ React Router Future Flag Warning: React Router will begin wrapping state updates in `React.startTransition` in v7. You can use the `v7_startTransition` future flag to opt-in early. For more information, see https://reactrouter.com/v6/upgrading/future#v7_starttransition. @ http://localhost:5173/node_modules/.vite/deps/react-router-dom.js?v=c76998c8:4414
[  239498ms] [WARNING] ⚠️ React Router Future Flag Warning: Relative route resolution within Splat routes is changing in v7. You can use the `v7_relativeSplatPath` future flag to opt-in early. For more information, see https://reactrouter.com/v6/upgrading/future#v7_relativesplatpath. @ http://localhost:5173/node_modules/.vite/deps/react-router-dom.js?v=c76998c8:4414
[  240456ms] [INFO] %cDownload the React DevTools for a better development experience: https://reactjs.org/link/react-devtools font-weight:bold @ http://localhost:5173/node_modules/.vite/deps/chunk-XPR23Y44.js?v=b7d368d5:21548
[  240479ms] [WARNING] ⚠️ React Router Future Flag Warning: React Router will begin wrapping state updates in `React.startTransition` in v7. You can use the `v7_startTransition` future flag to opt-in early. For more information, see https://reactrouter.com/v6/upgrading/future#v7_starttransition. @ http://localhost:5173/node_modules/.vite/deps/react-router-dom.js?v=c76998c8:4414
[  240479ms] [WARNING] ⚠️ React Router Future Flag Warning: Relative route resolution within Splat routes is changing in v7. You can use the `v7_relativeSplatPath` future flag to opt-in early. For more information, see https://reactrouter.com/v6/upgrading/future#v7_relativesplatpath. @ http://localhost:5173/node_modules/.vite/deps/react-router-dom.js?v=c76998c8:4414
[  241434ms] [INFO] %cDownload the React DevTools for a better development experience: https://reactjs.org/link/react-devtools font-weight:bold @ http://localhost:5173/node_modules/.vite/deps/chunk-XPR23Y44.js?v=b7d368d5:21548
[  241455ms] [WARNING] ⚠️ React Router Future Flag Warning: React Router will begin wrapping state updates in `React.startTransition` in v7. You can use the `v7_startTransition` future flag to opt-in early. For more information, see https://reactrouter.com/v6/upgrading/future#v7_starttransition. @ http://localhost:5173/node_modules/.vite/deps/react-router-dom.js?v=c76998c8:4414
[  241456ms] [WARNING] ⚠️ React Router Future Flag Warning: Relative route resolution within Splat routes is changing in v7. You can use the `v7_relativeSplatPath` future flag to opt-in early. For more information, see https://reactrouter.com/v6/upgrading/future#v7_relativesplatpath. @ http://localhost:5173/node_modules/.vite/deps/react-router-dom.js?v=c76998c8:4414
[  242426ms] [INFO] %cDownload the React DevTools for a better development experience: https://reactjs.org/link/react-devtools font-weight:bold @ http://localhost:5173/node_modules/.vite/deps/chunk-XPR23Y44.js?v=b7d368d5:21548
[  242469ms] [WARNING] ⚠️ React Router Future Flag Warning: React Router will begin wrapping state updates in `React.startTransition` in v7. You can use the `v7_startTransition` future flag to opt-in early. For more information, see https://reactrouter.com/v6/upgrading/future#v7_starttransition. @ http://localhost:5173/node_modules/.vite/deps/react-router-dom.js?v=c76998c8:4414
[  242469ms] [WARNING] ⚠️ React Router Future Flag Warning: Relative route resolution within Splat routes is changing in v7. You can use the `v7_relativeSplatPath` future flag to opt-in early. For more information, see https://reactrouter.com/v6/upgrading/future#v7_relativesplatpath. @ http://localhost:5173/node_modules/.vite/deps/react-router-dom.js?v=c76998c8:4414
[  243399ms] [INFO] %cDownload the React DevTools for a better development experience: https://reactjs.org/link/react-devtools font-weight:bold @ http://localhost:5173/node_modules/.vite/deps/chunk-XPR23Y44.js?v=b7d368d5:21548
[  243429ms] [WARNING] ⚠️ React Router Future Flag Warning: React Router will begin wrapping state updates in `React.startTransition` in v7. You can use the `v7_startTransition` future flag to opt-in early. For more information, see https://reactrouter.com/v6/upgrading/future#v7_starttransition. @ http://localhost:5173/node_modules/.vite/deps/react-router-dom.js?v=c76998c8:4414
[  243429ms] [WARNING] ⚠️ React Router Future Flag Warning: Relative route resolution within Splat routes is changing in v7. You can use the `v7_relativeSplatPath` future flag to opt-in early. For more information, see https://reactrouter.com/v6/upgrading/future#v7_relativesplatpath. @ http://localhost:5173/node_modules/.vite/deps/react-router-dom.js?v=c76998c8:4414
[  244444ms] [INFO] %cDownload the React DevTools for a better development experience: https://reactjs.org/link/react-devtools font-weight:bold @ http://localhost:5173/node_modules/.vite/deps/chunk-XPR23Y44.js?v=b7d368d5:21548
[  244474ms] [WARNING] ⚠️ React Router Future Flag Warning: React Router will begin wrapping state updates in `React.startTransition` in v7. You can use the `v7_startTransition` future flag to opt-in early. For more information, see https://reactrouter.com/v6/upgrading/future#v7_starttransition. @ http://localhost:5173/node_modules/.vite/deps/react-router-dom.js?v=c76998c8:4414
[  244475ms] [WARNING] ⚠️ React Router Future Flag Warning: Relative route resolution within Splat routes is changing in v7. You can use the `v7_relativeSplatPath` future flag to opt-in early. For more information, see https://reactrouter.com/v6/upgrading/future#v7_relativesplatpath. @ http://localhost:5173/node_modules/.vite/deps/react-router-dom.js?v=c76998c8:4414
[  245477ms] [INFO] %cDownload the React DevTools for a better development experience: https://reactjs.org/link/react-devtools font-weight:bold @ http://localhost:5173/node_modules/.vite/deps/chunk-XPR23Y44.js?v=b7d368d5:21548
[  245512ms] [WARNING] ⚠️ React Router Future Flag Warning: React Router will begin wrapping state updates in `React.startTransition` in v7. You can use the `v7_startTransition` future flag to opt-in early. For more information, see https://reactrouter.com/v6/upgrading/future#v7_starttransition. @ http://localhost:5173/node_modules/.vite/deps/react-router-dom.js?v=c76998c8:4414
[  245512ms] [WARNING] ⚠️ React Router Future Flag Warning: Relative route resolution within Splat routes is changing in v7. You can use the `v7_relativeSplatPath` future flag to opt-in early. For more information, see https://reactrouter.com/v6/upgrading/future#v7_relativesplatpath. @ http://localhost:5173/node_modules/.vite/deps/react-router-dom.js?v=c76998c8:4414
[  246679ms] [INFO] %cDownload the React DevTools for a better development experience: https://reactjs.org/link/react-devtools font-weight:bold @ http://localhost:5173/node_modules/.vite/deps/chunk-XPR23Y44.js?v=b7d368d5:21548
[  246706ms] [WARNING] ⚠️ React Router Future Flag Warning: React Router will begin wrapping state updates in `React.startTransition` in v7. You can use the `v7_startTransition` future flag to opt-in early. For more information, see https://reactrouter.com/v6/upgrading/future#v7_starttransition. @ http://localhost:5173/node_modules/.vite/deps/react-router-dom.js?v=c76998c8:4414
[  246706ms] [WARNING] ⚠️ React Router Future Flag Warning: Relative route resolution within Splat routes is changing in v7. You can use the `v7_relativeSplatPath` future flag to opt-in early. For more information, see https://reactrouter.com/v6/upgrading/future#v7_relativesplatpath. @ http://localhost:5173/node_modules/.vite/deps/react-router-dom.js?v=c76998c8:4414
[  309964ms] [INFO] %cDownload the React DevTools for a better development experience: https://reactjs.org/link/react-devtools font-weight:bold @ http://localhost:5173/node_modules/.vite/deps/chunk-XPR23Y44.js?v=b7d368d5:21548
[  310012ms] [WARNING] ⚠️ React Router Future Flag Warning: React Router will begin wrapping state updates in `React.startTransition` in v7. You can use the `v7_startTransition` future flag to opt-in early. For more information, see https://reactrouter.com/v6/upgrading/future#v7_starttransition. @ http://localhost:5173/node_modules/.vite/deps/react-router-dom.js?v=c76998c8:4414
[  310012ms] [WARNING] ⚠️ React Router Future Flag Warning: Relative route resolution within Splat routes is changing in v7. You can use the `v7_relativeSplatPath` future flag to opt-in early. For more information, see https://reactrouter.com/v6/upgrading/future#v7_relativesplatpath. @ http://localhost:5173/node_modules/.vite/deps/react-router-dom.js?v=c76998c8:4414
[  330756ms] [INFO] %cDownload the React DevTools for a better development experience: https://reactjs.org/link/react-devtools font-weight:bold @ http://localhost:5173/node_modules/.vite/deps/chunk-XPR23Y44.js?v=b7d368d5:21548
[  330800ms] [WARNING] ⚠️ React Router Future Flag Warning: React Router will begin wrapping state updates in `React.startTransition` in v7. You can use the `v7_startTransition` future flag to opt-in early. For more information, see https://reactrouter.com/v6/upgrading/future#v7_starttransition. @ http://localhost:5173/node_modules/.vite/deps/react-router-dom.js?v=c76998c8:4414
[  330801ms] [WARNING] ⚠️ React Router Future Flag Warning: Relative route resolution within Splat routes is changing in v7. You can use the `v7_relativeSplatPath` future flag to opt-in early. For more information, see https://reactrouter.com/v6/upgrading/future#v7_relativesplatpath. @ http://localhost:5173/node_modules/.vite/deps/react-router-dom.js?v=c76998c8:4414
[  342482ms] [INFO] %cDownload the React DevTools for a better development experience: https://reactjs.org/link/react-devtools font-weight:bold @ http://localhost:5173/node_modules/.vite/deps/chunk-XPR23Y44.js?v=b7d368d5:21548
[  342510ms] [WARNING] ⚠️ React Router Future Flag Warning: React Router will begin wrapping state updates in `React.startTransition` in v7. You can use the `v7_startTransition` future flag to opt-in early. For more information, see https://reactrouter.com/v6/upgrading/future#v7_starttransition. @ http://localhost:5173/node_modules/.vite/deps/react-router-dom.js?v=c76998c8:4414
[  342511ms] [WARNING] ⚠️ React Router Future Flag Warning: Relative route resolution within Splat routes is changing in v7. You can use the `v7_relativeSplatPath` future flag to opt-in early. For more information, see https://reactrouter.com/v6/upgrading/future#v7_relativesplatpath. @ http://localhost:5173/node_modules/.vite/deps/react-router-dom.js?v=c76998c8:4414
[  343367ms] [INFO] %cDownload the React DevTools for a better development experience: https://reactjs.org/link/react-devtools font-weight:bold @ http://localhost:5173/node_modules/.vite/deps/chunk-XPR23Y44.js?v=b7d368d5:21548
[  343394ms] [WARNING] ⚠️ React Router Future Flag Warning: React Router will begin wrapping state updates in `React.startTransition` in v7. You can use the `v7_startTransition` future flag to opt-in early. For more information, see https://reactrouter.com/v6/upgrading/future#v7_starttransition. @ http://localhost:5173/node_modules/.vite/deps/react-router-dom.js?v=c76998c8:4414
[  343394ms] [WARNING] ⚠️ React Router Future Flag Warning: Relative route resolution within Splat routes is changing in v7. You can use the `v7_relativeSplatPath` future flag to opt-in early. For more information, see https://reactrouter.com/v6/upgrading/future#v7_relativesplatpath. @ http://localhost:5173/node_modules/.vite/deps/react-router-dom.js?v=c76998c8:4414
[  344251ms] [INFO] %cDownload the React DevTools for a better development experience: https://reactjs.org/link/react-devtools font-weight:bold @ http://localhost:5173/node_modules/.vite/deps/chunk-XPR23Y44.js?v=b7d368d5:21548
[  344277ms] [WARNING] ⚠️ React Router Future Flag Warning: React Router will begin wrapping state updates in `React.startTransition` in v7. You can use the `v7_startTransition` future flag to opt-in early. For more information, see https://reactrouter.com/v6/upgrading/future#v7_starttransition. @ http://localhost:5173/node_modules/.vite/deps/react-router-dom.js?v=c76998c8:4414
[  344277ms] [WARNING] ⚠️ React Router Future Flag Warning: Relative route resolution within Splat routes is changing in v7. You can use the `v7_relativeSplatPath` future flag to opt-in early. For more information, see https://reactrouter.com/v6/upgrading/future#v7_relativesplatpath. @ http://localhost:5173/node_modules/.vite/deps/react-router-dom.js?v=c76998c8:4414
[  345131ms] [INFO] %cDownload the React DevTools for a better development experience: https://reactjs.org/link/react-devtools font-weight:bold @ http://localhost:5173/node_modules/.vite/deps/chunk-XPR23Y44.js?v=b7d368d5:21548
[  345159ms] [WARNING] ⚠️ React Router Future Flag Warning: React Router will begin wrapping state updates in `React.startTransition` in v7. You can use the `v7_startTransition` future flag to opt-in early. For more information, see https://reactrouter.com/v6/upgrading/future#v7_starttransition. @ http://localhost:5173/node_modules/.vite/deps/react-router-dom.js?v=c76998c8:4414
[  345159ms] [WARNING] ⚠️ React Router Future Flag Warning: Relative route resolution within Splat routes is changing in v7. You can use the `v7_relativeSplatPath` future flag to opt-in early. For more information, see https://reactrouter.com/v6/upgrading/future#v7_relativesplatpath. @ http://localhost:5173/node_modules/.vite/deps/react-router-dom.js?v=c76998c8:4414
[  346034ms] [INFO] %cDownload the React DevTools for a better development experience: https://reactjs.org/link/react-devtools font-weight:bold @ http://localhost:5173/node_modules/.vite/deps/chunk-XPR23Y44.js?v=b7d368d5:21548
[  346065ms] [WARNING] ⚠️ React Router Future Flag Warning: React Router will begin wrapping state updates in `React.startTransition` in v7. You can use the `v7_startTransition` future flag to opt-in early. For more information, see https://reactrouter.com/v6/upgrading/future#v7_starttransition. @ http://localhost:5173/node_modules/.vite/deps/react-router-dom.js?v=c76998c8:4414
[  346065ms] [WARNING] ⚠️ React Router Future Flag Warning: Relative route resolution within Splat routes is changing in v7. You can use the `v7_relativeSplatPath` future flag to opt-in early. For more information, see https://reactrouter.com/v6/upgrading/future#v7_relativesplatpath. @ http://localhost:5173/node_modules/.vite/deps/react-router-dom.js?v=c76998c8:4414
[  346932ms] [INFO] %cDownload the React DevTools for a better development experience: https://reactjs.org/link/react-devtools font-weight:bold @ http://localhost:5173/node_modules/.vite/deps/chunk-XPR23Y44.js?v=b7d368d5:21548
[  346956ms] [WARNING] ⚠️ React Router Future Flag Warning: React Router will begin wrapping state updates in `React.startTransition` in v7. You can use the `v7_startTransition` future flag to opt-in early. For more information, see https://reactrouter.com/v6/upgrading/future#v7_starttransition. @ http://localhost:5173/node_modules/.vite/deps/react-router-dom.js?v=c76998c8:4414
[  346956ms] [WARNING] ⚠️ React Router Future Flag Warning: Relative route resolution within Splat routes is changing in v7. You can use the `v7_relativeSplatPath` future flag to opt-in early. For more information, see https://reactrouter.com/v6/upgrading/future#v7_relativesplatpath. @ http://localhost:5173/node_modules/.vite/deps/react-router-dom.js?v=c76998c8:4414
[  347825ms] [INFO] %cDownload the React DevTools for a better development experience: https://reactjs.org/link/react-devtools font-weight:bold @ http://localhost:5173/node_modules/.vite/deps/chunk-XPR23Y44.js?v=b7d368d5:21548
[  347852ms] [WARNING] ⚠️ React Router Future Flag Warning: React Router will begin wrapping state updates in `React.startTransition` in v7. You can use the `v7_startTransition` future flag to opt-in early. For more information, see https://reactrouter.com/v6/upgrading/future#v7_starttransition. @ http://localhost:5173/node_modules/.vite/deps/react-router-dom.js?v=c76998c8:4414
[  347853ms] [WARNING] ⚠️ React Router Future Flag Warning: Relative route resolution within Splat routes is changing in v7. You can use the `v7_relativeSplatPath` future flag to opt-in early. For more information, see https://reactrouter.com/v6/upgrading/future#v7_relativesplatpath. @ http://localhost:5173/node_modules/.vite/deps/react-router-dom.js?v=c76998c8:4414
[  348712ms] [INFO] %cDownload the React DevTools for a better development experience: https://reactjs.org/link/react-devtools font-weight:bold @ http://localhost:5173/node_modules/.vite/deps/chunk-XPR23Y44.js?v=b7d368d5:21548
[  348739ms] [WARNING] ⚠️ React Router Future Flag Warning: React Router will begin wrapping state updates in `React.startTransition` in v7. You can use the `v7_startTransition` future flag to opt-in early. For more information, see https://reactrouter.com/v6/upgrading/future#v7_starttransition. @ http://localhost:5173/node_modules/.vite/deps/react-router-dom.js?v=c76998c8:4414
[  348739ms] [WARNING] ⚠️ React Router Future Flag Warning: Relative route resolution within Splat routes is changing in v7. You can use the `v7_relativeSplatPath` future flag to opt-in early. For more information, see https://reactrouter.com/v6/upgrading/future#v7_relativesplatpath. @ http://localhost:5173/node_modules/.vite/deps/react-router-dom.js?v=c76998c8:4414
[  349610ms] [INFO] %cDownload the React DevTools for a better development experience: https://reactjs.org/link/react-devtools font-weight:bold @ http://localhost:5173/node_modules/.vite/deps/chunk-XPR23Y44.js?v=b7d368d5:21548
[  349635ms] [WARNING] ⚠️ React Router Future Flag Warning: React Router will begin wrapping state updates in `React.startTransition` in v7. You can use the `v7_startTransition` future flag to opt-in early. For more information, see https://reactrouter.com/v6/upgrading/future#v7_starttransition. @ http://localhost:5173/node_modules/.vite/deps/react-router-dom.js?v=c76998c8:4414
[  349635ms] [WARNING] ⚠️ React Router Future Flag Warning: Relative route resolution within Splat routes is changing in v7. You can use the `v7_relativeSplatPath` future flag to opt-in early. For more information, see https://reactrouter.com/v6/upgrading/future#v7_relativesplatpath. @ http://localhost:5173/node_modules/.vite/deps/react-router-dom.js?v=c76998c8:4414
[  350505ms] [INFO] %cDownload the React DevTools for a better development experience: https://reactjs.org/link/react-devtools font-weight:bold @ http://localhost:5173/node_modules/.vite/deps/chunk-XPR23Y44.js?v=b7d368d5:21548
[  350532ms] [WARNING] ⚠️ React Router Future Flag Warning: React Router will begin wrapping state updates in `React.startTransition` in v7. You can use the `v7_startTransition` future flag to opt-in early. For more information, see https://reactrouter.com/v6/upgrading/future#v7_starttransition. @ http://localhost:5173/node_modules/.vite/deps/react-router-dom.js?v=c76998c8:4414
[  350532ms] [WARNING] ⚠️ React Router Future Flag Warning: Relative route resolution within Splat routes is changing in v7. You can use the `v7_relativeSplatPath` future flag to opt-in early. For more information, see https://reactrouter.com/v6/upgrading/future#v7_relativesplatpath. @ http://localhost:5173/node_modules/.vite/deps/react-router-dom.js?v=c76998c8:4414
[  351395ms] [INFO] %cDownload the React DevTools for a better development experience: https://reactjs.org/link/react-devtools font-weight:bold @ http://localhost:5173/node_modules/.vite/deps/chunk-XPR23Y44.js?v=b7d368d5:21548
[  351423ms] [WARNING] ⚠️ React Router Future Flag Warning: React Router will begin wrapping state updates in `React.startTransition` in v7. You can use the `v7_startTransition` future flag to opt-in early. For more information, see https://reactrouter.com/v6/upgrading/future#v7_starttransition. @ http://localhost:5173/node_modules/.vite/deps/react-router-dom.js?v=c76998c8:4414
[  351423ms] [WARNING] ⚠️ React Router Future Flag Warning: Relative route resolution within Splat routes is changing in v7. You can use the `v7_relativeSplatPath` future flag to opt-in early. For more information, see https://reactrouter.com/v6/upgrading/future#v7_relativesplatpath. @ http://localhost:5173/node_modules/.vite/deps/react-router-dom.js?v=c76998c8:4414
[  352330ms] [INFO] %cDownload the React DevTools for a better development experience: https://reactjs.org/link/react-devtools font-weight:bold @ http://localhost:5173/node_modules/.vite/deps/chunk-XPR23Y44.js?v=b7d368d5:21548
[  352359ms] [WARNING] ⚠️ React Router Future Flag Warning: React Router will begin wrapping state updates in `React.startTransition` in v7. You can use the `v7_startTransition` future flag to opt-in early. For more information, see https://reactrouter.com/v6/upgrading/future#v7_starttransition. @ http://localhost:5173/node_modules/.vite/deps/react-router-dom.js?v=c76998c8:4414
[  352359ms] [WARNING] ⚠️ React Router Future Flag Warning: Relative route resolution within Splat routes is changing in v7. You can use the `v7_relativeSplatPath` future flag to opt-in early. For more information, see https://reactrouter.com/v6/upgrading/future#v7_relativesplatpath. @ http://localhost:5173/node_modules/.vite/deps/react-router-dom.js?v=c76998c8:4414
[  353310ms] [INFO] %cDownload the React DevTools for a better development experience: https://reactjs.org/link/react-devtools font-weight:bold @ http://localhost:5173/node_modules/.vite/deps/chunk-XPR23Y44.js?v=b7d368d5:21548
[  353337ms] [WARNING] ⚠️ React Router Future Flag Warning: React Router will begin wrapping state updates in `React.startTransition` in v7. You can use the `v7_startTransition` future flag to opt-in early. For more information, see https://reactrouter.com/v6/upgrading/future#v7_starttransition. @ http://localhost:5173/node_modules/.vite/deps/react-router-dom.js?v=c76998c8:4414
[  353337ms] [WARNING] ⚠️ React Router Future Flag Warning: Relative route resolution within Splat routes is changing in v7. You can use the `v7_relativeSplatPath` future flag to opt-in early. For more information, see https://reactrouter.com/v6/upgrading/future#v7_relativesplatpath. @ http://localhost:5173/node_modules/.vite/deps/react-router-dom.js?v=c76998c8:4414
[  354239ms] [INFO] %cDownload the React DevTools for a better development experience: https://reactjs.org/link/react-devtools font-weight:bold @ http://localhost:5173/node_modules/.vite/deps/chunk-XPR23Y44.js?v=b7d368d5:21548
[  354262ms] [WARNING] ⚠️ React Router Future Flag Warning: React Router will begin wrapping state updates in `React.startTransition` in v7. You can use the `v7_startTransition` future flag to opt-in early. For more information, see https://reactrouter.com/v6/upgrading/future#v7_starttransition. @ http://localhost:5173/node_modules/.vite/deps/react-router-dom.js?v=c76998c8:4414
[  354263ms] [WARNING] ⚠️ React Router Future Flag Warning: Relative route resolution within Splat routes is changing in v7. You can use the `v7_relativeSplatPath` future flag to opt-in early. For more information, see https://reactrouter.com/v6/upgrading/future#v7_relativesplatpath. @ http://localhost:5173/node_modules/.vite/deps/react-router-dom.js?v=c76998c8:4414
[  355169ms] [INFO] %cDownload the React DevTools for a better development experience: https://reactjs.org/link/react-devtools font-weight:bold @ http://localhost:5173/node_modules/.vite/deps/chunk-XPR23Y44.js?v=b7d368d5:21548
[  355191ms] [WARNING] ⚠️ React Router Future Flag Warning: React Router will begin wrapping state updates in `React.startTransition` in v7. You can use the `v7_startTransition` future flag to opt-in early. For more information, see https://reactrouter.com/v6/upgrading/future#v7_starttransition. @ http://localhost:5173/node_modules/.vite/deps/react-router-dom.js?v=c76998c8:4414
[  355191ms] [WARNING] ⚠️ React Router Future Flag Warning: Relative route resolution within Splat routes is changing in v7. You can use the `v7_relativeSplatPath` future flag to opt-in early. For more information, see https://reactrouter.com/v6/upgrading/future#v7_relativesplatpath. @ http://localhost:5173/node_modules/.vite/deps/react-router-dom.js?v=c76998c8:4414
[  356101ms] [INFO] %cDownload the React DevTools for a better development experience: https://reactjs.org/link/react-devtools font-weight:bold @ http://localhost:5173/node_modules/.vite/deps/chunk-XPR23Y44.js?v=b7d368d5:21548
[  356124ms] [WARNING] ⚠️ React Router Future Flag Warning: React Router will begin wrapping state updates in `React.startTransition` in v7. You can use the `v7_startTransition` future flag to opt-in early. For more information, see https://reactrouter.com/v6/upgrading/future#v7_starttransition. @ http://localhost:5173/node_modules/.vite/deps/react-router-dom.js?v=c76998c8:4414
[  356124ms] [WARNING] ⚠️ React Router Future Flag Warning: Relative route resolution within Splat routes is changing in v7. You can use the `v7_relativeSplatPath` future flag to opt-in early. For more information, see https://reactrouter.com/v6/upgrading/future#v7_relativesplatpath. @ http://localhost:5173/node_modules/.vite/deps/react-router-dom.js?v=c76998c8:4414
[  356980ms] [INFO] %cDownload the React DevTools for a better development experience: https://reactjs.org/link/react-devtools font-weight:bold @ http://localhost:5173/node_modules/.vite/deps/chunk-XPR23Y44.js?v=b7d368d5:21548
[  357003ms] [WARNING] ⚠️ React Router Future Flag Warning: React Router will begin wrapping state updates in `React.startTransition` in v7. You can use the `v7_startTransition` future flag to opt-in early. For more information, see https://reactrouter.com/v6/upgrading/future#v7_starttransition. @ http://localhost:5173/node_modules/.vite/deps/react-router-dom.js?v=c76998c8:4414
[  357003ms] [WARNING] ⚠️ React Router Future Flag Warning: Relative route resolution within Splat routes is changing in v7. You can use the `v7_relativeSplatPath` future flag to opt-in early. For more information, see https://reactrouter.com/v6/upgrading/future#v7_relativesplatpath. @ http://localhost:5173/node_modules/.vite/deps/react-router-dom.js?v=c76998c8:4414
[  357865ms] [INFO] %cDownload the React DevTools for a better development experience: https://reactjs.org/link/react-devtools font-weight:bold @ http://localhost:5173/node_modules/.vite/deps/chunk-XPR23Y44.js?v=b7d368d5:21548
[  357890ms] [WARNING] ⚠️ React Router Future Flag Warning: React Router will begin wrapping state updates in `React.startTransition` in v7. You can use the `v7_startTransition` future flag to opt-in early. For more information, see https://reactrouter.com/v6/upgrading/future#v7_starttransition. @ http://localhost:5173/node_modules/.vite/deps/react-router-dom.js?v=c76998c8:4414
[  357890ms] [WARNING] ⚠️ React Router Future Flag Warning: Relative route resolution within Splat routes is changing in v7. You can use the `v7_relativeSplatPath` future flag to opt-in early. For more information, see https://reactrouter.com/v6/upgrading/future#v7_relativesplatpath. @ http://localhost:5173/node_modules/.vite/deps/react-router-dom.js?v=c76998c8:4414
[  358745ms] [INFO] %cDownload the React DevTools for a better development experience: https://reactjs.org/link/react-devtools font-weight:bold @ http://localhost:5173/node_modules/.vite/deps/chunk-XPR23Y44.js?v=b7d368d5:21548
[  358768ms] [WARNING] ⚠️ React Router Future Flag Warning: React Router will begin wrapping state updates in `React.startTransition` in v7. You can use the `v7_startTransition` future flag to opt-in early. For more information, see https://reactrouter.com/v6/upgrading/future#v7_starttransition. @ http://localhost:5173/node_modules/.vite/deps/react-router-dom.js?v=c76998c8:4414
[  358768ms] [WARNING] ⚠️ React Router Future Flag Warning: Relative route resolution within Splat routes is changing in v7. You can use the `v7_relativeSplatPath` future flag to opt-in early. For more information, see https://reactrouter.com/v6/upgrading/future#v7_relativesplatpath. @ http://localhost:5173/node_modules/.vite/deps/react-router-dom.js?v=c76998c8:4414
[  359640ms] [INFO] %cDownload the React DevTools for a better development experience: https://reactjs.org/link/react-devtools font-weight:bold @ http://localhost:5173/node_modules/.vite/deps/chunk-XPR23Y44.js?v=b7d368d5:21548
[  359661ms] [WARNING] ⚠️ React Router Future Flag Warning: React Router will begin wrapping state updates in `React.startTransition` in v7. You can use the `v7_startTransition` future flag to opt-in early. For more information, see https://reactrouter.com/v6/upgrading/future#v7_starttransition. @ http://localhost:5173/node_modules/.vite/deps/react-router-dom.js?v=c76998c8:4414
[  359661ms] [WARNING] ⚠️ React Router Future Flag Warning: Relative route resolution within Splat routes is changing in v7. You can use the `v7_relativeSplatPath` future flag to opt-in early. For more information, see https://reactrouter.com/v6/upgrading/future#v7_relativesplatpath. @ http://localhost:5173/node_modules/.vite/deps/react-router-dom.js?v=c76998c8:4414
[  360553ms] [INFO] %cDownload the React DevTools for a better development experience: https://reactjs.org/link/react-devtools font-weight:bold @ http://localhost:5173/node_modules/.vite/deps/chunk-XPR23Y44.js?v=b7d368d5:21548
[  360574ms] [WARNING] ⚠️ React Router Future Flag Warning: React Router will begin wrapping state updates in `React.startTransition` in v7. You can use the `v7_startTransition` future flag to opt-in early. For more information, see https://reactrouter.com/v6/upgrading/future#v7_starttransition. @ http://localhost:5173/node_modules/.vite/deps/react-router-dom.js?v=c76998c8:4414
[  360574ms] [WARNING] ⚠️ React Router Future Flag Warning: Relative route resolution within Splat routes is changing in v7. You can use the `v7_relativeSplatPath` future flag to opt-in early. For more information, see https://reactrouter.com/v6/upgrading/future#v7_relativesplatpath. @ http://localhost:5173/node_modules/.vite/deps/react-router-dom.js?v=c76998c8:4414
[  361464ms] [INFO] %cDownload the React DevTools for a better development experience: https://reactjs.org/link/react-devtools font-weight:bold @ http://localhost:5173/node_modules/.vite/deps/chunk-XPR23Y44.js?v=b7d368d5:21548
[  361485ms] [WARNING] ⚠️ React Router Future Flag Warning: React Router will begin wrapping state updates in `React.startTransition` in v7. You can use the `v7_startTransition` future flag to opt-in early. For more information, see https://reactrouter.com/v6/upgrading/future#v7_starttransition. @ http://localhost:5173/node_modules/.vite/deps/react-router-dom.js?v=c76998c8:4414
[  361485ms] [WARNING] ⚠️ React Router Future Flag Warning: Relative route resolution within Splat routes is changing in v7. You can use the `v7_relativeSplatPath` future flag to opt-in early. For more information, see https://reactrouter.com/v6/upgrading/future#v7_relativesplatpath. @ http://localhost:5173/node_modules/.vite/deps/react-router-dom.js?v=c76998c8:4414
[  362386ms] [INFO] %cDownload the React DevTools for a better development experience: https://reactjs.org/link/react-devtools font-weight:bold @ http://localhost:5173/node_modules/.vite/deps/chunk-XPR23Y44.js?v=b7d368d5:21548
[  362407ms] [WARNING] ⚠️ React Router Future Flag Warning: React Router will begin wrapping state updates in `React.startTransition` in v7. You can use the `v7_startTransition` future flag to opt-in early. For more information, see https://reactrouter.com/v6/upgrading/future#v7_starttransition. @ http://localhost:5173/node_modules/.vite/deps/react-router-dom.js?v=c76998c8:4414
[  362407ms] [WARNING] ⚠️ React Router Future Flag Warning: Relative route resolution within Splat routes is changing in v7. You can use the `v7_relativeSplatPath` future flag to opt-in early. For more information, see https://reactrouter.com/v6/upgrading/future#v7_relativesplatpath. @ http://localhost:5173/node_modules/.vite/deps/react-router-dom.js?v=c76998c8:4414
[  363316ms] [INFO] %cDownload the React DevTools for a better development experience: https://reactjs.org/link/react-devtools font-weight:bold @ http://localhost:5173/node_modules/.vite/deps/chunk-XPR23Y44.js?v=b7d368d5:21548
[  363337ms] [WARNING] ⚠️ React Router Future Flag Warning: React Router will begin wrapping state updates in `React.startTransition` in v7. You can use the `v7_startTransition` future flag to opt-in early. For more information, see https://reactrouter.com/v6/upgrading/future#v7_starttransition. @ http://localhost:5173/node_modules/.vite/deps/react-router-dom.js?v=c76998c8:4414
[  363337ms] [WARNING] ⚠️ React Router Future Flag Warning: Relative route resolution within Splat routes is changing in v7. You can use the `v7_relativeSplatPath` future flag to opt-in early. For more information, see https://reactrouter.com/v6/upgrading/future#v7_relativesplatpath. @ http://localhost:5173/node_modules/.vite/deps/react-router-dom.js?v=c76998c8:4414
[  364189ms] [INFO] %cDownload the React DevTools for a better development experience: https://reactjs.org/link/react-devtools font-weight:bold @ http://localhost:5173/node_modules/.vite/deps/chunk-XPR23Y44.js?v=b7d368d5:21548
[  364219ms] [WARNING] ⚠️ React Router Future Flag Warning: React Router will begin wrapping state updates in `React.startTransition` in v7. You can use the `v7_startTransition` future flag to opt-in early. For more information, see https://reactrouter.com/v6/upgrading/future#v7_starttransition. @ http://localhost:5173/node_modules/.vite/deps/react-router-dom.js?v=c76998c8:4414
[  364219ms] [WARNING] ⚠️ React Router Future Flag Warning: Relative route resolution within Splat routes is changing in v7. You can use the `v7_relativeSplatPath` future flag to opt-in early. For more information, see https://reactrouter.com/v6/upgrading/future#v7_relativesplatpath. @ http://localhost:5173/node_modules/.vite/deps/react-router-dom.js?v=c76998c8:4414
[  365082ms] [INFO] %cDownload the React DevTools for a better development experience: https://reactjs.org/link/react-devtools font-weight:bold @ http://localhost:5173/node_modules/.vite/deps/chunk-XPR23Y44.js?v=b7d368d5:21548
[  365113ms] [WARNING] ⚠️ React Router Future Flag Warning: React Router will begin wrapping state updates in `React.startTransition` in v7. You can use the `v7_startTransition` future flag to opt-in early. For more information, see https://reactrouter.com/v6/upgrading/future#v7_starttransition. @ http://localhost:5173/node_modules/.vite/deps/react-router-dom.js?v=c76998c8:4414
[  365114ms] [WARNING] ⚠️ React Router Future Flag Warning: Relative route resolution within Splat routes is changing in v7. You can use the `v7_relativeSplatPath` future flag to opt-in early. For more information, see https://reactrouter.com/v6/upgrading/future#v7_relativesplatpath. @ http://localhost:5173/node_modules/.vite/deps/react-router-dom.js?v=c76998c8:4414
[  366005ms] [INFO] %cDownload the React DevTools for a better development experience: https://reactjs.org/link/react-devtools font-weight:bold @ http://localhost:5173/node_modules/.vite/deps/chunk-XPR23Y44.js?v=b7d368d5:21548
[  366029ms] [WARNING] ⚠️ React Router Future Flag Warning: React Router will begin wrapping state updates in `React.startTransition` in v7. You can use the `v7_startTransition` future flag to opt-in early. For more information, see https://reactrouter.com/v6/upgrading/future#v7_starttransition. @ http://localhost:5173/node_modules/.vite/deps/react-router-dom.js?v=c76998c8:4414
[  366029ms] [WARNING] ⚠️ React Router Future Flag Warning: Relative route resolution within Splat routes is changing in v7. You can use the `v7_relativeSplatPath` future flag to opt-in early. For more information, see https://reactrouter.com/v6/upgrading/future#v7_relativesplatpath. @ http://localhost:5173/node_modules/.vite/deps/react-router-dom.js?v=c76998c8:4414
[  366923ms] [INFO] %cDownload the React DevTools for a better development experience: https://reactjs.org/link/react-devtools font-weight:bold @ http://localhost:5173/node_modules/.vite/deps/chunk-XPR23Y44.js?v=b7d368d5:21548
[  366947ms] [WARNING] ⚠️ React Router Future Flag Warning: React Router will begin wrapping state updates in `React.startTransition` in v7. You can use the `v7_startTransition` future flag to opt-in early. For more information, see https://reactrouter.com/v6/upgrading/future#v7_starttransition. @ http://localhost:5173/node_modules/.vite/deps/react-router-dom.js?v=c76998c8:4414
[  366947ms] [WARNING] ⚠️ React Router Future Flag Warning: Relative route resolution within Splat routes is changing in v7. You can use the `v7_relativeSplatPath` future flag to opt-in early. For more information, see https://reactrouter.com/v6/upgrading/future#v7_relativesplatpath. @ http://localhost:5173/node_modules/.vite/deps/react-router-dom.js?v=c76998c8:4414
[  367837ms] [INFO] %cDownload the React DevTools for a better development experience: https://reactjs.org/link/react-devtools font-weight:bold @ http://localhost:5173/node_modules/.vite/deps/chunk-XPR23Y44.js?v=b7d368d5:21548
[  367861ms] [WARNING] ⚠️ React Router Future Flag Warning: React Router will begin wrapping state updates in `React.startTransition` in v7. You can use the `v7_startTransition` future flag to opt-in early. For more information, see https://reactrouter.com/v6/upgrading/future#v7_starttransition. @ http://localhost:5173/node_modules/.vite/deps/react-router-dom.js?v=c76998c8:4414
[  367862ms] [WARNING] ⚠️ React Router Future Flag Warning: Relative route resolution within Splat routes is changing in v7. You can use the `v7_relativeSplatPath` future flag to opt-in early. For more information, see https://reactrouter.com/v6/upgrading/future#v7_relativesplatpath. @ http://localhost:5173/node_modules/.vite/deps/react-router-dom.js?v=c76998c8:4414
[  368788ms] [INFO] %cDownload the React DevTools for a better development experience: https://reactjs.org/link/react-devtools font-weight:bold @ http://localhost:5173/node_modules/.vite/deps/chunk-XPR23Y44.js?v=b7d368d5:21548
[  368828ms] [WARNING] ⚠️ React Router Future Flag Warning: React Router will begin wrapping state updates in `React.startTransition` in v7. You can use the `v7_startTransition` future flag to opt-in early. For more information, see https://reactrouter.com/v6/upgrading/future#v7_starttransition. @ http://localhost:5173/node_modules/.vite/deps/react-router-dom.js?v=c76998c8:4414
[  368829ms] [WARNING] ⚠️ React Router Future Flag Warning: Relative route resolution within Splat routes is changing in v7. You can use the `v7_relativeSplatPath` future flag to opt-in early. For more information, see https://reactrouter.com/v6/upgrading/future#v7_relativesplatpath. @ http://localhost:5173/node_modules/.vite/deps/react-router-dom.js?v=c76998c8:4414
[  369776ms] [INFO] %cDownload the React DevTools for a better development experience: https://reactjs.org/link/react-devtools font-weight:bold @ http://localhost:5173/node_modules/.vite/deps/chunk-XPR23Y44.js?v=b7d368d5:21548
[  369799ms] [WARNING] ⚠️ React Router Future Flag Warning: React Router will begin wrapping state updates in `React.startTransition` in v7. You can use the `v7_startTransition` future flag to opt-in early. For more information, see https://reactrouter.com/v6/upgrading/future#v7_starttransition. @ http://localhost:5173/node_modules/.vite/deps/react-router-dom.js?v=c76998c8:4414
[  369799ms] [WARNING] ⚠️ React Router Future Flag Warning: Relative route resolution within Splat routes is changing in v7. You can use the `v7_relativeSplatPath` future flag to opt-in early. For more information, see https://reactrouter.com/v6/upgrading/future#v7_relativesplatpath. @ http://localhost:5173/node_modules/.vite/deps/react-router-dom.js?v=c76998c8:4414
[  370710ms] [INFO] %cDownload the React DevTools for a better development experience: https://reactjs.org/link/react-devtools font-weight:bold @ http://localhost:5173/node_modules/.vite/deps/chunk-XPR23Y44.js?v=b7d368d5:21548
[  370732ms] [WARNING] ⚠️ React Router Future Flag Warning: React Router will begin wrapping state updates in `React.startTransition` in v7. You can use the `v7_startTransition` future flag to opt-in early. For more information, see https://reactrouter.com/v6/upgrading/future#v7_starttransition. @ http://localhost:5173/node_modules/.vite/deps/react-router-dom.js?v=c76998c8:4414
[  370732ms] [WARNING] ⚠️ React Router Future Flag Warning: Relative route resolution within Splat routes is changing in v7. You can use the `v7_relativeSplatPath` future flag to opt-in early. For more information, see https://reactrouter.com/v6/upgrading/future#v7_relativesplatpath. @ http://localhost:5173/node_modules/.vite/deps/react-router-dom.js?v=c76998c8:4414
[  371637ms] [INFO] %cDownload the React DevTools for a better development experience: https://reactjs.org/link/react-devtools font-weight:bold @ http://localhost:5173/node_modules/.vite/deps/chunk-XPR23Y44.js?v=b7d368d5:21548
[  371661ms] [WARNING] ⚠️ React Router Future Flag Warning: React Router will begin wrapping state updates in `React.startTransition` in v7. You can use the `v7_startTransition` future flag to opt-in early. For more information, see https://reactrouter.com/v6/upgrading/future#v7_starttransition. @ http://localhost:5173/node_modules/.vite/deps/react-router-dom.js?v=c76998c8:4414
[  371661ms] [WARNING] ⚠️ React Router Future Flag Warning: Relative route resolution within Splat routes is changing in v7. You can use the `v7_relativeSplatPath` future flag to opt-in early. For more information, see https://reactrouter.com/v6/upgrading/future#v7_relativesplatpath. @ http://localhost:5173/node_modules/.vite/deps/react-router-dom.js?v=c76998c8:4414
[  372507ms] [INFO] %cDownload the React DevTools for a better development experience: https://reactjs.org/link/react-devtools font-weight:bold @ http://localhost:5173/node_modules/.vite/deps/chunk-XPR23Y44.js?v=b7d368d5:21548
[  372532ms] [WARNING] ⚠️ React Router Future Flag Warning: React Router will begin wrapping state updates in `React.startTransition` in v7. You can use the `v7_startTransition` future flag to opt-in early. For more information, see https://reactrouter.com/v6/upgrading/future#v7_starttransition. @ http://localhost:5173/node_modules/.vite/deps/react-router-dom.js?v=c76998c8:4414
[  372533ms] [WARNING] ⚠️ React Router Future Flag Warning: Relative route resolution within Splat routes is changing in v7. You can use the `v7_relativeSplatPath` future flag to opt-in early. For more information, see https://reactrouter.com/v6/upgrading/future#v7_relativesplatpath. @ http://localhost:5173/node_modules/.vite/deps/react-router-dom.js?v=c76998c8:4414
[  373395ms] [INFO] %cDownload the React DevTools for a better development experience: https://reactjs.org/link/react-devtools font-weight:bold @ http://localhost:5173/node_modules/.vite/deps/chunk-XPR23Y44.js?v=b7d368d5:21548
[  373424ms] [WARNING] ⚠️ React Router Future Flag Warning: React Router will begin wrapping state updates in `React.startTransition` in v7. You can use the `v7_startTransition` future flag to opt-in early. For more information, see https://reactrouter.com/v6/upgrading/future#v7_starttransition. @ http://localhost:5173/node_modules/.vite/deps/react-router-dom.js?v=c76998c8:4414
[  373424ms] [WARNING] ⚠️ React Router Future Flag Warning: Relative route resolution within Splat routes is changing in v7. You can use the `v7_relativeSplatPath` future flag to opt-in early. For more information, see https://reactrouter.com/v6/upgrading/future#v7_relativesplatpath. @ http://localhost:5173/node_modules/.vite/deps/react-router-dom.js?v=c76998c8:4414
[  374284ms] [INFO] %cDownload the React DevTools for a better development experience: https://reactjs.org/link/react-devtools font-weight:bold @ http://localhost:5173/node_modules/.vite/deps/chunk-XPR23Y44.js?v=b7d368d5:21548
[  374308ms] [WARNING] ⚠️ React Router Future Flag Warning: React Router will begin wrapping state updates in `React.startTransition` in v7. You can use the `v7_startTransition` future flag to opt-in early. For more information, see https://reactrouter.com/v6/upgrading/future#v7_starttransition. @ http://localhost:5173/node_modules/.vite/deps/react-router-dom.js?v=c76998c8:4414
[  374309ms] [WARNING] ⚠️ React Router Future Flag Warning: Relative route resolution within Splat routes is changing in v7. You can use the `v7_relativeSplatPath` future flag to opt-in early. For more information, see https://reactrouter.com/v6/upgrading/future#v7_relativesplatpath. @ http://localhost:5173/node_modules/.vite/deps/react-router-dom.js?v=c76998c8:4414
[ 3632252ms] [LOG] [vite] server connection lost. Polling for restart... @ http://localhost:5173/@vite/client:559
[ 3632287ms] [ERROR] Failed to load resource: net::ERR_NETWORK_IO_SUSPENDED @ http://localhost:5173/:0
[31263160ms] [INFO] %cDownload the React DevTools for a better development experience: https://reactjs.org/link/react-devtools font-weight:bold @ http://localhost:5173/node_modules/.vite/deps/chunk-XPR23Y44.js?v=b7d368d5:21548
[31264683ms] [WARNING] ⚠️ React Router Future Flag Warning: React Router will begin wrapping state updates in `React.startTransition` in v7. You can use the `v7_startTransition` future flag to opt-in early. For more information, see https://reactrouter.com/v6/upgrading/future#v7_starttransition. @ http://localhost:5173/node_modules/.vite/deps/react-router-dom.js?v=c76998c8:4414
[31264683ms] [WARNING] ⚠️ React Router Future Flag Warning: Relative route resolution within Splat routes is changing in v7. You can use the `v7_relativeSplatPath` future flag to opt-in early. For more information, see https://reactrouter.com/v6/upgrading/future#v7_relativesplatpath. @ http://localhost:5173/node_modules/.vite/deps/react-router-dom.js?v=c76998c8:4414
[31265393ms] [ERROR] Failed to load resource: the server responded with a status of 500 (Internal Server Error) @ http://localhost:5173/api/categories:0
[31265400ms] [ERROR] Failed to load resource: the server responded with a status of 500 (Internal Server Error) @ http://localhost:5173/api/settings:0
[31265401ms] [ERROR] Failed to load resource: the server responded with a status of 500 (Internal Server Error) @ http://localhost:5173/api/categories:0
[31265401ms] [ERROR] Failed to load resource: the server responded with a status of 500 (Internal Server Error) @ http://localhost:5173/api/settings:0
[41296124ms] [INFO] %cDownload the React DevTools for a better development experience: https://reactjs.org/link/react-devtools font-weight:bold @ http://localhost:5173/node_modules/.vite/deps/chunk-XPR23Y44.js?v=b7d368d5:21548
[41296162ms] [WARNING] ⚠️ React Router Future Flag Warning: React Router will begin wrapping state updates in `React.startTransition` in v7. You can use the `v7_startTransition` future flag to opt-in early. For more information, see https://reactrouter.com/v6/upgrading/future#v7_starttransition. @ http://localhost:5173/node_modules/.vite/deps/react-router-dom.js?v=c76998c8:4414
[41296162ms] [WARNING] ⚠️ React Router Future Flag Warning: Relative route resolution within Splat routes is changing in v7. You can use the `v7_relativeSplatPath` future flag to opt-in early. For more information, see https://reactrouter.com/v6/upgrading/future#v7_relativesplatpath. @ http://localhost:5173/node_modules/.vite/deps/react-router-dom.js?v=c76998c8:4414
[41296173ms] [ERROR] Failed to load resource: the server responded with a status of 500 (Internal Server Error) @ http://localhost:5173/api/settings:0
[41296173ms] [ERROR] Failed to load resource: the server responded with a status of 500 (Internal Server Error) @ http://localhost:5173/api/categories:0
[41296176ms] [ERROR] Failed to load resource: the server responded with a status of 500 (Internal Server Error) @ http://localhost:5173/api/settings:0
[41296177ms] [ERROR] Failed to load resource: the server responded with a status of 500 (Internal Server Error) @ http://localhost:5173/api/categories:0
